id,year,state_name,state_code,district_name,district_code,registration_circles,murder_with_rape_gang_rape,dowry_deaths,abetment_to_suicide_of_women,miscarriage,acid_attack,attempt_to_acid_attack,cruelty_by_husband_or_his_relatives,kidnapping_and_abduction,kidnapping_abduction_in_order_to_murder,kidnapping_for_ransom,kidnp_and_abductn_of_women_above_18_for_marrg,kidnp_and_abductn_of_girls_below_18_for_marrg,procuration_of_minor_girls,importation_of_girls_from_foreign,kidnapping_and_abduction_of_women_others,human_trafficking,selling_of_minor_girls,buying_of_minor_girls,rape_women_above_18,rape_girls_below_18,attempt_to_commit_rape_above_18,attempt_to_commit_rape_girls_below_18,assault_on_womenabove_18,assault_on_women_below_18,insult_to_the_modesty_of_women_above_18,insult_to_the_modesty_of_women_below_18,dowry_prohibition,procuring_inducing_children_for_the_sake_of_prostitution,detaining_a_prsn_in_premises_where_prost_is_carried,prostitution_in_or_in_the_vicinity_of_public_places,seducing_or_soliciting_for_purpose_of_prostitution,other_sections_under_itp_act,protection_of_women_from_domestic_violence,publshng_or_transmitting_of_sexually_explicit_mtrl,other_women_centric_cyber_crimes,child_rape,sexual_assault_of_children,child_sexual_harassment,use_of_child_for_pornography,offences_of_pocso_act,pocso_act_unnatural_offences,indecent_representation_of_women
0,2017,Andhra Pradesh,28,Ananthapuramu,502,Anantapur,0,14,55,0,0,0,471,11,0,4,7,25,16,0,3,2,0,0,20,23,10,1,408,9,7,1,0,10,0,0,0,0,0,0,0,0,3,0,0,0,0,0
1,2017,Andhra Pradesh,28,Chittoor,503,Chittoor,0,8,24,1,0,0,212,5,0,0,1,2,2,0,0,0,0,0,6,18,4,5,163,5,12,0,28,0,0,0,0,0,0,0,0,6,2,1,0,0,0,0
2,2017,Andhra Pradesh,28,Y.S.R.,504,Cuddapah,0,15,134,0,0,0,481,1,0,0,1,6,15,0,0,2,0,0,23,18,4,2,490,5,59,1,7,0,4,0,0,0,0,1,0,15,2,3,0,0,1,0
3,2017,Andhra Pradesh,28,East Godavari,505,East Godavari,0,10,18,0,1,0,601,10,0,0,4,0,6,0,1,0,0,0,19,89,9,3,465,42,124,3,2,0,0,0,0,0,0,0,0,0,1,1,0,0,0,1
4,2017,Andhra Pradesh,28,Ananthapuramu,502,Guntakal Railway,0,3,1,0,0,,1,0,0,0,0,0,0,0,0,0,0,0,0,0,0,0,3,0,4,0,0,0,0,0,0,0,0,0,0,0,2,0,0,0,0,0
5,2017,Andhra Pradesh,28,Guntur,506,Guntur,0,14,49,0,0,,558,7,0,0,2,5,69,0,3,0,0,0,32,58,17,10,301,27,380,7,0,0,0,0,0,5,0,0,0,0,0,0,0,0,0,0
6,2017,Andhra Pradesh,28,Guntur,506,Guntur Urban,0,1,35,0,0,,335,2,0,0,3,71,0,0,0,0,0,0,14,24,5,3,133,25,179,5,1,0,0,0,0,45,0,0,2,0,1,4,0,0,0,1
7,2017,Andhra Pradesh,28,Krishna,510,Krishna,0,14,33,0,0,,620,49,0,0,6,10,0,0,21,0,0,0,35,46,11,7,405,36,215,6,0,0,0,0,0,4,0,0,0,0,0,0,0,0,0,0
8,2017,Andhra Pradesh,28,Kurnool,511,Kurnool,3,18,68,1,0,,313,3,0,0,2,15,17,0,3,0,0,0,17,17,6,0,336,3,409,1,395,4,0,1,0,0,0,0,0,15,6,5,0,0,0,0
9,2017,Andhra Pradesh,28,Sri Potti Sriramulu Nellore,515,Nellore,0,6,28,0,0,,469,14,0,0,1,8,1,0,2,0,0,0,15,43,13,2,296,0,88,2,0,0,0,0,0,13,0,0,0,0,10,2,0,1,0,0
10,2017,Andhra Pradesh,28,Prakasam,517,Prakasham,0,6,37,0,0,,598,15,0,0,10,15,5,0,5,10,0,0,35,56,13,0,368,5,4,0,1,0,0,0,0,0,0,0,0,56,20,20,0,0,0,0
11,2017,Andhra Pradesh,28,East Godavari,505,Rajahmundry,0,1,12,1,0,,163,0,0,0,0,3,1,0,0,2,0,0,15,11,2,2,92,6,26,5,0,4,0,0,0,5,0,0,0,0,0,0,0,0,0,0
12,2017,Andhra Pradesh,28,Srikakulam,519,Srikakulam,1,7,18,0,0,,224,0,0,0,0,10,0,0,0,1,0,0,10,27,0,0,88,9,7,0,0,1,0,0,0,0,0,0,1,2,0,1,0,0,0,0
13,2017,Andhra Pradesh,28,Tirupati,752,Tirupathi Urban,0,7,7,0,0,,86,0,0,0,1,3,0,0,14,0,0,0,2,15,2,2,81,2,55,0,0,0,0,0,0,1,0,0,0,15,3,0,0,0,0,0
14,2017,Andhra Pradesh,28,Ntr,749,Vijayawada City,0,10,14,0,0,,460,9,0,0,3,7,5,0,0,18,0,0,41,38,1,1,233,42,117,18,0,0,0,0,0,4,0,0,9,0,0,0,0,0,0,0
15,2017,Andhra Pradesh,28,Ntr,749,Vijayawada Railway,0,0,2,0,0,,1,1,0,0,0,0,0,0,0,0,0,0,0,0,0,0,6,1,2,0,0,0,0,0,0,0,0,0,0,0,0,0,0,0,0,0
16,2017,Andhra Pradesh,28,Visakhapatnam,520,Visakha Rural,0,1,6,0,0,,116,16,0,0,2,0,0,0,0,0,0,0,27,8,4,1,142,6,23,1,0,0,0,0,0,0,0,0,0,0,0,3,0,0,0,0
17,2017,Andhra Pradesh,28,Visakhapatnam,520,Visakhapatnam,0,7,16,0,0,,449,81,0,0,1,0,0,0,1,3,0,0,63,27,0,0,297,17,75,1,0,0,1,1,0,7,0,0,2,0,1,1,0,1,0,0
18,2017,Andhra Pradesh,28,Vizianagaram,521,Vizianagaram,1,3,7,0,0,,221,6,0,0,0,0,0,0,0,0,0,0,18,18,1,1,97,5,53,0,0,0,0,0,0,0,0,0,0,4,3,1,0,0,0,0
19,2017,Andhra Pradesh,28,West Godavari,523,West Godavari,1,7,33,0,1,,777,15,0,0,2,22,1,0,24,4,0,0,60,0,23,10,474,6,108,0,0,5,0,3,0,3,0,0,0,70,53,42,0,0,0,0
20,2017,Arunachal Pradesh,12,Anjaw,628,Anjaw,0,0,0,0,0,,0,0,0,0,0,0,0,0,1,0,0,0,0,0,0,0,2,0,0,0,0,0,0,0,0,0,0,0,0,0,0,0,0,0,0,0
21,2017,Arunachal Pradesh,12,Changlang,229,Changlang,0,0,0,0,0,,1,1,0,0,3,0,0,0,1,0,0,0,1,2,0,0,2,1,0,0,0,0,0,0,0,0,0,0,0,0,0,0,0,0,0,0
22,2017,Arunachal Pradesh,12,Papum Pare,237,Crime Branch,0,0,0,0,0,,0,0,0,0,0,0,0,0,0,0,0,0,0,0,0,0,0,0,0,0,0,0,0,0,0,0,0,0,0,0,0,0,0,0,0,0
23,2017,Arunachal Pradesh,12,Dibang Valley,230,Dibang Valley,0,0,0,0,0,,0,0,0,0,0,0,0,0,1,0,0,0,1,0,0,0,0,0,0,0,0,0,0,0,0,0,0,0,0,0,0,0,0,0,0,0
24,2017,Arunachal Pradesh,12,East Kameng,231,Kameng East,0,0,0,0,0,,1,0,0,0,0,0,0,0,1,0,0,0,3,1,0,0,6,0,0,0,0,0,0,0,0,0,0,0,0,0,0,0,0,0,0,0
25,2017,Arunachal Pradesh,12,West Kameng,242,Kameng West,0,0,0,0,0,,1,2,0,0,0,0,0,0,0,0,0,0,0,2,0,0,3,1,0,0,0,0,0,0,0,0,0,0,0,0,0,0,0,0,0,0
26,2017,Arunachal Pradesh,12,Kurung Kumey,233,Kurung Kumey,0,0,0,0,0,,1,0,0,0,0,0,0,0,0,0,0,0,0,0,0,0,2,1,0,0,0,0,0,0,0,0,0,0,0,0,0,0,0,0,0,0
27,2017,Arunachal Pradesh,12,Lohit,234,Lohit,0,0,0,0,0,0,3,1,0,0,2,0,0,0,5,0,0,0,2,0,0,0,3,0,0,0,0,0,0,0,0,0,0,0,0,0,0,0,0,0,0,0
28,2017,Arunachal Pradesh,12,Longding,666,Longding,0,0,0,0,0,0,0,0,0,0,0,0,0,0,0,0,0,0,2,5,0,0,2,0,0,0,0,0,0,0,0,0,0,0,0,0,0,0,0,0,0,0
29,2017,Arunachal Pradesh,12,Lower Dibang Valley,235,Lower Dibang Valley,0,0,0,0,0,0,0,0,0,0,0,0,0,0,0,0,0,0,0,0,0,0,2,0,0,0,0,0,0,0,0,0,0,0,0,0,0,0,0,0,0,0
30,2017,Arunachal Pradesh,12,Papum Pare,237,Papum Pare City,0,0,2,0,0,0,30,17,0,1,1,1,0,0,10,1,0,0,4,8,4,4,27,6,4,0,0,0,0,1,1,0,0,0,0,1,2,0,0,0,0,1
31,2017,Arunachal Pradesh,12,Papum Pare,237,Papum Pare Rural,0,0,0,0,0,0,0,0,0,0,0,0,0,0,0,0,0,0,1,2,0,0,0,0,0,0,0,0,0,0,0,0,0,0,0,2,0,0,0,0,0,0
32,2017,Arunachal Pradesh,12,Lower Subansiri,236,Subansiri Lower,0,0,0,0,0,0,2,0,0,0,0,0,0,0,2,0,0,0,0,0,0,0,2,0,0,0,0,0,0,0,0,0,0,0,0,0,0,0,0,0,0,0
33,2017,Arunachal Pradesh,12,Upper Subansiri,241,Subansiri Upper,0,0,1,0,0,0,5,1,0,0,1,0,0,0,0,0,0,0,2,0,2,0,9,0,0,0,0,0,0,0,0,0,0,0,0,2,1,0,0,0,0,0
34,2017,Arunachal Pradesh,12,Tawang,238,Tawang,0,0,0,0,0,0,0,0,0,0,0,0,0,0,0,0,0,0,0,1,0,0,0,0,0,0,0,0,0,0,0,0,0,0,0,0,0,0,0,0,0,0
35,2017,Arunachal Pradesh,12,Tirap,239,Tirap,0,0,0,0,0,0,0,0,0,0,0,0,0,0,0,0,0,0,0,0,1,0,3,0,0,0,0,0,0,0,0,0,0,0,0,0,0,0,0,0,0,0
36,2017,Arunachal Pradesh,12,Namsai,678,Namsai,0,0,0,0,0,0,0,0,0,0,0,0,1,0,1,0,0,0,2,0,1,0,7,0,0,0,0,0,0,0,0,0,0,0,0,5,1,0,0,0,0,0
37,2017,Arunachal Pradesh,12,Siang,679,Siang,0,0,0,0,0,0,0,0,0,0,0,0,0,0,0,0,0,0,2,1,0,0,0,0,0,0,0,0,0,0,0,0,0,0,0,0,0,0,0,0,0,0
38,2017,Arunachal Pradesh,12,Kamle,718,Kamle,0,0,0,0,0,0,0,0,0,0,0,0,0,0,0,0,0,0,0,1,0,0,0,0,1,0,0,0,0,0,0,0,0,0,0,0,0,0,0,0,0,0
39,2017,Arunachal Pradesh,12,Lower Siang,719,Lower Siang,0,0,0,0,0,0,0,0,0,0,1,0,0,0,0,0,0,0,1,1,5,1,3,0,0,0,0,0,0,0,0,0,0,0,0,0,0,0,0,0,0,0
40,2017,Assam,18,Kamrup Metro,618,Bieo,0,0,0,0,0,0,0,0,0,0,0,0,0,0,0,0,0,0,0,0,0,0,0,0,0,0,0,0,0,0,0,0,0,0,0,0,0,0,0,0,0,0
41,2017,Assam,18,Barpeta,280,Barpeta,3,22,0,0,0,0,792,0,0,0,280,54,27,0,0,4,0,0,176,0,52,0,261,0,0,0,0,0,0,0,0,6,0,0,70,9,0,5,0,0,79,0
42,2017,Assam,18,Baksa,616,Baksa,0,3,0,0,0,0,92,13,6,0,115,0,39,0,8,1,0,0,35,0,1,0,45,0,0,0,0,0,0,0,0,0,0,1,0,26,11,1,0,0,0,0
43,2017,Assam,18,Bongaigaon,281,Bongaigaon,1,9,0,0,0,0,338,2,0,0,89,0,29,0,0,2,0,0,45,0,13,0,56,0,0,0,0,0,0,0,0,0,0,0,0,29,9,1,0,0,0,0
44,2017,Assam,18,Kamrup Metro,618,Cid,0,0,0,0,0,0,0,0,0,0,0,0,0,0,0,0,0,0,0,0,0,0,0,0,0,0,0,0,0,0,0,0,0,0,0,0,0,0,0,0,0,0
45,2017,Assam,18,Cachar,282,Cachar,0,8,0,0,0,0,457,323,0,0,0,0,0,0,83,1,0,0,51,0,8,0,149,0,0,0,17,0,0,0,0,3,0,0,0,37,0,0,0,0,0,0
46,2017,Assam,18,Chirang,612,Chirang,1,0,3,0,0,0,74,13,0,0,17,0,0,0,0,1,0,0,30,0,0,0,17,0,0,0,0,0,0,0,0,0,0,0,0,8,0,0,0,0,0,0
47,2017,Assam,18,Darrang,283,Darrang,0,4,0,0,0,0,552,0,0,0,103,0,111,0,32,5,0,0,80,0,18,0,366,0,0,0,2,0,0,0,0,0,0,36,0,21,5,11,0,0,0,0
48,2017,Assam,18,Dhemaji,284,Dhemaji,5,6,1,0,0,0,149,0,0,0,48,0,61,0,3,0,2,0,43,0,20,0,98,0,0,0,1,1,0,1,0,0,0,0,0,15,10,2,0,0,0,0
49,2017,Assam,18,Dhubri,285,Dhubri,1,15,1,0,0,0,1054,19,1,2,151,0,136,0,43,9,3,0,81,0,54,0,560,0,2,0,3,0,0,0,0,5,0,0,0,68,18,3,0,0,2,0
50,2017,Assam,18,Dibrugarh,286,Dibrugarh,0,6,8,0,0,0,299,22,0,0,146,0,3,0,80,1,0,0,31,0,2,0,52,0,0,0,21,0,0,0,0,0,0,3,0,31,10,0,0,0,0,0
51,2017,Assam,18,Kamrup Metro,618,Grp,0,0,0,0,0,0,0,0,0,0,1,0,3,0,0,1,0,0,0,0,0,0,5,0,0,0,0,0,0,0,0,0,0,0,0,1,0,0,0,0,0,0
52,2017,Assam,18,Goalpara,287,Goalpara,0,6,0,0,3,0,123,45,0,1,79,0,43,0,0,2,0,0,48,0,28,0,100,0,0,0,0,0,0,0,0,0,0,0,0,11,2,0,0,0,0,0
53,2017,Assam,18,Golaghat,288,Golaghat,4,1,0,0,0,0,310,55,0,1,75,0,39,0,21,4,0,0,55,0,4,0,122,0,3,0,1,0,0,0,0,4,0,0,0,20,9,4,0,0,0,0
54,2017,Assam,18,Kamrup Metro,618,Guwahati City,2,5,11,0,0,0,688,0,0,0,207,0,167,0,0,4,6,0,73,58,6,0,168,30,0,18,45,0,0,0,0,4,0,10,0,58,30,18,0,0,0,0
55,2017,Assam,18,Hailakandi,289,Hailakandi,0,7,0,2,0,0,273,0,0,0,73,0,0,0,0,0,0,0,81,0,8,0,88,0,0,0,0,0,0,0,0,0,0,0,0,16,4,2,0,0,0,0
56,2017,Assam,18,West Karbi Anglong,710,Hamren,0,0,0,0,0,0,15,0,0,0,15,0,0,0,0,0,0,0,17,0,0,0,11,0,0,0,0,0,0,0,0,0,0,0,0,0,0,0,0,0,0,0
57,2017,Assam,18,Jorhat,290,Jorhat,0,2,0,0,0,0,388,25,0,0,51,15,17,0,80,2,0,0,34,0,12,0,115,0,0,0,0,1,0,0,1,0,0,0,0,26,7,3,0,0,0,0
58,2017,Assam,18,Kamrup,291,Kamrup,0,3,0,0,0,0,350,8,0,2,41,25,10,0,19,5,0,0,90,0,5,0,44,45,16,0,0,0,0,0,0,0,0,0,3,41,32,1,2,0,0,0
59,2017,Assam,18,Karbi Anglong,292,Karbi Anglong,2,3,0,1,0,0,69,15,0,0,24,1,35,0,6,3,0,0,14,0,1,0,33,0,6,0,0,2,0,0,0,0,0,0,0,5,3,2,0,0,0,0
60,2017,Assam,18,Karimganj,293,Karimganj,1,11,0,0,0,0,259,22,0,2,65,0,0,0,0,0,0,0,66,0,8,0,65,0,34,0,0,0,0,0,0,0,0,0,2,14,0,0,0,0,0,0
61,2017,Assam,18,Kokrajhar,294,Kokrajhar,1,4,0,0,0,0,168,0,0,0,33,18,0,0,0,4,0,0,35,0,12,0,67,0,0,0,0,0,0,0,0,0,0,0,0,18,0,0,0,0,0,0
62,2017,Assam,18,Lakhimpur,295,Lakhimpur,0,7,0,0,0,0,438,16,0,6,102,192,32,0,0,11,0,0,69,0,0,0,26,0,0,0,59,0,0,0,0,0,0,0,0,49,8,0,0,0,0,0
63,2017,Assam,18,Marigaon,296,Morigaon,0,5,0,2,0,0,355,0,0,0,55,87,54,0,0,14,0,0,84,0,0,0,28,0,0,0,0,0,0,0,0,0,0,0,0,63,0,0,0,0,0,0
64,2017,Assam,18,Dima Hasao,299,Dima Hasao,0,0,0,0,0,0,8,4,0,2,4,8,1,0,3,1,0,0,1,0,0,0,0,0,0,0,0,0,0,0,0,0,0,0,0,0,0,0,0,0,0,0
65,2017,Assam,18,Nagaon,297,Nagaon,3,7,5,0,0,1,963,22,0,3,171,0,237,0,22,11,0,0,93,0,29,0,304,0,0,0,29,0,0,0,0,4,0,0,0,63,0,0,0,0,0,0
66,2017,Assam,18,Nalbari,298,Nalbari,0,2,0,0,0,0,184,40,0,0,44,10,0,0,19,0,0,0,34,10,0,0,64,0,5,2,2,0,0,0,0,0,0,0,0,2,0,0,0,0,0,0
67,2017,Assam,18,Kamrup Metro,618,Rpo,1,0,0,0,0,0,15,0,0,0,0,0,0,0,0,0,0,0,3,0,0,0,1,0,0,0,0,0,0,0,0,0,0,0,0,0,0,0,0,0,0,0
68,2017,Assam,18,Kamrup Metro,618,Sou,0,0,0,0,0,0,0,0,0,0,0,0,0,0,0,0,0,0,0,0,0,0,0,0,0,0,0,0,0,0,0,0,0,0,0,0,0,0,0,0,0,0
69,2017,Assam,18,Kamrup Metro,618,Stf,0,0,0,0,0,0,0,0,0,0,0,0,0,0,0,0,0,0,0,0,0,0,0,0,0,0,0,0,0,0,0,0,0,0,0,0,0,0,0,0,0,0
70,2017,Assam,18,Sivasagar,300,Sibsagar,0,4,1,0,0,0,233,0,0,0,104,81,0,0,0,0,0,0,11,0,9,0,20,0,12,0,11,0,2,0,0,2,0,19,0,17,4,7,1,1,0,0
71,2017,Assam,18,Sonitpur,301,Sonitpur,0,0,0,0,0,0,383,49,0,0,206,100,6,0,0,7,0,0,50,0,0,7,35,21,0,0,0,0,0,0,0,0,0,0,0,29,9,1,0,0,0,0
72,2017,Assam,18,Tinsukia,302,Tinsukia,1,4,6,0,0,0,220,0,0,0,134,0,0,0,0,1,0,0,72,0,20,0,52,0,7,0,0,0,0,0,0,0,0,5,0,33,10,5,0,0,0,0
73,2017,Assam,18,Udalguri,617,Udalguri,0,4,0,0,0,0,40,0,0,0,20,0,0,0,0,2,0,0,12,23,12,20,37,0,0,0,0,0,0,0,0,0,0,0,0,0,0,0,0,0,0,0
74,2017,Assam,18,Tinsukia,302,Sadia,0,0,0,0,0,0,0,0,0,0,0,0,0,0,0,2,0,0,3,0,0,0,14,0,0,0,0,0,0,0,0,0,0,0,0,0,0,0,0,0,0,0
75,2017,Assam,18,Majuli,706,Majuli,0,0,1,0,0,0,33,0,0,0,0,0,4,0,0,0,0,0,6,0,3,0,15,0,0,0,0,0,0,0,0,2,0,0,0,0,0,0,0,0,0,0
76,2017,Assam,18,Biswanath,705,Biswanath,1,6,2,0,0,0,111,35,0,0,0,0,27,0,1,4,0,0,17,0,0,0,47,5,0,0,0,0,0,0,0,0,0,0,15,18,10,0,0,0,0,0
77,2017,Assam,18,Hojai,709,Hojai,0,10,4,0,0,0,268,64,0,0,71,0,59,0,0,4,3,0,55,0,26,0,388,0,3,0,0,0,0,0,0,0,0,2,0,25,6,2,0,0,0,0
78,2017,Assam,18,South Salmara Mancachar,707,South Salmara,0,6,0,0,0,0,0,0,0,0,0,0,0,0,0,0,0,0,65,9,0,0,0,0,0,0,0,0,0,0,0,0,0,0,3,18,2,0,0,0,0,0
79,2017,Assam,18,Charaideo,708,Charaideo,0,1,1,0,0,0,81,4,0,0,23,0,34,0,0,1,0,0,12,0,0,0,15,0,0,0,0,1,1,0,0,0,0,0,0,17,6,1,0,0,0,0
80,2017,Bihar,10,Araria,188,Araria,,11,0,0,1,0,63,0,0,0,99,22,0,0,8,0,0,0,37,0,0,0,0,0,0,0,0,0,0,0,0,0,0,0,0,26,4,0,0,0,0,0
81,2017,Bihar,10,Arwal,611,Arwal,,6,0,0,0,0,28,7,0,0,0,18,0,0,0,1,0,0,3,0,0,0,2,0,0,0,0,1,0,0,0,0,0,0,0,5,2,0,0,0,0,0
82,2017,Bihar,10,Aurangabad,189,Aurangabad,,19,0,0,0,0,39,2,0,0,26,0,0,0,19,0,0,0,4,0,6,0,38,0,0,0,21,0,0,0,0,0,0,0,0,15,15,0,0,0,0,0
83,2017,Bihar,10,Pashchim Champaran,211,Bagaha,,12,0,0,0,0,30,1,0,0,66,0,0,0,3,0,0,0,8,0,3,0,0,0,0,0,4,0,0,0,0,0,0,0,0,2,10,0,0,0,0,0
84,2017,Bihar,10,Banka,190,Banka,,20,0,0,1,0,32,26,0,0,57,0,0,0,21,0,0,0,12,0,0,0,1,0,0,0,32,2,0,0,0,0,0,0,0,7,1,0,0,0,0,0
85,2017,Bihar,10,Begusarai,191,Begusarai,,20,0,0,1,0,46,0,0,0,15,21,0,0,100,0,0,0,11,0,10,0,10,0,0,0,25,0,0,0,0,0,0,0,0,10,37,0,0,0,0,0
86,2017,Bihar,10,Pashchim Champaran,211,Bettiah,,33,0,0,0,0,222,22,0,0,0,121,0,0,12,0,0,0,13,0,2,0,0,0,0,0,0,0,0,0,0,0,0,1,0,17,21,0,0,1,0,0
87,2017,Bihar,10,Bhagalpur,192,Bhagalpur,,13,0,0,0,0,114,0,0,0,260,0,0,0,0,0,0,0,48,0,6,0,6,0,0,0,142,0,0,0,0,0,0,0,0,23,20,0,0,0,0,0
88,2017,Bihar,10,Bhojpur,193,Bhojpur,,34,0,0,0,0,180,44,0,0,15,41,0,0,8,0,0,0,10,0,19,0,3,0,0,0,0,0,0,0,0,0,0,0,0,3,24,0,0,0,0,0
89,2017,Bihar,10,Buxar,194,Buxar,,18,0,0,0,,41,4,0,0,0,13,0,0,35,0,0,0,8,0,4,0,5,0,0,0,70,0,0,0,0,0,0,0,0,5,27,0,0,0,0,0
90,2017,Bihar,10,Darbhanga,195,Darbhanga,,17,0,0,0,,195,0,0,0,88,117,0,0,0,0,0,0,17,0,0,0,10,0,0,0,0,0,0,0,0,0,0,0,0,16,36,0,0,0,0,0
91,2017,Bihar,10,Gaya,196,Gaya,,49,0,0,0,,99,77,0,0,28,142,0,0,0,0,0,0,12,0,22,0,5,0,0,0,59,0,0,0,0,0,42,0,0,35,14,0,0,0,0,0
92,2017,Bihar,10,Gopalganj,197,Gopalganj,,25,0,0,0,,54,0,0,0,0,119,0,0,9,0,0,0,2,0,0,0,0,0,0,0,36,0,0,0,0,0,0,0,0,12,9,0,0,0,0,0
93,2017,Bihar,10,Munger,207,Jamalpur Railway,,0,0,0,0,,0,0,0,0,0,1,0,0,0,0,0,0,0,0,0,0,5,0,0,0,0,0,0,0,0,0,0,0,0,0,0,0,0,0,0,0
94,2017,Bihar,10,Jamui,198,Jamui,,11,0,0,0,,75,0,0,0,0,67,0,0,0,0,0,0,8,0,0,0,1,0,0,0,0,0,0,0,0,0,0,0,0,7,5,0,0,0,0,0
95,2017,Bihar,10,Jehanabad,199,Jehanabad,,18,0,0,0,,31,26,0,0,19,0,0,0,38,0,0,0,9,0,3,0,9,0,0,0,0,0,0,0,0,0,0,0,0,10,15,0,0,0,0,0
96,2017,Bihar,10,Katihar,201,Katihar,,14,0,0,0,,106,0,0,0,0,105,0,0,35,2,0,0,28,0,97,0,0,0,0,0,64,0,0,0,0,0,0,0,0,67,0,0,0,0,0,0
97,2017,Bihar,10,Katihar,201,Katihar Railway,,0,0,0,0,,0,0,0,0,3,0,0,0,0,0,0,0,0,0,0,0,4,0,0,0,0,0,0,0,0,0,0,0,0,0,0,0,1,0,0,0
98,2017,Bihar,10,Khagaria,202,Khagaria,0,10,0,0,0,,78,0,0,0,55,5,0,0,0,0,0,0,4,0,5,0,3,0,0,0,0,0,0,0,0,0,0,0,0,7,5,0,0,0,0,0
99,2017,Bihar,10,Kishanganj,203,Kishanganj,0,14,0,0,0,,33,4,0,0,85,0,0,0,2,1,0,0,20,0,0,0,0,0,0,0,28,1,0,0,0,0,0,0,0,19,0,0,0,0,0,0
100,2017,Bihar,10,Lakhisarai,204,Lakhisarai,0,11,0,0,0,,41,0,0,0,9,0,0,0,0,0,0,0,10,0,5,0,0,0,0,0,0,0,0,0,0,0,0,0,0,3,42,0,0,0,0,0
101,2017,Bihar,10,Madhepura,205,Madhepura,0,11,0,0,0,,96,0,0,0,48,80,0,0,0,1,0,0,12,0,12,0,0,0,0,0,0,0,0,0,0,0,0,1,0,11,2,0,0,0,0,0
102,2017,Bihar,10,Madhubani,206,Madhubani,0,39,0,0,0,,199,0,0,0,0,201,0,0,0,0,0,0,40,0,0,0,0,0,0,0,0,0,0,0,0,0,0,0,0,16,31,0,0,0,0,0
103,2017,Bihar,10,Purbi Champaran,213,Motihari,0,59,0,0,0,,170,14,3,0,25,33,0,0,193,0,0,0,0,0,0,0,0,0,0,0,4,0,0,0,0,0,0,0,0,20,1,0,2,0,0,0
104,2017,Bihar,10,Munger,207,Munger,0,11,0,0,0,,78,0,0,0,55,0,0,0,0,0,0,0,6,0,4,0,7,0,0,0,0,0,0,0,0,0,0,0,0,10,0,0,0,0,0,0
105,2017,Bihar,10,Muzaffarpur,208,Muzaffarpur,0,58,0,0,0,,121,59,0,0,141,97,0,0,0,4,0,0,40,0,23,0,17,0,0,0,26,0,0,0,0,0,0,0,0,6,80,0,0,0,0,0
106,2017,Bihar,10,Muzaffarpur,208,Muzaffarpur Railway,0,0,0,0,0,,1,3,0,0,1,1,0,0,4,0,0,0,1,0,0,0,0,0,0,0,0,0,0,0,0,0,0,0,0,1,3,0,0,0,0,0
107,2017,Bihar,10,Nalanda,209,Nalanda,0,62,0,0,0,,107,20,0,0,0,97,0,0,88,0,0,0,10,0,0,0,0,0,0,0,138,0,0,0,0,0,0,0,0,20,27,0,0,0,0,0
108,2017,Bihar,10,Bhagalpur,192,Naugachia,0,9,0,0,0,,23,0,0,0,17,43,0,0,32,0,0,0,2,0,1,0,5,0,0,0,24,0,0,0,0,0,0,0,0,4,5,0,0,0,0,0
109,2017,Bihar,10,Nawada,210,Nawadah,0,17,0,0,1,,54,12,0,0,52,54,0,0,0,0,0,0,18,0,0,0,7,0,0,0,0,0,0,0,0,0,0,0,0,13,21,0,0,0,0,0
110,2017,Bihar,10,Patna,212,Patna,0,97,0,0,0,,447,0,0,0,800,0,0,0,0,0,0,0,54,0,22,0,10,0,0,0,0,0,0,0,0,0,0,0,0,40,90,0,0,0,0,0
111,2017,Bihar,10,Patna,212,Patna Railway,0,2,0,0,0,,0,0,0,0,2,3,0,0,2,0,0,0,0,0,0,0,8,0,0,0,0,0,0,0,0,0,0,0,0,1,0,0,0,0,0,0
112,2017,Bihar,10,Rohtas,215,Rohtas,0,36,0,0,0,,108,41,0,0,0,111,0,0,29,0,0,0,20,0,4,0,5,0,0,0,16,0,0,0,0,0,0,0,0,14,30,0,0,0,0,0
113,2017,Bihar,10,Saharsa,216,Saharsa,0,17,0,0,0,,75,0,0,0,72,6,0,0,0,0,0,0,19,0,0,0,0,0,0,0,0,0,0,0,0,0,0,0,0,4,1,0,21,0,0,0
114,2017,Bihar,10,Samastipur,217,Samastipur,0,42,0,0,0,,51,40,0,0,0,85,0,0,157,0,0,0,0,0,7,0,1,0,0,0,52,0,0,5,0,0,0,1,0,30,1,0,0,0,0,0
115,2017,Bihar,10,Saran,218,Saran,0,77,0,0,0,,78,0,0,0,262,0,0,0,45,0,0,0,20,0,3,0,0,0,1,0,121,0,0,0,0,3,0,0,0,18,0,10,0,0,0,0
116,2017,Bihar,10,Sheikhpura,219,Sheikhpura,0,12,0,0,0,,19,8,0,0,0,0,0,0,6,0,0,0,1,0,3,0,30,0,0,0,41,0,0,0,0,0,0,0,0,3,38,0,0,0,0,0
117,2017,Bihar,10,Sheohar,220,Sheohar,0,4,0,0,0,,19,0,0,0,0,44,0,0,0,0,0,0,7,0,0,0,4,0,0,0,0,0,0,0,0,0,0,0,0,2,3,0,0,0,0,0
118,2017,Bihar,10,Sitamarhi,221,Sitamarhi,0,28,0,0,0,,183,8,0,0,55,178,0,0,0,0,0,0,16,0,0,0,0,0,0,0,0,10,0,0,0,0,0,0,0,14,18,0,0,0,0,0
119,2017,Bihar,10,Siwan,222,Siwan,0,36,0,0,0,,148,39,0,0,0,124,0,0,10,0,0,0,15,0,0,0,0,0,0,0,20,0,0,0,0,0,0,1,0,4,4,0,2,0,0,0
120,2017,Bihar,10,Supaul,223,Supaul,0,15,0,0,0,,65,0,2,0,72,6,0,0,0,0,0,0,25,0,12,0,0,0,0,0,127,0,0,0,0,0,0,0,0,17,6,0,0,0,0,0
121,2017,Bihar,10,Vaishali,224,Vaishali,0,52,0,0,0,,114,36,0,0,35,160,0,0,0,0,0,0,9,0,42,0,1,0,0,0,0,2,0,0,0,0,0,0,0,30,20,0,0,0,0,0
122,2017,Bihar,10,Patna,212,Economic Offences Unit,0,0,0,0,0,,0,0,0,0,0,0,0,0,0,0,0,0,0,0,0,0,0,0,0,0,0,0,0,0,0,0,0,0,0,0,0,0,0,0,0,0
123,2017,Bihar,10,Patna,212,Anti Terrorist Squad,0,0,0,0,0,,0,0,0,0,0,0,0,0,0,0,0,0,0,0,0,0,0,0,0,0,0,0,0,0,0,0,0,0,0,0,0,0,0,0,0,0
124,2017,Chhattisgarh,22,Balod,646,Balod,1,1,1,0,0,,6,20,0,0,1,3,0,0,0,0,0,0,11,31,1,0,27,13,2,0,0,0,0,0,0,0,0,0,1,31,13,0,1,0,0,0
125,2017,Chhattisgarh,22,Balrampur Ramanujganj,649,Balrampur,0,3,8,0,0,,11,21,0,0,0,0,0,0,0,3,0,0,44,44,0,0,39,0,1,0,0,0,0,0,0,0,0,0,0,36,8,0,0,0,0,0
126,2017,Chhattisgarh,22,Bemetara,650,Bemetra,1,5,4,0,0,,15,23,0,0,2,21,0,0,1,0,0,0,16,25,0,0,36,20,2,1,0,0,0,0,0,0,0,0,0,25,20,1,0,0,0,0
127,2017,Chhattisgarh,22,Bilaspur,375,Bilaspur,0,4,18,0,0,,69,0,0,0,0,179,0,0,0,3,0,0,48,71,0,0,160,76,3,1,3,0,0,3,0,0,0,0,0,71,76,0,0,0,0,0
128,2017,Chhattisgarh,22,Bijapur,636,Bizapur,0,0,1,0,0,0,0,7,1,0,0,0,0,0,0,1,0,0,3,7,0,0,3,4,0,0,0,0,0,0,0,0,0,0,0,7,2,0,0,0,0,0
129,2017,Chhattisgarh,22,Dakshin Bastar Dantewada,376,Dantewara,0,1,1,0,0,0,4,6,0,0,1,0,0,0,0,0,0,0,4,15,1,0,6,4,1,0,0,0,0,0,0,0,0,0,0,15,5,0,0,0,0,0
130,2017,Chhattisgarh,22,Dhamtari,377,Dhamtari,0,7,8,0,0,0,8,7,0,0,0,3,0,0,0,0,0,0,19,34,0,0,41,14,6,0,0,0,0,0,0,2,0,0,0,35,14,4,0,0,0,0
131,2017,Chhattisgarh,22,Durg,378,Durg,0,6,5,0,0,0,63,140,0,0,0,10,0,0,7,0,0,0,69,66,0,0,187,74,8,0,0,0,0,0,0,7,1,0,0,66,74,0,5,0,3,0
132,2017,Chhattisgarh,22,Gariyaband,645,Gariyaband,0,0,1,0,0,0,5,5,0,0,1,2,0,0,0,0,0,0,7,20,0,1,23,5,4,0,0,0,0,0,0,0,0,0,0,21,5,0,0,0,0,0
133,2017,Chhattisgarh,22,Raipur,387,Grp Raipur,0,0,0,0,0,0,1,5,0,0,0,0,0,0,0,0,0,0,2,1,0,0,1,1,0,0,0,0,0,0,0,0,0,1,0,1,1,0,0,0,0,0
134,2017,Chhattisgarh,22,Bastar,374,Jagdalpur,0,0,0,0,0,0,9,0,0,0,0,0,0,0,36,2,0,0,21,39,0,0,22,0,3,0,0,0,0,0,0,0,0,0,0,39,7,0,0,0,0,0
135,2017,Chhattisgarh,22,Janjgir-Champa,379,Janjgir,0,6,8,0,0,0,56,62,0,0,0,5,0,0,1,0,0,0,31,52,0,0,65,34,14,0,1,0,0,0,0,0,0,0,0,52,34,0,0,0,1,0
136,2017,Chhattisgarh,22,Jashpur,380,Jashpur,0,0,3,0,0,0,5,35,0,0,0,14,0,0,0,8,0,0,43,50,0,1,27,11,2,1,1,0,0,0,0,0,1,0,0,50,16,0,0,0,0,0
137,2017,Chhattisgarh,22,Kabeerdham,382,Kabirdham,0,2,4,0,0,0,14,33,0,0,0,12,0,0,0,0,0,0,14,22,0,0,43,14,0,0,0,0,0,0,0,0,0,0,0,0,0,0,0,0,0,0
138,2017,Chhattisgarh,22,Uttar Bastar Kanker,381,Kanker,0,2,6,0,0,0,8,31,0,0,0,1,0,0,0,0,0,0,23,40,0,0,23,6,15,0,0,0,0,0,0,0,0,0,0,40,6,2,0,1,0,0
139,2017,Chhattisgarh,22,Kondagaon,643,Kondagaon,0,0,0,0,0,0,5,10,0,0,4,3,0,0,2,0,0,0,8,25,0,0,8,4,1,0,0,0,0,0,0,0,0,0,0,25,3,1,0,0,0,0
140,2017,Chhattisgarh,22,Korba,383,Korba,0,6,7,7,0,0,46,38,0,0,1,0,0,0,0,0,0,0,41,47,0,0,51,27,4,2,0,0,0,0,0,0,0,0,0,47,27,0,0,0,0,0
141,2017,Chhattisgarh,22,Korea,384,Koriya,0,0,8,0,0,0,28,64,0,0,0,0,0,0,0,0,0,0,64,23,0,0,23,63,0,0,4,0,0,0,0,0,0,0,0,23,0,0,0,0,0,0
142,2017,Chhattisgarh,22,Mahasamund,385,Mahasamund,1,7,10,0,0,0,12,39,0,0,0,5,0,0,1,0,0,0,26,44,0,1,35,10,4,0,0,0,0,0,0,0,0,0,0,46,10,0,0,0,0,0
143,2017,Chhattisgarh,22,Mungeli,647,Mungali,0,5,4,1,0,0,26,21,0,0,1,3,0,0,0,0,0,0,13,42,0,0,35,12,1,1,0,0,0,0,0,0,0,0,0,42,12,1,0,0,0,0
144,2017,Chhattisgarh,22,Narayanpur,637,Narayanpur,0,0,0,0,0,0,1,9,0,0,0,0,0,0,0,0,0,0,4,8,0,0,0,0,0,0,0,0,0,0,0,0,0,0,0,8,0,0,0,0,0,0
145,2017,Chhattisgarh,22,Raigarh,386,Raigarh,0,6,8,0,0,0,26,0,0,0,0,0,0,0,76,0,0,0,27,62,0,4,83,24,0,12,0,0,0,0,0,0,0,0,0,62,24,0,0,0,0,0
146,2017,Chhattisgarh,22,Raipur,387,Raipur,0,5,14,0,0,0,82,234,0,0,5,7,0,0,2,1,0,0,77,134,4,3,148,66,25,2,26,0,0,4,0,0,0,0,3,134,66,2,0,1,1,0
147,2017,Chhattisgarh,22,Rajnandgaon,388,Rajnandgaon,0,0,6,0,0,0,27,77,0,0,0,2,0,0,0,2,0,0,35,28,1,1,48,37,7,0,0,0,0,0,0,0,0,0,0,28,35,0,0,0,0,0
148,2017,Chhattisgarh,22,Surguja,389,Sarguja,0,1,0,0,0,0,12,39,0,0,0,0,0,0,6,4,0,0,56,72,0,1,43,22,1,0,0,0,0,0,0,0,0,0,0,72,20,0,0,0,0,0
149,2017,Chhattisgarh,22,Sukma,642,Sukma,0,1,0,0,0,0,1,0,0,0,0,3,0,0,0,0,0,0,8,0,0,0,4,1,0,0,0,0,0,0,0,0,0,0,0,1,1,0,0,0,0,0
150,2017,Chhattisgarh,22,Surajpur,648,Surajpur,0,3,15,0,0,0,22,16,0,0,1,7,2,0,0,1,0,0,43,59,0,0,51,25,5,1,0,0,0,0,0,0,0,0,0,59,27,3,0,0,0,0
151,2017,Goa,30,North Goa,551,North Goa,0,0,1,0,0,0,10,30,0,0,0,0,0,0,10,19,0,0,7,28,0,0,77,9,18,1,0,1,0,0,0,0,0,0,0,0,0,0,0,0,0,0
152,2017,Goa,30,South Goa,552,South Goa,2,1,3,0,0,0,10,19,0,0,0,0,0,0,1,8,0,0,12,25,0,0,37,8,10,1,0,0,0,0,0,0,0,0,0,0,0,0,0,0,0,0
153,2017,Goa,30,North Goa,551,Cid,0,0,0,0,0,0,1,1,0,0,0,0,0,0,0,11,0,0,1,3,0,0,2,1,1,0,0,0,0,0,0,0,0,0,0,0,0,0,0,0,0,0
154,2017,Gujarat,24,Ahmadabad,438,Ahmedabad City,0,2,24,0,1,0,667,35,0,1,4,71,0,0,5,1,0,0,62,2,3,0,206,18,2,0,0,0,4,3,1,3,0,0,0,221,51,15,0,2,1,0
155,2017,Gujarat,24,Ahmadabad,438,Ahmedabad Rural,0,1,15,0,0,0,54,0,0,0,5,0,0,0,0,0,0,0,15,0,0,0,23,0,0,0,0,0,0,0,0,0,0,0,0,46,7,0,0,0,0,0
156,2017,Gujarat,24,Amreli,439,Amreli,1,0,13,0,0,0,72,7,0,0,4,19,0,0,1,0,0,0,5,0,0,0,19,0,0,0,0,0,0,0,0,0,0,0,0,53,4,0,0,0,0,0
157,2017,Gujarat,24,Anand,440,Anand,0,0,8,0,0,0,92,2,0,0,4,96,0,0,0,0,0,0,14,0,0,0,26,0,0,0,0,0,0,0,0,1,0,0,0,14,11,2,0,3,0,0
158,2017,Gujarat,24,Arvalli,672,Arvalli,0,0,7,0,0,0,49,30,0,0,8,34,0,0,0,0,0,0,7,0,0,0,14,0,0,0,0,0,0,0,0,0,0,0,0,2,4,0,0,0,0,0
159,2017,Gujarat,24,Banas Kantha,441,Banaskantha,0,2,0,0,0,0,94,74,0,0,13,0,0,0,0,0,0,0,43,0,0,0,45,0,3,0,0,0,3,0,0,0,0,0,0,24,9,0,0,0,0,0
160,2017,Gujarat,24,Bharuch,442,Bharuch,0,0,2,0,0,0,43,12,0,0,3,17,0,0,0,0,0,0,11,0,0,0,32,0,0,0,0,0,0,0,0,0,0,0,0,44,5,0,0,0,0,0
161,2017,Gujarat,24,Bhavnagar,443,Bhavnagar,0,0,8,0,0,0,88,2,0,0,7,11,0,0,1,0,0,0,10,0,0,0,23,0,0,0,0,0,0,0,0,0,0,0,0,12,19,0,0,71,0,0
162,2017,Gujarat,24,Botad,676,Botad,0,0,5,0,0,0,16,1,0,0,1,0,0,0,0,0,0,0,7,0,0,0,15,0,0,0,0,0,0,0,0,0,0,1,0,25,6,1,0,0,0,0
163,2017,Gujarat,24,Chhotaudepur,668,Chhotaudepur,0,0,5,0,0,0,7,0,0,0,2,1,0,0,0,0,0,0,8,0,0,0,9,0,1,0,0,0,0,0,0,0,0,0,2,42,2,0,0,0,0,0
164,2017,Gujarat,24,Gandhinagar,446,Cid Crime,0,0,0,0,0,0,0,0,0,0,0,0,0,0,0,0,0,0,0,0,0,0,0,0,0,0,0,0,0,0,0,0,0,0,0,0,0,0,0,0,0,0
165,2017,Gujarat,24,Dohad,445,Dahod,1,0,12,0,0,0,119,13,1,0,0,0,0,0,2,0,0,0,16,0,0,0,24,0,0,0,0,0,0,0,0,0,0,0,0,95,10,0,0,0,0,0
166,2017,Gujarat,24,Dang,444,Dang,0,0,0,0,0,0,0,1,0,0,0,0,0,0,0,0,0,0,1,0,0,0,1,0,0,0,0,0,0,0,0,0,0,0,0,1,0,0,0,0,0,0
167,2017,Gujarat,24,Devbhumi Dwarka,674,Devbhumi Dwarka,0,0,9,0,0,0,90,4,0,0,0,3,0,0,1,0,0,0,4,0,0,0,8,0,0,0,0,0,0,0,0,0,0,0,0,9,0,0,0,0,0,0
168,2017,Gujarat,24,Gandhinagar,446,Gandhinagar,0,0,14,0,0,0,116,6,0,0,2,11,0,0,5,0,0,0,8,0,0,0,35,0,0,0,0,0,0,0,0,0,0,0,1,56,7,0,0,0,0,0
169,2017,Gujarat,24,Gir Somnath,675,Gir Somnath,0,0,8,0,0,0,110,5,0,0,9,14,0,0,1,0,0,0,9,0,0,0,24,0,0,0,0,0,0,0,0,0,0,0,0,6,9,0,0,15,0,0
170,2017,Gujarat,24,Jamnagar,447,Jamnagar,0,0,13,0,0,0,81,0,0,0,2,29,0,0,0,0,0,0,11,0,0,0,27,0,0,0,0,0,1,0,0,0,0,0,0,19,7,0,0,0,0,0
171,2017,Gujarat,24,Junagadh,448,Junagadh,0,0,8,0,0,0,150,4,0,0,4,32,0,0,1,0,0,0,13,0,0,0,20,0,1,0,0,0,0,0,0,0,0,0,0,14,8,1,0,0,0,0
172,2017,Gujarat,24,Kachchh,449,Kachchh East(G),0,0,12,0,1,0,51,8,0,0,15,0,0,0,0,0,0,0,10,0,10,0,18,0,0,0,0,0,0,0,0,0,0,0,0,17,7,0,0,0,0,0
173,2017,Gujarat,24,Kachchh,449,Kachchh West(B),0,0,14,0,0,0,68,5,0,0,3,11,0,0,0,0,0,0,17,0,0,0,14,0,0,0,0,0,0,0,0,0,0,0,0,21,7,0,0,0,0,0
174,2017,Gujarat,24,Kheda,450,Kheda,0,0,10,0,0,0,22,30,0,0,0,8,0,0,4,0,0,0,7,0,0,0,23,0,0,0,0,0,0,0,0,0,0,0,0,11,1,0,0,0,0,0
175,2017,Gujarat,24,Mahisagar,669,Mahisagar,0,0,5,0,0,0,47,25,0,0,1,0,0,0,0,0,0,0,5,0,0,0,8,0,0,0,0,0,0,0,0,0,0,0,0,1,9,1,0,0,0,0
176,2017,Gujarat,24,Mahesana,451,Mehsana,0,0,13,0,1,0,103,33,0,0,6,53,0,0,4,0,0,0,15,0,0,0,34,2,0,0,0,0,0,0,0,1,1,1,0,7,0,0,0,0,0,0
177,2017,Gujarat,24,Morbi,673,Morbi,0,0,11,0,0,0,31,1,0,0,0,19,0,0,1,0,0,0,5,0,0,0,13,0,0,0,0,0,0,1,0,0,0,0,0,32,2,0,0,0,0,0
178,2017,Gujarat,24,Narmada,452,Narmada,0,0,2,0,0,0,8,0,0,0,4,5,0,0,0,0,0,0,5,0,0,0,8,0,0,0,0,0,0,0,0,0,0,1,0,2,6,0,0,0,0,0
179,2017,Gujarat,24,Navsari,453,Navsari,0,0,4,0,1,1,18,9,0,0,0,9,0,0,0,0,0,0,8,0,0,0,10,2,1,0,0,0,1,0,0,0,0,0,0,8,2,0,0,0,0,0
180,2017,Gujarat,24,Panch Mahals,454,Panchmahal,0,0,11,0,0,0,65,4,0,0,0,0,0,0,0,0,0,0,7,0,0,0,38,0,1,0,0,0,0,0,0,0,0,0,0,68,7,0,0,0,0,0
181,2017,Gujarat,24,Patan,455,Patan,0,0,7,0,0,0,45,4,0,0,2,0,0,0,1,0,0,0,10,0,0,0,26,0,0,0,0,0,0,0,0,1,0,0,0,20,3,0,0,11,0,0
182,2017,Gujarat,24,Porbandar,456,Porbandar,0,1,4,0,0,0,42,8,0,0,0,0,0,0,1,0,0,0,4,0,0,0,8,2,0,0,0,0,0,0,0,0,0,0,1,5,0,0,0,0,0,0
183,2017,Gujarat,24,Rajkot,457,Rajkot City,0,0,24,0,0,1,157,0,0,0,3,47,0,0,0,0,0,0,21,0,0,0,17,0,0,0,0,0,4,0,0,0,0,0,0,42,3,0,0,0,0,0
184,2017,Gujarat,24,Rajkot,457,Rajkot Rural,0,0,13,0,0,0,133,5,0,0,3,61,0,0,3,0,0,0,12,0,0,0,35,0,0,0,0,0,0,0,0,0,0,0,0,12,8,0,0,0,0,0
185,2017,Gujarat,24,Sabar Kantha,458,Sabarkantha,0,0,12,0,0,0,104,32,0,0,4,0,0,0,2,0,0,0,13,0,0,0,34,0,0,0,0,0,0,0,0,0,0,0,1,23,11,0,0,0,0,0
186,2017,Gujarat,24,Surat,459,Surat City,1,0,15,0,0,0,217,4,0,0,2,44,0,0,0,0,0,0,32,0,0,0,70,0,4,0,0,0,0,0,0,0,0,0,0,143,27,0,0,0,0,0
187,2017,Gujarat,24,Surat,459,Surat Rural,1,1,9,0,0,0,34,7,0,0,0,0,0,0,0,3,0,0,8,0,0,0,20,0,0,0,0,0,0,0,0,0,0,0,0,31,5,0,0,0,0,0
188,2017,Gujarat,24,Surendranagar,460,Surendranagar,0,1,9,0,0,0,46,0,0,0,10,22,0,0,0,0,0,0,8,0,0,0,2,0,0,0,0,0,0,0,1,0,0,0,0,20,20,0,0,0,0,0
189,2017,Gujarat,24,Tapi,641,Tapi,0,0,3,0,0,0,7,0,0,0,0,6,0,0,0,0,0,0,11,0,0,0,6,0,3,0,0,0,0,0,0,0,0,0,0,9,5,2,0,2,0,0
190,2017,Gujarat,24,Vadodara,461,Vadodara City,0,1,5,0,0,0,161,0,0,0,2,54,0,0,0,0,0,0,10,0,0,0,56,0,0,0,0,3,0,0,0,0,0,0,0,10,14,0,0,0,0,0
191,2017,Gujarat,24,Vadodara,461,Vadodara Rural,0,0,5,0,0,0,6,3,0,0,0,7,0,0,2,0,0,0,3,0,0,1,11,8,0,0,0,0,0,0,0,0,0,0,2,56,4,0,0,0,0,0
192,2017,Gujarat,24,Valsad,462,Valsad,0,0,10,0,0,0,9,23,0,0,0,17,0,0,1,1,0,0,17,0,0,0,16,0,0,0,0,0,0,0,0,0,0,0,0,12,10,0,0,0,0,0
193,2017,Haryana,6,Ambala,58,Ambala,0,8,6,3,0,0,107,0,0,0,40,18,0,0,7,0,0,0,39,0,0,0,63,0,6,0,2,0,0,0,0,1,0,0,0,39,0,0,0,0,0,0
194,2017,Haryana,6,Bhiwani,59,Bhiwani,0,12,6,0,0,0,79,0,0,0,23,3,17,0,5,0,0,0,30,23,9,2,109,22,5,0,0,1,0,0,0,0,0,0,0,0,0,1,0,0,0,0
195,2017,Haryana,6,Faridabad,60,Faridabad,2,23,14,4,0,0,473,23,0,1,71,0,194,0,34,2,0,0,95,0,14,0,148,0,44,0,3,0,0,0,0,0,0,0,0,118,44,3,0,1,0,0
196,2017,Haryana,6,Fatehabad,61,Fatehabad,1,4,10,2,0,0,60,0,0,0,7,0,35,0,3,2,0,0,21,2,0,1,44,1,1,0,1,0,0,0,0,2,0,0,0,13,26,0,0,0,0,0
197,2017,Haryana,6,Ambala,58,Grp,2,4,6,0,0,0,0,0,0,0,2,0,2,0,18,0,0,0,3,1,2,0,10,2,0,0,0,0,0,0,0,0,0,0,0,0,0,0,0,0,0,0
198,2017,Haryana,6,Gurugram,62,Gurugram,2,29,11,0,1,0,242,21,1,0,99,0,165,0,38,2,0,0,136,0,16,0,315,0,35,0,0,0,4,1,10,0,0,4,1,81,38,11,1,0,0,0
199,2017,Haryana,6,Hisar,63,Hissar,1,8,6,0,0,0,121,1,0,0,3,2,22,0,1,1,0,0,44,20,0,0,60,17,2,0,0,0,0,0,0,0,0,0,0,19,13,6,0,0,0,0
200,2017,Haryana,6,Jhajjar,64,Jhajjar,0,16,7,0,0,0,199,0,0,0,15,30,0,0,2,0,0,0,30,0,5,0,101,0,32,0,0,0,0,0,0,0,0,0,0,19,27,0,0,0,0,0
201,2017,Haryana,6,Jind,65,Jind,0,7,37,0,0,0,154,0,1,0,19,0,98,0,0,0,0,0,27,0,0,6,0,38,0,0,1,0,0,0,0,3,2,0,0,5,7,2,0,0,0,0
202,2017,Haryana,6,Kaithal,66,Kaithal,0,12,6,0,0,0,81,0,1,0,51,3,27,0,31,0,0,0,31,0,5,0,49,0,1,0,0,0,0,0,0,2,0,1,0,22,17,8,0,1,0,0
203,2017,Haryana,6,Karnal,67,Karnal,,13,9,0,0,0,120,0,0,0,26,27,78,0,106,0,0,0,34,37,8,6,57,27,1,0,2,0,0,0,0,3,0,0,1,1,8,1,0,0,1,0
204,2017,Haryana,6,Kurukshetra,68,Kurukshetra,,4,5,0,0,0,143,0,0,0,16,24,0,0,6,0,0,0,34,0,3,0,46,0,1,0,0,0,0,0,0,8,0,0,0,34,12,4,0,2,0,0
205,2017,Haryana,6,Mahendragarh,69,Mahendergarh,,9,0,0,0,0,55,0,0,0,11,0,0,0,0,0,0,0,24,0,1,0,48,0,3,0,2,0,0,0,0,0,0,0,0,12,6,1,0,3,0,0
206,2017,Haryana,6,Palwal,619,Palwal,,11,3,0,2,0,137,0,0,0,14,30,0,0,9,0,0,0,21,5,2,0,50,3,9,0,6,0,0,2,1,1,0,0,0,21,19,0,0,0,0,0
207,2017,Haryana,6,Panchkula,70,Panchkula,,3,0,0,0,0,50,0,0,0,12,6,0,0,0,0,0,0,19,0,2,0,22,0,4,0,0,0,0,0,0,0,0,0,0,19,5,2,0,0,0,0
208,2017,Haryana,6,Panipat,71,Panipat,,13,11,0,1,0,254,0,0,0,81,0,94,0,295,1,0,0,72,0,11,0,93,56,5,0,0,2,1,1,0,0,1,0,0,28,44,8,0,0,0,0
209,2017,Haryana,6,Rewari,72,Rewari,,11,5,1,0,0,97,0,0,1,5,0,39,0,4,0,0,0,36,0,4,0,38,9,0,0,1,0,0,0,0,0,0,0,3,17,9,0,0,0,0,0
210,2017,Haryana,6,Rohtak,73,Rohtak,,15,6,0,0,0,274,1,0,0,37,10,22,0,234,1,0,0,70,20,12,3,204,21,11,0,1,5,0,3,0,0,0,0,1,13,18,8,0,0,0,0
211,2017,Haryana,6,Sirsa,74,Sirsa,,2,11,0,0,0,94,0,1,1,8,2,35,0,16,2,0,0,19,0,2,0,31,0,6,0,1,3,0,0,0,0,0,0,0,19,11,0,0,0,0,0
212,2017,Haryana,6,Sonipat,75,Sonipat,,14,14,0,0,0,221,0,0,0,46,0,30,0,159,0,0,0,54,16,15,0,152,10,3,0,0,0,0,0,0,3,0,0,0,46,18,13,0,1,0,0
213,2017,Haryana,6,Yamunanagar,76,Yamunanagar,0,7,7,0,0,0,157,0,0,1,53,48,0,0,168,1,1,0,49,1,6,0,49,0,0,0,0,0,0,0,0,0,0,1,4,25,19,4,0,0,0,0
214,2017,Haryana,6,Charki Dadri,701,Charkhi Dadri,0,2,3,2,0,0,30,0,0,0,6,0,3,0,0,0,0,0,15,4,4,1,43,2,6,0,0,0,0,0,0,0,0,0,0,0,0,1,0,0,0,0
215,2017,Haryana,6,Hisar,63,Hansi,0,3,5,0,0,0,52,0,0,0,3,0,7,0,0,0,0,0,7,6,2,1,25,3,3,0,0,0,0,0,0,0,0,0,0,6,8,0,0,0,0,0
216,2017,Himachal Pradesh,2,Solan,25,Baddi,2,1,3,0,0,0,12,2,0,0,0,0,2,0,0,0,0,0,6,4,0,0,5,2,0,0,0,0,0,0,0,0,0,0,0,0,0,0,0,0,0,0
217,2017,Himachal Pradesh,2,Bilaspur,15,Bilaspur,0,0,3,0,0,0,16,6,0,0,15,2,2,0,0,0,0,0,10,15,0,1,34,3,6,0,0,0,0,0,0,0,0,2,0,0,0,0,0,0,0,0
218,2017,Himachal Pradesh,2,Chamba,16,Chamba,1,0,3,0,0,0,7,0,0,0,1,17,0,0,0,0,0,0,4,6,0,0,11,4,1,0,0,0,0,0,0,0,0,0,1,0,0,0,0,0,0,0
219,2017,Himachal Pradesh,2,Shimla,23,Cid,0,0,0,0,0,0,0,0,0,0,0,0,0,0,0,0,0,0,0,0,0,0,0,0,0,0,0,0,0,0,0,0,0,0,0,0,0,0,0,0,0,0
220,2017,Himachal Pradesh,2,Shimla,23,Grp,0,0,0,0,0,0,0,0,0,0,0,0,0,0,0,0,0,0,0,0,0,0,1,0,0,0,0,0,0,0,0,0,0,0,0,0,0,0,0,0,0,0
221,2017,Himachal Pradesh,2,Hamirpur,17,Hamirpur,0,0,6,0,0,0,5,6,0,0,1,0,0,0,0,0,0,0,8,10,0,0,19,6,4,2,0,0,0,0,0,0,4,0,0,0,0,0,0,0,0,0
222,2017,Himachal Pradesh,2,Kangra,18,Kangra,0,0,16,0,2,0,31,0,0,0,11,29,0,0,0,0,0,0,10,27,4,2,72,8,18,0,1,4,0,0,0,0,0,4,0,0,0,0,0,0,0,0
223,2017,Himachal Pradesh,2,Kinnaur,19,Kinnaur,0,0,1,0,0,0,0,2,0,0,1,0,0,0,0,0,0,0,2,1,0,0,4,2,0,0,0,0,0,0,0,0,0,0,0,0,0,0,0,0,0,0
224,2017,Himachal Pradesh,2,Kullu,20,Kullu,0,0,0,0,0,0,12,17,0,0,0,0,0,0,0,0,0,0,7,12,0,0,25,0,4,0,0,0,0,0,0,0,0,0,0,0,0,0,0,0,0,0
225,2017,Himachal Pradesh,2,Mandi,22,Mandi,0,1,13,0,0,0,44,0,0,0,5,36,0,0,0,0,0,0,20,18,0,0,56,8,15,0,0,0,0,0,0,0,0,0,5,0,1,0,0,0,0,1
226,2017,Himachal Pradesh,2,Shimla,23,Shimla,1,0,2,2,0,0,15,20,0,0,3,9,0,0,4,0,0,0,9,20,1,0,44,4,0,0,0,2,0,0,0,0,0,0,1,0,0,0,0,0,0,0
227,2017,Himachal Pradesh,2,Sirmaur,24,Sirmaur,2,0,2,0,0,0,20,0,0,0,1,25,0,0,0,0,0,0,11,15,0,0,32,6,0,0,0,0,1,0,0,0,0,0,0,0,0,0,0,0,0,0
228,2017,Himachal Pradesh,2,Solan,25,Solan,1,1,0,0,0,0,4,6,0,0,0,0,0,0,5,0,0,0,11,8,0,0,10,2,0,0,0,0,0,0,0,1,0,0,7,2,0,0,0,0,0,0
229,2017,Himachal Pradesh,2,Una,26,Una,0,0,5,0,0,0,25,2,0,0,4,7,0,0,0,0,0,0,8,6,0,0,32,6,1,1,0,0,0,0,0,0,0,0,0,0,0,0,0,0,0,0
230,2017,Himachal Pradesh,2,Shimla,23,Cyber,0,0,0,0,0,0,0,0,0,0,0,0,0,0,0,0,0,0,0,0,0,0,0,0,0,0,0,0,0,0,0,0,0,0,0,0,0,0,0,0,0,0
231,2017,Jammu And Kashmir,1,Anantnag,1,Anantnag,0,0,0,0,0,0,16,0,0,0,40,0,0,0,39,0,0,0,11,0,0,0,100,0,7,0,1,0,0,0,0,0,0,0,0,0,0,0,0,0,0,0
232,2017,Jammu And Kashmir,1,Pulwama,11,Awantipora,0,0,0,0,0,0,5,0,0,0,32,0,0,0,0,0,0,0,1,0,1,0,42,0,0,0,0,0,0,0,0,0,0,0,0,0,0,0,0,0,0,0
233,2017,Jammu And Kashmir,1,Bandipora,623,Bandipora,0,0,0,0,0,0,2,0,0,0,27,0,0,0,0,0,0,0,4,0,0,0,47,0,0,0,0,0,0,0,0,0,0,0,0,0,0,0,0,0,0,0
234,2017,Jammu And Kashmir,1,Baramulla,3,Baramulla,0,0,0,2,0,0,46,55,0,0,0,0,0,0,0,0,0,0,4,0,0,0,60,0,0,0,0,0,0,0,0,0,0,0,0,0,0,0,0,0,0,0
235,2017,Jammu And Kashmir,1,Budgam,2,Budgam,0,0,0,0,0,0,2,0,0,0,66,0,0,0,0,0,0,0,10,0,0,0,155,0,0,0,0,0,0,0,0,0,0,0,0,0,0,0,0,0,0,0
236,2017,Jammu And Kashmir,1,Jammu,5,Crime Jammu,0,0,0,0,0,0,0,0,0,0,0,0,0,0,0,0,0,0,0,0,0,0,1,0,0,0,0,0,0,0,0,0,0,0,1,0,0,0,0,0,0,0
237,2017,Jammu And Kashmir,1,Srinagar,13,Crime Srinagar,0,0,0,0,0,0,0,0,0,0,0,0,0,0,0,0,0,0,0,0,0,0,0,0,0,0,0,0,0,0,0,0,0,0,0,0,0,0,0,0,0,0
238,2017,Jammu And Kashmir,1,Doda,4,Doda,0,0,0,3,0,0,7,32,0,0,0,0,0,0,0,0,0,0,15,0,0,0,16,0,0,0,0,0,0,0,0,0,0,0,0,0,0,0,0,0,0,0
239,2017,Jammu And Kashmir,1,Ganderbal,626,Ganderbal,0,0,0,0,0,0,10,19,0,0,11,0,0,0,0,0,0,0,4,0,2,0,72,0,0,0,0,0,0,0,0,0,0,0,0,0,0,0,0,0,0,0
240,2017,Jammu And Kashmir,1,Kupwara,8,Handwara,0,0,2,0,1,0,4,0,0,0,13,0,0,0,0,0,0,0,8,0,6,0,61,0,0,0,0,0,0,0,0,0,0,0,0,0,0,0,0,0,0,0
241,2017,Jammu And Kashmir,1,Jammu,5,Jammu,0,4,9,0,0,0,64,0,0,0,0,0,0,0,114,0,0,0,49,0,0,0,100,0,24,0,0,0,0,0,0,0,0,0,0,0,0,0,0,0,0,0
242,2017,Jammu And Kashmir,1,Kathua,7,Kathua,0,2,1,0,0,0,12,16,0,0,7,0,0,0,0,0,0,0,8,8,2,0,19,3,2,0,0,0,0,0,0,0,0,0,0,0,0,0,0,0,0,0
243,2017,Jammu And Kashmir,1,Kishtwar,620,Kishtwar,0,0,2,0,0,0,4,10,0,0,7,0,0,0,0,0,0,0,2,2,0,0,26,0,0,0,0,0,0,0,0,0,0,0,0,0,0,0,0,0,0,0
244,2017,Jammu And Kashmir,1,Kulgam,622,Kulgam,0,0,0,0,0,0,11,0,0,0,42,0,0,0,0,0,0,0,22,0,0,0,99,0,0,0,0,0,0,0,0,0,0,0,0,0,0,0,0,0,0,0
245,2017,Jammu And Kashmir,1,Kupwara,8,Kupwara,0,0,0,0,0,0,13,0,0,0,54,0,0,0,0,0,0,0,12,0,0,0,31,0,0,0,0,0,0,0,0,0,0,0,0,0,0,0,0,0,0,0
246,2017,Jammu And Kashmir,1,Poonch,10,Poonch,0,0,1,0,0,0,8,14,0,0,17,0,0,0,0,0,0,0,8,7,0,1,31,2,1,1,0,0,0,0,0,0,0,2,0,0,0,0,0,0,0,0
247,2017,Jammu And Kashmir,1,Pulwama,11,Pulwama,0,0,0,0,0,0,4,0,0,0,12,0,0,0,0,0,0,0,1,2,1,0,32,0,0,0,0,0,0,0,0,0,0,0,0,0,0,0,0,0,0,0
248,2017,Jammu And Kashmir,1,Jammu,5,Railways Jammu,0,0,0,0,0,0,0,0,0,0,0,0,0,0,0,0,0,0,0,0,0,0,0,0,0,0,0,0,0,0,0,0,0,0,0,0,0,0,0,0,0,0
249,2017,Jammu And Kashmir,1,Jammu,5,Railways Kashmir,0,0,0,0,0,0,0,0,0,0,0,0,0,0,0,0,0,0,0,0,0,0,0,0,0,0,0,0,0,0,0,0,0,0,0,0,0,0,0,0,0,0
250,2017,Jammu And Kashmir,1,Reasi,627,Railways Katra,0,0,0,0,0,0,0,0,0,0,0,0,0,0,0,0,0,0,0,0,0,0,0,0,0,0,0,0,0,0,0,0,0,0,0,0,0,0,0,0,0,0
251,2017,Jammu And Kashmir,1,Rajouri,12,Rajouri,0,0,1,0,0,0,42,0,0,0,55,0,0,0,0,0,0,0,29,0,0,0,55,0,0,0,0,0,0,0,0,0,0,0,0,0,0,0,0,0,0,0
252,2017,Jammu And Kashmir,1,Ramban,621,Ramban,0,0,3,0,0,0,6,12,0,0,11,0,0,0,0,0,0,0,12,4,1,1,28,0,1,0,0,0,0,0,0,0,0,0,0,0,0,0,0,0,0,0
253,2017,Jammu And Kashmir,1,Reasi,627,Reasi,0,0,0,0,0,0,5,8,0,0,13,0,0,0,0,0,0,0,24,0,0,0,31,0,5,0,0,0,0,0,0,0,0,0,0,0,0,0,0,0,0,0
254,2017,Jammu And Kashmir,1,Samba,624,Samba,0,1,1,2,0,0,11,8,0,0,8,0,0,0,0,0,0,0,8,0,0,0,10,0,0,0,0,0,0,0,0,0,0,0,0,0,0,0,0,0,0,0
255,2017,Jammu And Kashmir,1,Shopian,625,Shopian,,0,0,0,0,0,4,18,0,0,6,0,0,0,0,0,0,0,1,0,0,0,51,0,0,0,0,0,0,0,0,0,0,0,0,0,0,0,0,0,0,0
256,2017,Jammu And Kashmir,1,Baramulla,3,Sopore,,0,1,0,0,0,8,23,0,0,16,0,0,0,0,0,0,0,1,1,1,1,74,0,0,0,0,0,0,0,0,0,0,0,0,0,0,0,0,0,0,0
257,2017,Jammu And Kashmir,1,Srinagar,13,Srinagar,,0,2,0,0,0,52,67,0,0,26,0,0,0,0,0,0,0,7,4,1,2,229,0,0,0,0,0,0,0,0,0,0,0,1,0,0,0,0,0,0,0
258,2017,Jammu And Kashmir,1,Udhampur,14,Udhampur,,1,2,0,0,0,41,20,0,0,7,0,0,0,0,0,0,0,11,14,0,0,40,0,0,0,0,0,0,0,0,0,0,0,0,0,0,0,0,0,0,0
259,2017,Jharkhand,20,Bokaro,322,Bokaro,,17,0,0,0,0,70,0,0,0,71,0,0,0,0,0,0,0,52,15,0,0,4,0,0,0,37,0,0,0,0,0,70,0,0,0,0,0,0,0,0,0
260,2017,Jharkhand,20,West Singhbhum,343,Chaibasa,,4,0,0,0,0,13,2,1,0,0,0,14,0,0,5,0,0,33,21,0,6,5,12,0,0,15,0,0,0,0,0,0,0,0,0,0,0,0,0,0,0
261,2017,Jharkhand,20,Chatra,323,Chatra,,17,0,0,0,0,18,9,0,0,0,17,0,0,0,0,0,0,29,0,0,0,15,0,0,0,45,0,0,0,0,0,0,0,0,11,0,0,0,0,0,0
262,2017,Jharkhand,20,Deoghar,324,Deoghar,,21,0,0,0,0,64,0,0,0,24,0,0,0,0,0,0,0,29,0,7,0,77,0,2,0,121,0,0,0,0,0,0,0,0,7,0,0,0,0,0,0
263,2017,Jharkhand,20,Dhanbad,325,Dhanbad,,16,0,0,0,0,39,0,0,0,0,1,40,0,0,0,0,0,37,0,0,0,37,13,0,0,60,0,0,0,0,0,0,0,0,0,0,30,0,0,0,0
264,2017,Jharkhand,20,Dhanbad,325,Dhanbad Railway,,0,0,0,0,0,0,0,1,0,0,0,1,0,0,0,0,0,2,0,0,0,7,0,0,0,0,0,0,0,0,0,0,0,0,0,1,0,0,0,0,0
265,2017,Jharkhand,20,Dumka,326,Dumka,,11,9,0,0,0,16,5,0,0,0,0,17,0,0,0,0,0,25,0,2,0,12,0,0,0,17,0,0,0,0,0,0,0,0,27,0,0,0,0,0,0
266,2017,Jharkhand,20,Garhwa,328,Garhwa,,26,0,0,0,0,43,0,0,0,0,0,43,0,0,0,0,0,28,0,0,4,65,0,0,0,104,0,0,0,0,0,0,0,0,23,0,0,0,0,0,0
267,2017,Jharkhand,20,Giridih,329,Giridih,,38,0,0,0,0,49,0,0,0,29,34,0,0,35,1,0,0,60,10,26,0,103,44,0,0,96,0,0,0,0,1,0,0,0,10,0,0,0,0,0,0
268,2017,Jharkhand,20,Godda,330,Godda,,4,0,0,0,0,126,0,0,22,0,44,40,0,17,1,0,0,35,14,0,0,0,0,0,0,0,0,0,0,0,0,0,0,0,0,0,0,0,0,0,0
269,2017,Jharkhand,20,Gumla,331,Gumla,,0,0,0,0,0,13,0,0,1,2,0,16,0,1,0,0,0,40,14,6,2,14,1,1,1,21,0,0,0,0,0,0,0,0,16,6,3,0,0,0,0
270,2017,Jharkhand,20,Hazaribagh,332,Hazaribagh,,22,0,0,0,0,39,10,4,8,0,21,32,0,58,1,0,0,72,0,11,0,19,0,3,0,127,0,0,0,0,0,0,0,0,23,0,1,2,0,0,0
271,2017,Jharkhand,20,East Singhbum,327,Jamshedpur,,12,5,0,0,0,70,10,0,0,65,0,0,0,0,4,0,0,85,0,14,0,50,0,0,0,141,0,0,0,0,3,0,0,0,28,0,0,0,0,0,0
272,2017,Jharkhand,20,East Singhbum,327,Jamshedpur Railway,0,0,0,0,0,0,0,1,0,0,0,0,0,0,0,0,0,0,0,0,0,0,3,0,0,0,0,0,0,0,0,0,0,0,0,0,0,0,0,0,0,0
273,2017,Jharkhand,20,Jamtara,333,Jamtara,0,5,0,0,0,0,90,0,0,0,19,0,17,0,0,0,0,0,26,0,4,0,61,0,0,0,42,0,0,0,0,0,0,0,0,19,0,0,0,0,0,0
274,2017,Jharkhand,20,Khunti,606,Khunti,0,7,0,0,0,0,3,0,0,0,6,0,0,0,0,0,0,0,11,0,2,0,2,0,0,0,12,0,0,0,0,0,0,0,0,7,0,0,0,0,0,0
275,2017,Jharkhand,20,Koderma,334,Koderma,0,5,0,0,0,0,24,0,0,0,6,19,0,0,0,0,0,0,18,0,0,0,0,0,0,0,28,0,0,0,0,0,0,0,0,14,10,0,0,0,0,0
276,2017,Jharkhand,20,Latehar,335,Latehar,0,4,0,0,0,0,5,0,0,0,16,0,0,0,0,2,0,0,29,0,5,0,28,0,7,0,15,0,0,0,0,0,0,0,0,12,7,0,0,0,0,0
277,2017,Jharkhand,20,Lohardaga,336,Lohardagga,0,1,0,0,0,0,13,0,3,1,0,0,0,0,7,0,0,0,37,0,0,0,3,0,0,0,13,0,0,0,0,0,0,0,0,0,0,0,0,0,0,0
278,2017,Jharkhand,20,Pakur,337,Pakur,0,0,0,0,0,0,16,0,0,0,2,0,4,0,0,1,0,0,43,0,5,15,13,1,0,0,37,0,0,0,0,0,0,0,0,0,0,0,0,0,0,0
279,2017,Jharkhand,20,Palamu,338,Palamu,6,21,0,0,0,0,88,0,0,0,48,52,4,0,3,4,0,0,31,4,1,0,2,14,80,0,90,0,0,0,0,0,0,0,0,0,0,0,6,32,5,0
280,2017,Jharkhand,20,Ramgarh,607,Ramgarh,0,7,0,0,0,0,14,5,4,4,0,0,0,0,36,0,0,0,15,0,1,0,23,0,0,0,27,0,0,0,0,0,0,0,0,0,0,0,16,0,0,0
281,2017,Jharkhand,20,Ranchi,339,Ranchi,0,0,0,0,0,0,0,0,0,0,6,0,0,0,0,0,14,3,12,2,0,0,25,0,0,0,118,0,0,0,0,0,0,0,0,1,2,1,0,0,0,0
282,2017,Jharkhand,20,Sahebganj,340,Sahebganj,0,4,3,0,0,0,144,0,0,0,0,0,23,0,0,0,0,0,48,0,39,0,78,0,0,0,0,0,0,0,0,0,0,0,0,24,0,0,0,0,0,0
283,2017,Jharkhand,20,Saraikela Kharsawan,341,Saraikela,0,6,2,0,0,0,27,2,0,0,14,0,25,0,0,0,0,0,13,0,5,13,17,0,10,0,20,0,0,0,0,0,0,0,0,14,2,0,0,0,0,0
284,2017,Jharkhand,20,Simdega,342,Simdega,0,0,0,0,0,0,14,0,0,0,11,0,0,0,0,0,0,0,24,0,0,0,0,0,0,0,0,0,0,0,0,0,0,0,0,17,0,0,0,0,0,0
285,2017,Karnataka,29,Bagalkote,524,Bagalkot,1,5,3,0,0,0,33,3,0,0,1,0,1,0,0,0,0,0,2,0,0,0,136,0,1,0,32,0,0,0,0,0,0,0,0,21,4,8,0,0,1,0
286,2017,Karnataka,29,Bengaluru Urban,525,Bengaluru City,2,48,89,3,2,0,493,409,0,3,1,3,14,0,2,3,0,0,130,0,1,0,975,1,105,0,728,36,49,35,4,4,0,17,5,276,83,33,1,6,4,0
287,2017,Karnataka,29,Bengaluru Urban,525,Bengaluru District,0,19,0,0,0,0,61,0,0,0,11,0,10,0,0,0,0,0,20,0,0,0,149,0,8,0,38,0,0,0,0,0,0,0,0,42,10,6,0,0,0,0
288,2017,Karnataka,29,Belagavi,527,Belagavi District,0,4,7,0,0,0,116,33,0,1,0,0,10,0,6,0,0,0,30,0,0,0,243,0,1,0,12,1,0,0,0,0,0,0,0,45,10,3,0,1,0,0
289,2017,Karnataka,29,Ballari,528,Ballari,0,7,2,0,0,0,37,21,0,0,1,0,0,0,19,0,0,0,13,0,0,0,126,2,1,0,68,2,0,0,0,1,0,0,0,36,5,1,2,0,0,0
290,2017,Karnataka,29,Bidar,529,Bidar,0,9,2,0,0,0,83,6,0,0,2,1,7,0,2,0,0,0,10,0,0,0,100,0,5,0,17,0,3,0,0,0,0,0,0,18,6,10,1,0,0,0
291,2017,Karnataka,29,Vijayapura,530,Vijayapura,2,1,4,0,0,0,105,27,0,1,1,0,0,0,6,0,0,0,24,0,1,0,125,0,0,0,3,0,0,0,0,0,0,0,0,34,0,0,9,0,0,0
292,2017,Karnataka,29,Chikkaballapura,630,Chikkaballapura,0,10,8,0,0,0,21,4,0,0,0,0,0,0,0,0,0,0,5,0,0,0,51,0,0,0,14,0,0,0,0,0,0,0,0,60,13,0,0,0,0,0
293,2017,Karnataka,29,Chamarajanagara,531,Chamarajnagar,0,2,5,0,0,0,24,0,0,0,0,0,0,0,0,0,0,0,7,0,0,0,135,0,0,0,6,0,1,0,0,0,0,5,0,14,0,0,12,0,0,0
294,2017,Karnataka,29,Chikkamagaluru,532,Chikkamagaluru,0,6,5,0,0,0,50,3,0,0,0,0,4,0,0,0,0,0,11,0,0,0,244,0,3,0,8,1,0,0,0,1,0,0,0,32,12,3,0,4,0,0
295,2017,Karnataka,29,Chitradurga,533,Chitradurga,0,4,3,0,0,0,48,3,0,0,0,0,14,0,0,0,0,0,17,0,2,0,213,0,1,0,41,1,0,1,0,0,0,0,0,18,6,0,3,0,0,1
296,2017,Karnataka,29,Dakshina Kannada,534,Dakshina Kannada,0,0,4,0,0,0,22,0,0,0,0,0,0,0,0,0,0,0,20,0,1,0,51,0,3,0,2,0,1,0,0,0,0,0,1,24,12,14,0,1,0,0
297,2017,Karnataka,29,Davangere,535,Davanagere,0,5,6,0,0,0,51,8,0,0,2,0,0,0,1,0,0,0,13,0,1,0,195,0,2,0,40,8,0,0,1,0,0,0,0,41,5,5,0,0,0,0
298,2017,Karnataka,29,Dharwad,536,Dharwad,1,2,2,0,0,0,19,1,0,0,0,0,0,0,0,0,0,0,8,0,0,0,42,0,0,0,0,0,0,0,0,0,0,0,0,22,5,0,0,0,0,0
299,2017,Karnataka,29,Gadag,537,Gadag,0,0,5,0,0,0,28,4,0,0,0,0,0,0,0,0,0,0,8,0,2,0,65,0,0,0,1,0,0,0,0,3,0,0,0,16,0,0,0,0,0,0
300,2017,Karnataka,29,Kalaburagi,538,Kalaburgi,0,7,3,0,0,0,105,13,0,0,6,0,4,0,3,0,0,0,16,0,0,0,128,0,34,1,42,8,0,0,0,0,0,0,0,51,7,5,0,2,0,0
301,2017,Karnataka,29,Hassan,539,Hassan,0,9,1,1,0,0,57,39,0,0,4,0,0,0,9,1,0,0,18,0,0,0,235,0,4,0,56,0,0,0,0,2,0,0,0,31,26,0,0,0,0,0
302,2017,Karnataka,29,Haveri,540,Haveri,0,8,9,0,0,0,39,7,0,0,0,0,0,0,0,0,0,0,17,0,0,0,112,0,0,0,20,0,0,0,0,2,0,0,0,37,0,21,0,0,0,0
303,2017,Karnataka,29,Dharwad,536,Hubballi Dharwad City,0,2,3,0,0,0,48,2,0,0,0,0,0,0,5,0,0,0,5,0,0,0,40,0,1,0,0,1,9,0,0,0,0,0,2,11,10,1,2,1,0,0
304,2017,Karnataka,29,Belagavi,527,K.G.F.,0,5,1,0,0,0,5,1,0,0,1,0,0,0,0,0,0,0,5,0,0,0,22,0,1,0,7,0,0,0,0,0,0,0,0,13,0,1,0,0,0,0
305,2017,Karnataka,29,Kodagu,541,Kodagu,0,1,1,0,0,0,22,0,0,0,0,2,2,0,0,0,0,0,7,0,0,0,37,0,1,0,0,0,0,0,0,7,0,0,0,33,6,0,8,0,0,0
306,2017,Karnataka,29,Kolar,542,Kolar,0,7,1,0,0,0,23,2,0,0,0,0,3,0,0,0,0,0,9,0,0,0,64,0,0,0,29,0,0,0,0,0,0,2,0,21,2,4,0,0,0,0
307,2017,Karnataka,29,Koppal,543,Koppal,0,3,17,0,0,0,49,0,0,0,0,0,0,0,0,0,0,0,15,0,0,0,86,0,1,0,1,0,0,1,0,0,0,0,0,27,5,5,0,0,0,0
308,2017,Karnataka,29,Mandya,544,Mandya,0,5,7,0,0,0,69,17,0,0,15,0,0,0,0,0,0,0,13,0,1,0,362,0,6,0,54,0,0,0,3,4,0,0,0,42,8,29,0,0,0,0
309,2017,Karnataka,29,Dakshina Kannada,534,Mangaluru City,0,1,4,1,0,0,52,0,0,0,0,0,0,0,0,1,0,0,8,0,0,0,88,0,6,0,20,0,0,0,0,22,0,0,2,29,17,5,0,0,0,0
310,2017,Karnataka,29,Mysuru,545,Mysuru City,0,4,11,0,0,0,29,1,0,0,1,1,0,0,0,0,0,0,13,0,1,0,109,0,4,0,60,0,0,0,0,0,0,0,0,29,10,0,0,0,0,0
311,2017,Karnataka,29,Mysuru,545,Mysuru District,1,6,1,0,0,0,72,7,0,0,0,1,0,0,0,0,0,0,9,0,0,0,270,0,1,0,22,0,2,0,4,1,0,0,0,50,31,0,0,0,0,0
312,2017,Karnataka,29,Raichur,546,Raichur,0,3,9,0,0,0,133,8,0,2,1,0,0,0,0,4,0,0,12,0,0,0,212,0,1,0,71,1,0,0,0,0,0,0,0,33,8,8,0,0,0,0
313,2017,Karnataka,29,Bengaluru Urban,525,K.Railways,0,0,0,0,0,0,1,3,0,0,0,0,0,0,0,0,0,0,0,0,0,0,4,0,0,0,0,0,0,0,0,0,0,0,0,3,0,0,0,0,0,0
314,2017,Karnataka,29,Ramanagara,631,Ramanagara,0,9,8,0,0,0,55,4,0,0,0,0,0,0,0,0,0,0,12,0,1,0,177,0,1,0,31,0,0,0,0,0,0,0,0,21,12,0,8,0,0,0
315,2017,Karnataka,29,Shivamogga,547,Shimoga,0,1,0,0,0,0,191,60,0,0,1,0,0,0,0,1,0,0,19,0,0,0,443,0,5,0,0,3,0,0,0,0,0,0,0,56,13,9,0,5,0,0
316,2017,Karnataka,29,Tumakuru,548,Tumakuru,0,8,2,0,0,0,36,30,0,0,0,0,21,0,0,0,0,0,17,0,1,0,71,0,5,0,61,0,0,0,0,4,0,0,0,41,18,12,0,0,0,0
317,2017,Karnataka,29,Udupi,549,Udupi,0,2,0,0,0,0,31,2,0,0,0,0,0,0,0,0,0,0,13,1,0,0,112,0,2,0,3,0,0,0,0,1,0,0,0,26,4,8,0,0,0,0
318,2017,Karnataka,29,Uttara Kannada,550,Uttara Kannada,0,0,3,0,0,0,30,1,0,0,1,0,0,0,0,0,0,0,11,0,0,0,150,0,7,0,17,1,0,0,0,0,0,0,0,20,12,4,0,1,0,0
319,2017,Karnataka,29,Yadgir,635,Yadgiri,0,3,4,0,0,0,50,0,0,0,5,2,6,0,0,0,0,0,3,0,0,0,136,0,0,0,20,0,0,0,0,0,0,0,0,15,2,1,0,0,0,0
320,2017,Karnataka,29,Belagavi,527,Belagavi City,0,0,4,1,0,0,44,12,0,0,1,2,8,0,5,2,0,0,5,0,0,0,52,0,1,0,43,3,0,4,0,0,0,0,0,17,2,4,0,0,0,0
321,2017,Kerala,32,Alappuzha,554,Alapuzha,0,0,4,0,2,0,117,9,0,0,0,5,0,0,1,0,0,0,38,57,7,2,268,16,17,1,1,0,0,1,0,0,16,0,1,1,34,4,0,2,0,0
322,2017,Kerala,32,Ernakulam,555,Ernakulam Commissionerate,0,0,0,0,0,0,108,1,0,1,1,7,0,0,0,6,0,0,51,34,0,0,218,35,48,3,0,0,0,0,6,0,3,1,0,1,11,0,0,0,0,0
323,2017,Kerala,32,Ernakulam,555,Ernakulam Rural,0,0,0,0,0,0,156,10,0,0,0,2,0,0,3,0,0,0,44,71,6,0,253,30,52,2,0,0,0,2,1,1,25,0,0,5,2,2,23,3,0,0
324,2017,Kerala,32,Idukki,556,Idukki,2,1,0,0,1,0,120,2,0,0,2,3,1,0,0,0,0,0,30,62,3,0,223,17,17,1,1,0,0,0,0,0,10,1,0,31,18,9,1,0,1,1
325,2017,Kerala,32,Kannur,557,Kannur,0,1,0,0,0,0,138,1,0,0,0,0,3,0,0,0,0,0,24,50,1,3,131,26,6,0,0,0,0,0,0,0,0,0,2,0,0,0,0,0,0,0
326,2017,Kerala,32,Kasaragod,558,Kasargod,0,0,6,0,0,0,115,0,0,0,0,0,0,0,7,0,0,0,37,48,0,0,114,41,11,1,0,0,0,0,0,1,3,0,0,0,0,0,21,0,0,0
327,2017,Kerala,32,Kollam,559,Kollam Commissionerate,0,1,4,0,0,0,153,2,0,0,2,7,0,0,0,0,0,0,44,51,0,0,172,11,12,0,0,0,0,0,0,0,7,0,0,0,37,10,0,0,0,0
328,2017,Kerala,32,Kollam,559,Kollam Rural,1,1,4,0,2,0,145,8,0,0,0,0,0,0,0,0,0,0,40,80,3,0,281,7,19,1,0,0,0,0,0,0,4,0,0,0,7,0,0,0,0,0
329,2017,Kerala,32,Kottayam,560,Kottayam,0,0,0,0,1,0,101,4,0,0,1,2,1,0,1,0,0,0,53,51,2,0,207,14,24,4,0,0,0,0,0,0,12,0,1,5,17,6,5,0,3,1
330,2017,Kerala,32,Kozhikode,561,Kozhikode Commissionerate,0,0,1,0,0,0,124,4,0,0,3,1,0,0,1,0,0,0,24,30,2,0,98,9,14,0,0,0,0,0,0,0,1,0,0,1,25,7,0,0,0,0
331,2017,Kerala,32,Kozhikode,561,Kozhikode Rural,1,0,2,0,1,0,248,1,0,0,1,0,4,0,7,0,0,0,41,51,6,0,265,26,7,0,1,0,0,0,0,0,1,0,0,16,31,3,3,0,2,0
332,2017,Kerala,32,Malappuram,562,Malappuram,0,4,3,0,1,0,364,5,0,0,1,3,1,0,1,0,0,0,89,76,2,0,330,27,22,0,0,0,0,0,0,1,5,0,2,15,23,4,0,0,0,2
333,2017,Kerala,32,Palakkad,563,Palakkad,0,0,4,0,0,0,203,3,0,0,5,4,0,0,1,1,0,0,73,136,0,1,128,5,9,0,0,0,0,0,0,0,1,0,0,0,35,5,2,1,1,0
334,2017,Kerala,32,Pathanamthitta,564,Pathanamthitta,0,0,0,0,0,0,83,0,0,0,0,1,0,0,0,0,0,0,36,47,0,0,153,0,8,0,0,0,0,0,0,0,13,0,0,0,34,12,0,3,0,0
335,2017,Kerala,32,Thiruvananthapuram,565,Railways,0,0,0,0,0,0,0,0,0,0,0,0,0,0,0,0,0,0,0,0,1,0,50,1,1,0,0,0,0,0,0,0,0,0,0,0,3,0,0,0,0,0
336,2017,Kerala,32,Thrissur,566,Thrissur Commissionerate,0,0,1,0,1,0,69,0,0,0,1,4,0,0,3,0,0,0,33,26,2,1,117,1,18,0,0,0,0,5,0,0,1,0,3,2,13,4,0,0,0,0
337,2017,Kerala,32,Thrissur,566,Thrissur Rural,0,0,6,0,0,0,239,4,0,0,0,1,0,0,0,0,0,0,71,49,6,0,234,16,47,2,3,0,0,0,0,0,2,0,0,6,19,8,0,0,1,0
338,2017,Kerala,32,Thiruvananthapuram,565,Trivandrum Commissionerate,0,0,0,0,0,0,78,4,0,0,2,8,0,0,1,0,0,0,38,39,1,0,231,0,23,0,0,0,2,0,0,0,15,5,3,39,30,0,0,0,0,0
339,2017,Kerala,32,Thiruvananthapuram,565,Trivandrum Rural,0,4,12,0,0,0,207,2,0,0,8,3,0,0,1,0,0,0,128,78,7,0,526,9,41,0,3,0,0,0,0,0,15,0,0,59,68,12,20,0,0,0
340,2017,Kerala,32,Wayanad,567,Wayanadu,0,0,2,0,0,0,86,4,0,0,2,1,1,0,0,0,0,0,36,32,1,0,121,0,10,0,0,0,0,0,0,1,3,0,0,30,32,3,3,8,2,0
341,2017,Kerala,32,Thiruvananthapuram,565,Crime Branch,0,0,2,0,0,0,2,0,0,0,0,0,0,0,0,0,0,0,4,1,0,0,2,0,0,0,0,0,0,0,0,0,0,3,0,0,1,1,1,0,0,0
342,2017,Madhya Pradesh,23,Agar-Malwa,667,Agar,0,3,3,0,0,1,19,4,0,0,3,3,0,0,0,0,0,0,18,17,0,0,74,10,0,0,0,0,0,0,0,0,0,0,0,0,0,0,0,0,0,0
343,2017,Madhya Pradesh,23,Alirajpur,639,Alirajpur,0,3,10,3,0,0,10,0,0,0,8,69,0,0,0,0,0,0,34,38,2,1,12,43,2,0,0,0,0,0,0,0,0,0,0,0,0,0,0,0,0,0
344,2017,Madhya Pradesh,23,Anuppur,390,Anuppur,0,4,7,1,0,0,78,45,0,0,0,4,0,0,0,0,0,0,26,39,2,2,68,27,2,0,0,0,0,0,0,0,0,0,0,0,0,0,0,0,0,0
345,2017,Madhya Pradesh,23,Ashoknagar,391,Ashok Nagar,1,13,10,0,0,0,81,31,0,0,0,0,0,0,0,1,0,0,24,52,0,5,115,77,3,1,0,0,0,0,0,0,0,0,0,0,0,0,0,0,0,0
346,2017,Madhya Pradesh,23,Balaghat,392,Balaghat,0,9,7,0,0,0,65,118,0,0,0,2,0,0,4,0,0,0,49,72,0,1,111,46,2,0,1,0,0,0,0,0,0,0,0,0,0,0,0,0,0,0
347,2017,Madhya Pradesh,23,Barwani,393,Barwani,0,5,10,0,0,0,25,30,0,0,2,11,0,0,0,0,0,0,32,76,0,0,74,27,5,0,0,0,0,0,0,0,0,0,0,0,0,0,0,0,0,0
348,2017,Madhya Pradesh,23,Betul,394,Betul,1,15,13,0,0,0,105,0,0,0,4,133,0,0,0,3,0,0,81,0,1,0,107,0,10,0,2,0,0,0,0,0,0,0,0,53,61,0,0,0,0,0
349,2017,Madhya Pradesh,23,Bhind,395,Bhind,0,30,11,0,0,0,106,52,0,1,0,19,0,0,0,0,0,0,41,24,3,0,120,0,0,0,2,0,0,0,0,0,0,0,0,24,0,0,0,0,0,0
350,2017,Madhya Pradesh,23,Bhopal,396,Bhopal,0,23,22,4,0,0,439,288,0,0,0,0,0,0,2,3,0,0,133,183,0,2,356,144,12,1,5,0,0,6,0,0,0,6,0,198,0,0,0,0,0,0
351,2017,Madhya Pradesh,23,Bhopal,396,Bhopal Railway,0,0,2,0,0,0,2,4,0,0,0,0,0,0,0,1,0,0,5,1,0,0,19,4,2,0,0,0,0,0,0,0,0,0,0,1,4,0,0,0,0,0
352,2017,Madhya Pradesh,23,Burhanpur,397,Burhanpur,1,0,4,0,0,0,25,30,0,0,0,3,0,0,0,0,0,0,10,27,0,1,46,20,2,0,0,0,0,0,0,0,0,0,0,0,0,0,0,0,0,0
353,2017,Madhya Pradesh,23,Chhatarpur,398,Chhatarpur,2,22,13,0,0,0,109,0,0,0,0,62,0,0,0,0,0,0,14,62,1,0,190,71,0,3,4,0,0,0,0,0,0,0,0,57,5,0,0,0,0,0
354,2017,Madhya Pradesh,23,Chhindwara,399,Chhindwara,0,19,28,0,0,0,186,186,0,0,0,0,0,0,0,0,0,0,62,172,0,0,268,101,0,0,10,0,0,0,1,0,0,0,0,0,0,0,0,0,0,0
355,2017,Madhya Pradesh,23,Damoh,400,Damoh,0,18,13,0,0,0,104,70,0,0,2,1,0,0,63,0,0,0,25,23,0,0,101,55,2,0,0,0,0,0,0,0,0,0,0,0,0,0,0,0,0,0
356,2017,Madhya Pradesh,23,Datia,401,Datia,0,7,8,0,0,0,33,42,0,0,4,0,0,0,0,0,0,0,14,10,0,0,39,25,0,0,0,0,0,0,0,1,0,0,0,0,0,0,0,0,0,0
357,2017,Madhya Pradesh,23,Dewas,402,Dewas,0,10,18,0,0,0,219,66,0,0,5,17,0,0,0,1,0,0,57,94,3,0,190,85,14,2,0,0,0,0,0,0,84,0,0,0,0,0,0,0,0,0
358,2017,Madhya Pradesh,23,Dhar,403,Dhar,1,10,25,0,1,0,74,135,0,0,5,38,0,0,2,0,0,0,81,146,0,0,227,0,7,1,0,0,0,0,0,0,0,0,0,145,66,0,0,0,0,0
359,2017,Madhya Pradesh,23,Dindori,404,Dindori,0,2,1,0,0,0,105,58,0,0,0,7,0,0,0,1,0,0,32,36,0,0,85,32,1,2,0,0,0,0,0,0,0,0,0,32,32,2,0,0,0,0
360,2017,Madhya Pradesh,23,Guna,406,Guna,0,9,4,0,0,0,117,47,0,0,2,0,0,2,0,0,0,0,117,52,3,1,40,30,0,0,0,0,0,0,0,0,0,0,0,52,34,0,0,0,0,0
361,2017,Madhya Pradesh,23,Gwalior,407,Gwalior,3,43,25,0,0,0,234,124,0,0,6,45,0,0,0,9,4,1,115,110,2,1,218,102,5,0,5,0,0,0,0,0,0,0,0,62,94,1,0,0,0,0
362,2017,Madhya Pradesh,23,Harda,408,Harda,0,1,5,0,0,0,72,44,0,0,0,0,0,0,0,0,0,0,34,48,0,0,76,46,3,0,0,0,0,0,0,0,0,0,0,0,0,0,0,0,0,0
363,2017,Madhya Pradesh,23,Narmadapuram,409,Hoshangabad,0,7,12,0,0,0,115,68,0,0,3,10,1,0,0,1,0,0,37,72,0,1,113,67,3,1,0,0,0,0,0,0,0,0,0,0,0,0,0,0,0,0
364,2017,Madhya Pradesh,23,Indore,410,Indore,0,21,28,0,1,0,368,302,0,1,18,7,0,0,2,2,0,0,121,149,2,0,255,145,44,4,0,0,0,0,10,0,0,0,0,149,145,4,0,0,1,0
365,2017,Madhya Pradesh,23,Indore,410,Indore Railway,0,0,0,0,0,0,1,0,0,0,0,0,0,0,0,0,0,0,1,1,0,0,9,1,0,0,0,0,0,0,0,0,0,0,0,0,0,0,0,0,0,0
366,2017,Madhya Pradesh,23,Jabalpur,411,Jabalpur,1,27,37,16,0,0,247,320,0,0,5,21,0,0,0,1,1,0,73,106,1,5,252,97,14,0,2,0,0,0,0,0,153,0,0,0,0,0,0,0,0,0
367,2017,Madhya Pradesh,23,Jabalpur,411,Jabalpur Railway,0,2,1,0,0,0,0,1,0,0,0,0,0,0,0,4,0,0,0,1,0,0,15,2,0,0,0,0,0,0,0,0,0,0,0,0,0,0,0,0,0,0
368,2017,Madhya Pradesh,23,Jhabua,412,Jhabua,0,0,18,0,0,0,29,207,0,0,5,17,0,0,1,0,0,0,71,42,0,0,102,39,0,0,0,0,0,0,0,0,0,0,1,0,0,0,0,0,0,0
369,2017,Madhya Pradesh,23,Katni,413,Katni,0,18,5,0,0,0,132,68,0,0,0,2,0,0,0,0,0,0,39,64,0,2,147,37,1,0,0,0,0,0,0,0,0,0,0,1,7,0,0,0,0,0
370,2017,Madhya Pradesh,23,Khandwa (East Nimar),405,Khandwa,0,2,13,4,0,0,38,34,0,0,8,24,0,0,0,2,0,0,43,70,0,0,69,119,3,0,2,0,0,0,0,0,0,0,0,0,0,0,0,0,0,0
371,2017,Madhya Pradesh,23,Khargone (West Nimar),414,Khargone,2,3,10,0,0,0,77,45,0,0,2,9,0,0,1,0,0,0,42,161,0,1,186,80,7,6,0,0,0,0,0,0,2,0,0,0,0,0,0,0,0,0
372,2017,Madhya Pradesh,23,Mandla,415,Mandla,1,5,11,0,0,0,42,83,0,0,0,11,7,0,0,0,0,0,37,28,0,0,53,29,1,0,0,0,0,0,0,0,0,0,0,0,0,0,0,0,0,0
373,2017,Madhya Pradesh,23,Mandsaur,416,Mandsaur,0,4,16,0,1,0,31,42,0,0,14,0,0,0,0,0,0,0,35,43,0,0,77,36,0,0,0,0,0,0,0,0,0,0,0,0,0,0,0,0,0,0
374,2017,Madhya Pradesh,23,Morena,417,Morena,0,35,17,0,0,0,225,32,0,0,23,0,0,0,0,0,0,0,39,46,0,1,67,50,2,0,0,0,0,0,0,0,0,0,0,0,0,0,0,0,0,0
375,2017,Madhya Pradesh,23,Narsimhapur,418,Narsinghpur,0,16,15,0,0,0,157,71,0,0,2,7,0,0,0,0,0,0,60,59,0,0,168,86,3,1,1,0,0,0,0,0,0,0,0,0,0,0,0,0,0,0
376,2017,Madhya Pradesh,23,Neemuch,419,Neemuch,0,1,13,0,0,0,25,23,0,0,0,0,1,0,1,0,2,0,11,34,0,0,46,18,6,0,0,1,0,0,0,0,0,0,0,0,0,0,0,0,0,0
377,2017,Madhya Pradesh,23,Panna,420,Panna,0,19,15,0,0,0,31,95,0,0,0,0,0,0,0,0,0,0,8,14,0,0,55,27,0,0,1,0,0,0,0,0,0,0,0,0,0,0,0,0,0,0
378,2017,Madhya Pradesh,23,Raisen,421,Raisen,0,12,14,0,0,0,84,80,0,0,7,4,0,0,0,0,0,0,60,0,1,0,156,0,7,0,0,0,0,0,0,0,0,0,0,70,0,0,0,0,0,0
379,2017,Madhya Pradesh,23,Rajgarh,422,Rajgarh,0,7,16,0,0,0,98,64,0,0,0,0,0,0,0,3,0,0,56,25,2,0,229,13,8,0,0,0,0,0,0,0,0,1,0,0,0,0,0,0,0,0
380,2017,Madhya Pradesh,23,Ratlam,423,Ratlam,0,3,14,0,0,0,164,90,0,0,3,31,0,0,2,1,1,0,45,92,0,1,120,64,13,2,1,0,0,0,0,0,0,0,0,0,0,0,0,0,0,0
381,2017,Madhya Pradesh,23,Rewa,424,Rewa,1,35,27,16,0,0,116,206,0,0,9,10,0,0,0,1,0,0,29,81,0,1,144,71,3,0,0,0,0,0,0,0,0,0,0,0,0,0,0,0,0,0
382,2017,Madhya Pradesh,23,Sagar,425,Sagar,0,28,30,0,0,0,304,0,0,0,7,179,0,0,0,0,0,0,83,130,0,2,374,164,6,0,2,0,0,0,0,0,0,0,0,0,0,0,0,0,0,0
383,2017,Madhya Pradesh,23,Satna,426,Satna,1,23,21,0,0,0,144,0,0,0,4,202,0,0,0,0,0,0,114,39,0,1,126,76,1,6,4,0,0,0,0,0,0,0,0,0,0,0,0,0,0,0
384,2017,Madhya Pradesh,23,Seoni,428,Seoni,1,9,12,0,0,0,123,81,0,0,3,0,0,0,2,1,0,0,35,18,0,1,83,47,8,0,0,0,0,0,0,0,0,0,0,0,0,0,0,0,0,0
385,2017,Madhya Pradesh,23,Shahdol,429,Shahdol,1,11,8,0,1,0,282,86,1,0,1,11,3,0,0,2,0,0,43,64,0,1,117,37,1,0,0,0,0,0,0,0,0,0,0,0,0,0,0,0,0,0
386,2017,Madhya Pradesh,23,Shajapur,430,Shajapur,1,5,8,0,0,0,32,18,0,0,0,9,0,0,0,0,0,0,22,30,1,0,64,30,2,0,0,0,0,0,0,0,0,0,0,30,30,0,8,0,0,0
387,2017,Madhya Pradesh,23,Sheopur,431,Sheopur,0,3,3,0,0,0,24,12,0,0,4,0,0,0,0,0,0,0,19,10,0,0,33,16,0,0,0,0,0,0,0,0,0,0,0,0,0,0,0,0,0,0
388,2017,Madhya Pradesh,23,Shivpuri,432,Shivpuri,1,15,9,3,0,0,62,87,0,0,1,0,0,0,0,2,0,0,46,40,0,0,136,51,1,0,1,0,4,0,0,0,0,0,0,0,0,0,0,0,0,0
389,2017,Madhya Pradesh,23,Sidhi,433,Sidhi,0,11,20,1,0,0,24,0,0,1,6,64,0,0,0,0,0,0,21,16,0,0,65,29,2,0,0,0,0,0,0,0,0,0,0,18,0,0,0,0,0,0
390,2017,Madhya Pradesh,23,Sehore,427,Sehore,0,10,18,0,0,0,203,0,0,0,9,50,0,0,1,0,0,0,42,90,0,0,55,128,0,5,0,0,0,0,0,0,0,0,0,0,0,0,0,0,0,0
391,2017,Madhya Pradesh,23,Singrauli,638,Singrauli,1,12,11,0,0,0,129,34,0,0,0,36,0,0,2,0,1,0,49,45,0,1,81,26,0,0,1,0,0,0,0,0,2,0,0,0,0,0,0,0,0,0
392,2017,Madhya Pradesh,23,Tikamgarh,434,Tikamgarh,1,21,11,0,1,0,121,13,0,0,0,0,0,0,79,3,0,0,51,80,2,0,137,86,0,1,0,0,0,0,0,0,0,0,0,0,0,0,0,0,0,1
393,2017,Madhya Pradesh,23,Ujjain,435,Ujjain,0,5,16,0,0,0,279,89,0,0,2,22,0,0,3,0,0,0,77,110,0,1,274,62,4,16,0,0,0,0,0,4,0,1,0,0,0,0,0,0,0,0
394,2017,Madhya Pradesh,23,Umaria,436,Umaria,0,4,5,0,0,0,48,0,0,0,0,40,0,0,0,0,1,0,23,24,1,0,59,15,1,0,0,0,0,0,0,0,0,0,0,0,0,0,0,0,0,0
395,2017,Madhya Pradesh,23,Vidisha,437,Vidisha,0,12,14,0,0,0,136,0,0,0,12,23,0,0,0,0,0,0,60,0,1,0,156,0,12,0,0,0,0,0,0,0,0,0,0,56,93,0,0,0,0,0
396,2017,Madhya Pradesh,23,Indore,410,Cyber Crime Cell,0,0,0,0,0,0,0,0,0,0,0,0,0,0,0,0,0,0,0,0,0,0,0,0,0,0,0,0,0,0,0,0,0,13,0,0,0,0,0,0,0,0
397,2017,Maharashtra,27,Ahmednagar,466,Ahmednagar,1,14,48,0,0,0,239,166,0,0,9,47,0,0,0,0,0,0,85,0,0,0,410,0,20,0,0,0,8,0,0,0,0,0,0,53,42,0,0,0,0,0
398,2017,Maharashtra,27,Akola,467,Akola,0,9,20,0,0,0,185,27,0,0,4,28,0,0,0,0,0,0,27,0,0,1,144,0,2,0,1,0,0,0,0,0,0,0,0,41,67,0,0,0,0,0
399,2017,Maharashtra,27,Amravati,468,Amravati Commissionerate,0,2,11,0,0,1,170,64,0,0,4,3,0,0,1,0,0,0,30,0,0,0,155,0,4,0,8,0,0,0,0,0,0,0,0,30,52,0,0,0,0,0
400,2017,Maharashtra,27,Amravati,468,Amravati Rural,15,4,37,0,0,0,175,76,0,0,0,10,0,0,0,2,0,0,42,0,0,0,190,0,6,0,2,0,0,0,0,0,0,2,0,59,89,0,0,0,0,0
401,2017,Maharashtra,27,Chhatrapati Sambhajinagar,469,Aurangabad Commissionerate,0,4,15,2,0,0,227,77,0,0,9,9,0,0,2,0,0,0,39,0,0,0,339,0,4,0,0,11,0,0,0,1,0,0,0,33,83,0,0,0,0,0
402,2017,Maharashtra,27,Chhatrapati Sambhajinagar,469,Aurangabad Rural,0,14,34,4,0,0,162,26,0,0,3,29,0,0,0,0,0,0,29,0,0,0,135,0,1,0,0,0,0,0,0,2,0,0,0,31,36,0,0,0,0,0
403,2017,Maharashtra,27,Beed,470,Beed,0,12,47,0,0,0,280,55,0,0,11,5,12,0,2,1,0,0,30,0,1,0,196,0,5,0,0,2,0,3,0,0,0,1,0,35,34,0,0,0,0,0
404,2017,Maharashtra,27,Bhandara,471,Bhandara,0,0,5,0,0,0,31,77,0,0,2,3,2,0,1,1,0,0,12,0,3,0,86,0,13,0,3,5,0,0,0,0,0,0,0,24,28,0,0,0,0,0
405,2017,Maharashtra,27,Buldhana,472,Buldhana,1,10,30,1,0,0,145,34,0,2,6,29,0,0,3,0,0,0,25,0,0,0,277,0,9,0,1,2,0,0,0,0,0,0,0,39,58,0,0,0,0,0
406,2017,Maharashtra,27,Chandrapur,473,Chandrapur,1,7,12,3,0,0,136,58,0,0,3,85,0,0,0,0,0,0,32,0,0,0,147,0,32,0,3,0,0,0,0,2,0,0,0,60,58,0,0,0,0,0
407,2017,Maharashtra,27,Dhule,474,Dhule,0,5,24,0,0,0,244,0,0,0,3,49,0,0,0,0,0,0,14,5,0,0,78,15,6,2,0,0,0,0,0,0,0,0,0,15,17,0,0,0,0,0
408,2017,Maharashtra,27,Gadchiroli,475,Gadchiroli,1,0,8,0,0,0,10,25,0,0,1,4,0,0,1,0,0,0,10,0,0,0,37,0,7,0,0,0,0,0,0,0,0,0,0,25,13,0,0,0,0,0
409,2017,Maharashtra,27,Gondia,476,Gondia,0,3,8,0,0,0,40,59,0,0,1,1,0,0,0,0,0,0,27,0,0,0,94,0,3,0,4,0,0,0,0,0,0,0,0,30,38,0,0,0,0,0
410,2017,Maharashtra,27,Hingoli,477,Hingoli,0,4,4,0,0,0,63,17,0,0,6,2,5,0,0,0,1,0,16,3,0,0,64,6,2,0,0,0,0,0,0,0,2,0,0,8,18,0,0,0,0,0
411,2017,Maharashtra,27,Jalgaon,478,Jalgaon,1,3,33,0,0,0,227,5,0,0,14,68,0,0,2,1,0,0,39,0,1,0,198,0,8,0,0,0,0,0,14,0,0,0,2,28,41,0,0,0,0,0
412,2017,Maharashtra,27,Jalna,479,Jalna,1,11,4,0,0,0,215,12,0,0,12,0,0,0,18,0,0,0,30,0,0,0,177,24,0,0,0,0,0,1,0,0,1,0,4,14,10,1,0,0,0,0
413,2017,Maharashtra,27,Kolhapur,480,Kolhapur,1,8,28,0,0,0,96,71,0,2,2,35,0,0,3,1,0,0,25,0,0,1,152,0,5,0,0,16,0,5,0,0,0,0,0,60,62,0,0,0,0,0
414,2017,Maharashtra,27,Latur,481,Latur,0,9,18,0,0,0,187,51,0,0,1,38,0,0,0,0,0,0,15,0,0,0,139,0,0,0,0,0,0,0,0,0,0,0,0,37,24,0,2,0,0,0
415,2017,Maharashtra,27,Mumbai,482,Mumbai Commissionerate,0,11,33,1,1,4,558,1225,1,0,3,33,5,0,9,31,1,0,287,0,1,0,1713,0,448,0,0,0,0,8,23,3,2,3,3,467,560,19,0,0,0,0
416,2017,Maharashtra,27,Mumbai,482,Mumbai Railway,,1,1,0,0,0,0,0,0,0,0,0,0,0,0,0,0,0,2,0,0,0,93,0,9,0,0,0,0,0,0,0,0,0,0,8,5,0,0,0,0,0
417,2017,Maharashtra,27,Nagpur,484,Nagpur Commissionerate,,8,13,0,0,0,212,293,0,0,2,2,0,0,2,15,0,0,71,0,0,0,278,0,10,0,3,0,0,2,27,2,2,0,1,95,108,6,0,0,0,0
418,2017,Maharashtra,27,Nagpur,484,Nagpur Railway,,2,2,0,0,0,0,9,,0,0,0,0,,0,0,0,0,0,0,0,0,20,0,1,0,0,0,0,0,0,0,0,0,0,1,4,0,0,0,0,0
419,2017,Maharashtra,27,Nagpur,484,Nagpur Rural,,5,21,0,0,0,64,143,,0,0,0,6,,0,0,0,0,60,0,0,0,129,0,15,0,4,0,0,0,0,0,0,0,0,40,83,0,1,0,0,0
420,2017,Maharashtra,27,Nanded,485,Nanded,,11,25,0,0,0,204,62,,0,2,17,0,,5,0,0,0,32,0,0,0,145,0,3,0,1,0,0,0,0,3,1,0,0,53,32,0,0,0,0,0
421,2017,Maharashtra,27,Nandurbar,486,Nandurbar,,0,6,0,0,,61,0,,0,3,28,0,,0,0,0,0,12,1,0,0,40,9,2,0,0,0,0,2,0,0,0,0,0,16,8,0,0,0,0,0
422,2017,Maharashtra,27,Nashik,487,Nasik Commissionerate,,2,9,6,0,,131,167,,0,2,0,0,,0,1,0,0,12,0,0,0,96,0,8,0,0,12,5,0,0,0,0,2,0,24,36,1,0,0,0,0
423,2017,Maharashtra,27,Nashik,487,Nasik Rural,,7,36,0,1,,243,41,,0,1,13,7,,0,1,0,0,26,0,0,0,220,0,3,5,0,0,0,2,0,0,0,3,0,44,50,0,0,0,0,0
424,2017,Maharashtra,27,Mumbai Suburban,483,Navi Mumbai,,1,20,0,0,,119,132,,1,1,0,0,,2,6,0,0,61,0,0,0,133,1,29,0,0,4,0,1,4,0,0,0,0,67,62,0,0,0,2,0
425,2017,Maharashtra,27,Dharashiv,488,Osmanabad,,8,26,0,0,,73,26,,0,3,22,0,,1,0,0,0,16,0,0,0,121,0,3,0,0,0,0,0,0,0,0,0,0,27,37,0,0,0,0,0
426,2017,Maharashtra,27,Palghar,665,Palghar,0,1,31,1,0,,63,267,,0,2,1,0,,0,16,1,0,71,0,0,0,134,0,10,0,0,8,0,0,1,0,0,0,0,105,56,1,0,0,0,0
427,2017,Maharashtra,27,Parbhani,489,Parbhani,0,4,17,0,0,,178,36,,0,1,7,0,,0,0,0,0,24,0,0,0,110,0,0,0,0,0,0,0,0,1,0,0,0,28,36,0,0,0,0,0
428,2017,Maharashtra,27,Pune,490,Pune Commissionerate,2,7,51,0,0,,332,486,0,2,6,5,0,,1,22,0,0,134,0,1,0,503,0,47,0,0,7,0,0,0,3,0,1,5,215,196,5,1,0,0,0
429,2017,Maharashtra,27,Pune,490,Pune Railway,0,0,0,0,0,,0,2,0,0,0,0,0,,0,0,0,0,1,0,0,0,4,0,0,0,0,0,0,0,0,0,0,0,0,3,1,0,0,0,0,0
430,2017,Maharashtra,27,Pune,490,Pune Rural,1,6,43,0,0,,247,323,1,6,1,26,6,,2,0,0,0,128,3,0,0,609,0,26,6,0,2,1,7,2,1,0,0,0,93,95,0,0,0,1,0
431,2017,Maharashtra,27,Raigad,491,Raigad,0,0,13,0,0,,39,55,0,0,1,2,1,,1,0,0,0,25,0,0,0,88,0,9,0,0,0,0,0,0,0,0,0,0,26,31,1,0,0,0,0
432,2017,Maharashtra,27,Ratnagiri,492,Ratnagiri,0,1,10,0,0,,13,47,0,0,1,0,0,,0,0,0,0,19,0,0,0,85,0,27,0,0,0,0,0,0,0,0,0,0,28,20,0,0,0,0,0
433,2017,Maharashtra,27,Sangli,493,Sangli,0,7,19,11,0,,92,94,0,0,8,32,0,,1,2,0,0,22,0,0,0,159,0,3,0,0,0,1,0,0,0,0,1,0,45,43,0,0,0,0,0
434,2017,Maharashtra,27,Satara,494,Satara,0,2,29,0,0,,138,135,0,0,0,13,0,,0,4,0,0,49,0,0,0,245,0,20,0,0,0,0,0,0,0,0,0,0,60,76,2,0,0,0,0
435,2017,Maharashtra,27,Sindhudurg,495,Sindhudurg,0,1,2,0,0,,2,7,0,0,0,8,0,,7,0,0,0,4,0,0,0,57,0,1,0,0,0,0,0,0,0,0,1,0,6,12,0,0,0,0,0
436,2017,Maharashtra,27,Solapur,496,Solapur Commissionerate,0,0,9,0,0,,79,0,0,0,0,7,0,,0,0,0,0,9,0,0,0,70,0,4,0,0,0,0,0,0,0,0,0,0,36,26,0,0,0,0,0
437,2017,Maharashtra,27,Solapur,496,Solapur Rural,0,6,36,0,0,,102,93,0,0,3,21,0,0,1,0,0,0,41,0,0,0,297,0,4,0,0,4,0,0,0,0,0,0,0,74,96,0,0,1,0,0
438,2017,Maharashtra,27,Thane,497,Thane Commissionerate,0,7,35,18,0,,242,334,0,0,0,3,2,0,33,11,0,0,138,0,0,0,352,0,37,0,0,17,1,0,1,6,0,0,2,107,153,0,0,0,0,0
439,2017,Maharashtra,27,Thane,497,Thane Rural,1,4,20,0,0,0,97,136,0,0,1,0,4,0,4,12,0,0,50,0,0,0,138,0,18,0,0,1,0,0,9,4,0,0,0,37,41,0,0,0,0,0
440,2017,Maharashtra,27,Wardha,498,Wardha,0,4,12,0,0,0,54,78,0,0,0,20,3,0,0,0,0,0,16,0,0,0,125,0,2,0,2,0,0,0,0,0,3,0,0,24,58,0,0,0,0,0
441,2017,Maharashtra,27,Washim,499,Washim,0,0,22,0,0,0,132,3,0,0,6,11,0,0,0,0,0,0,18,0,0,0,123,0,1,0,0,0,0,0,0,1,0,0,0,11,16,0,0,0,0,0
442,2017,Maharashtra,27,Yavatmal,500,Yavatmal,0,8,24,0,0,0,277,38,1,0,40,51,0,0,0,0,0,0,66,0,0,0,232,0,39,0,4,0,0,0,0,0,0,0,0,23,34,0,0,0,0,0
443,2017,Manipur,14,Bishnupur,252,Bishnupur,0,0,0,0,0,0,2,0,0,0,13,3,0,0,0,0,0,0,5,0,0,0,4,0,0,0,0,0,0,0,0,0,0,0,0,1,0,0,0,0,0,0
444,2017,Manipur,14,Chandel,253,Chandel,0,0,0,0,0,0,0,0,0,0,0,0,0,0,0,0,0,0,0,0,0,0,1,0,0,0,0,0,0,0,0,0,0,0,0,3,0,0,0,0,0,0
445,2017,Manipur,14,Churachandpur,254,Churachandpur,0,0,0,0,0,0,0,0,0,0,2,0,0,0,0,1,0,0,0,0,0,0,1,0,0,0,0,0,0,0,0,0,0,0,0,1,0,0,0,0,0,0
446,2017,Manipur,14,Imphal West,256,Cid,0,0,0,0,0,0,0,0,0,0,0,0,0,0,0,0,0,0,0,0,0,0,10,0,2,0,0,0,0,0,0,0,0,0,0,0,0,0,0,0,0,0
447,2017,Manipur,14,Imphal East,255,Imphal East,0,0,0,0,1,0,6,0,0,0,12,7,0,0,0,1,0,0,9,1,0,0,17,2,0,0,0,0,0,0,0,0,0,0,0,0,1,1,0,0,0,0
448,2017,Manipur,14,Imphal West,256,Imphal West,0,0,0,0,0,0,7,0,0,0,9,0,8,0,4,3,0,0,17,0,3,0,25,0,3,2,0,0,0,0,0,0,0,0,0,3,3,1,0,0,0,0
449,2017,Manipur,14,Senapati,257,Senapati,0,0,0,0,0,0,0,0,0,0,0,0,0,0,0,0,0,0,0,0,0,0,0,0,0,0,0,0,0,0,0,0,0,0,0,0,0,0,0,0,0,0
450,2017,Manipur,14,Tamenglong,258,Tamenglong,0,0,0,0,0,0,0,0,0,0,0,0,0,0,0,0,0,0,0,0,0,0,0,0,0,0,0,0,0,0,0,0,0,0,0,0,0,0,0,0,0,0
451,2017,Manipur,14,Thoubal,259,Thoubal,0,0,0,0,0,0,4,0,0,0,8,2,0,0,0,0,0,0,8,0,1,0,4,2,1,0,0,0,0,0,0,0,0,0,1,3,3,1,0,0,0,0
452,2017,Manipur,14,Ukhrul,260,Ukhrul,0,0,0,0,0,0,0,0,1,0,0,1,0,0,0,0,0,0,0,0,0,0,0,0,0,0,0,0,0,0,0,0,0,0,0,1,0,0,0,0,0,0
453,2017,Meghalaya,17,East Garo Hills,273,East Garo Hills,0,0,0,0,0,0,0,0,0,0,0,0,0,0,0,0,0,0,12,0,0,0,3,0,0,0,0,0,0,0,0,0,0,0,0,0,0,0,0,0,0,0
454,2017,Meghalaya,17,South Garo Hills,277,South Garo Hills,0,0,0,0,0,0,0,0,0,0,0,0,0,0,0,0,0,0,0,0,0,0,0,0,0,0,0,0,0,0,0,0,0,0,0,5,3,0,0,0,0,0
455,2017,Meghalaya,17,South West Garo Hills,663,South West Garo Hills,0,0,0,0,0,0,2,0,0,0,0,0,0,0,6,0,0,0,5,0,0,0,4,4,0,0,0,0,0,0,0,0,0,0,0,0,0,0,0,0,0,0
456,2017,Meghalaya,17,West Garo Hills,278,West Garo Hills,0,0,0,0,0,0,7,0,0,0,3,0,22,0,1,0,0,0,6,3,1,3,7,1,8,0,0,0,0,0,0,0,0,0,0,8,3,0,0,0,0,0
457,2017,Meghalaya,17,West Jaintia Hills,275,West Jaintia Hills,0,0,0,0,0,0,0,0,0,0,0,0,0,0,0,0,0,0,6,0,1,0,6,2,0,0,0,0,0,0,0,0,0,0,0,23,6,0,0,0,0,0
458,2017,Meghalaya,17,East Jaintia Hills,657,East Jaintia Hills,0,0,0,0,0,0,0,0,0,0,0,0,0,0,0,0,0,0,0,13,0,0,10,0,0,0,0,0,0,0,0,0,0,0,0,12,6,0,0,0,0,0
459,2017,Meghalaya,17,East Khasi Hills,274,East Khasi Hills,0,0,0,0,0,0,9,4,0,0,3,2,1,0,3,0,0,0,18,0,3,0,34,0,13,0,0,0,0,0,0,0,0,0,1,83,32,0,0,4,0,0
460,2017,Meghalaya,17,South West Khasi Hills,658,South West Khasi Hills,0,0,0,0,0,0,0,0,0,0,0,0,0,0,0,0,0,0,3,0,0,0,2,0,0,0,0,0,0,0,0,0,0,1,0,9,1,0,0,0,0,0
461,2017,Meghalaya,17,West Khasi Hills,279,West Khasi Hills,0,0,0,0,0,0,2,0,0,0,0,0,0,0,0,0,0,0,5,0,1,0,5,0,0,0,0,0,0,0,0,0,0,1,0,20,10,1,0,0,0,0
462,2017,Meghalaya,17,Ri Bhoi,276,Ri-Bhoi,0,1,1,0,0,0,0,7,0,0,0,0,0,0,2,0,0,0,15,30,4,7,4,4,0,0,1,0,0,0,0,0,0,0,0,0,0,0,0,0,0,0
463,2017,Mizoram,15,Aizawl,261,Aizawl,0,0,0,0,0,0,10,0,0,0,0,0,0,0,0,0,0,0,6,0,0,0,38,0,1,0,0,0,0,0,0,0,0,0,0,45,17,0,0,0,0,0
464,2017,Mizoram,15,Champhai,262,Champhai,0,0,0,0,0,0,2,0,0,0,0,0,0,0,0,0,0,0,5,0,0,0,0,0,0,0,0,0,0,0,0,0,0,0,0,18,12,2,0,0,0,0
465,2017,Mizoram,15,Kolasib,263,Kolasib,0,0,0,0,0,0,2,0,0,0,0,0,0,0,0,0,0,0,3,0,0,0,6,0,0,0,0,0,0,0,0,0,0,0,0,14,6,3,0,0,0,0
466,2017,Mizoram,15,Lawngtlai,264,Lawngtlai,0,0,0,0,0,0,0,0,0,0,0,0,0,0,0,0,0,0,3,0,0,0,3,0,1,0,0,0,0,0,0,0,0,0,0,7,1,0,0,0,0,0
467,2017,Mizoram,15,Lunglei,265,Lunglei,0,0,0,0,0,0,2,0,0,0,0,0,0,0,0,0,0,0,3,0,0,0,5,0,0,0,0,0,0,0,0,0,0,0,0,10,5,0,0,0,0,0
468,2017,Mizoram,15,Mamit,266,Mamit,0,0,0,0,0,0,2,0,0,0,0,0,0,0,0,0,0,0,3,0,0,0,3,1,0,0,0,0,0,0,0,0,0,0,0,13,7,2,0,0,0,0
469,2017,Mizoram,15,Siaha,267,Saiha,0,0,0,0,0,0,1,0,0,0,0,0,0,0,0,0,0,0,1,0,1,0,6,0,0,0,0,0,0,0,0,0,0,0,1,11,4,1,0,0,0,0
470,2017,Mizoram,15,Serchhip,268,Serchhip,0,0,0,0,0,0,1,0,0,0,0,0,0,0,0,0,0,0,1,0,0,0,2,0,0,0,0,0,0,0,0,0,0,0,0,5,5,0,0,0,0,0
471,2017,Mizoram,15,Aizawl,261,Spl Narcotic,0,0,0,0,0,0,0,0,0,0,0,0,0,0,0,0,0,0,0,0,0,0,0,0,0,0,0,0,0,0,0,0,0,0,0,0,0,0,0,0,0,0
472,2017,Nagaland,13,Dimapur,244,Dimapur,0,0,0,0,0,0,3,5,0,0,0,1,1,0,0,0,0,0,2,0,0,0,6,0,0,0,0,0,1,2,0,0,0,0,0,7,11,0,0,0,0,0
473,2017,Nagaland,13,Kiphire,614,Kiphire,0,0,0,0,0,0,0,0,0,0,0,0,0,0,0,0,0,0,0,1,0,0,0,0,0,0,0,0,0,0,0,0,0,0,0,0,0,0,0,0,0,0
474,2017,Nagaland,13,Kohima,245,Kohima,0,0,0,0,0,0,0,0,0,0,0,0,0,0,0,0,0,0,1,0,0,0,1,0,0,0,0,0,0,0,0,0,0,0,0,4,2,0,0,0,0,0
475,2017,Nagaland,13,Longleng,615,Longleng,0,0,0,0,0,0,0,0,0,0,0,0,0,0,0,0,0,0,0,0,0,0,0,0,0,0,0,0,0,0,0,0,0,0,0,0,0,0,0,0,0,0
476,2017,Nagaland,13,Mokokchung,246,Mokokchung,0,0,0,0,0,0,0,0,0,0,0,0,0,0,0,0,0,0,0,0,0,0,0,0,0,0,0,0,0,0,0,0,0,0,0,1,0,0,0,0,0,0
477,2017,Nagaland,13,Mon,247,Mon,0,0,0,0,0,0,0,0,0,0,0,0,0,0,0,0,0,0,1,0,0,0,0,0,0,0,0,0,0,0,0,0,0,0,0,2,0,0,0,0,0,0
478,2017,Nagaland,13,Peren,613,Peren,0,0,0,0,0,0,0,0,0,0,0,0,0,0,0,0,0,0,0,0,0,1,0,0,0,0,0,0,0,0,0,0,0,0,0,2,0,0,0,0,0,0
479,2017,Nagaland,13,Phek,248,Phek,0,0,0,0,0,0,0,0,0,0,0,0,0,0,0,0,0,0,4,0,0,0,3,0,0,0,0,0,0,0,0,0,0,0,0,1,0,0,0,0,0,0
480,2017,Nagaland,13,Tuensang,249,Tuensang,0,0,0,0,0,0,0,0,0,0,0,0,0,0,0,0,0,0,0,0,0,0,2,0,0,0,0,0,0,0,0,0,0,0,0,2,0,1,0,0,0,0
481,2017,Nagaland,13,Wokha,250,Wokha,0,0,0,0,0,0,0,0,0,0,0,0,0,0,0,0,0,0,0,0,0,0,0,0,0,0,0,0,0,0,0,0,0,0,0,5,0,0,0,0,0,0
482,2017,Nagaland,13,Zunheboto,251,Zunheboto,1,0,0,0,0,0,0,0,0,0,0,0,0,0,0,0,0,0,1,0,0,1,0,0,0,0,0,0,0,0,0,0,0,0,0,2,1,0,0,0,0,0
483,2017,Odisha,21,Anugul,344,Angul,0,16,0,0,0,0,68,26,0,0,0,0,0,0,0,0,0,0,42,16,0,0,361,0,27,0,0,0,0,0,0,2,0,0,0,0,0,0,0,0,0,0
484,2017,Odisha,21,Baleshwar,346,Balasore,0,31,12,0,1,1,95,170,0,2,0,43,0,0,53,0,0,0,39,56,7,4,708,12,37,0,350,0,0,0,0,0,0,11,0,0,0,0,0,0,0,0
485,2017,Odisha,21,Bargarh,347,Baragarh,0,8,0,0,0,0,36,76,0,0,2,0,0,0,0,0,0,0,14,27,3,0,483,0,2,0,74,3,0,0,0,0,0,0,0,0,0,0,0,0,0,0
486,2017,Odisha,21,Baleshwar,346,Berhampur,0,5,0,0,1,0,29,73,0,0,0,0,0,0,0,0,0,0,10,37,0,0,223,0,0,0,42,3,0,0,0,0,0,0,0,0,0,0,0,0,0,0
487,2017,Odisha,21,Bhadrak,348,Bhadrak,0,18,0,0,0,0,48,124,0,0,0,0,0,0,0,0,0,0,22,77,8,0,418,0,10,0,275,0,0,0,0,0,0,0,0,0,0,0,0,0,0,0
488,2017,Odisha,21,Balangir,345,Bolangir,0,2,0,0,0,0,59,0,0,0,0,0,0,0,0,0,0,0,25,34,5,0,231,0,7,0,0,0,0,0,0,0,0,0,0,0,0,0,0,0,0,0
489,2017,Odisha,21,Boudh,349,Boudh,0,2,0,0,0,0,51,0,0,0,0,0,0,0,0,0,0,0,11,16,0,0,97,0,7,0,0,0,0,0,0,0,0,0,0,0,0,0,0,0,0,0
490,2017,Odisha,21,Cuttack,350,Cuttack,0,21,0,0,0,0,41,0,0,0,0,0,0,0,0,0,0,0,17,25,7,0,179,0,9,0,142,0,0,0,0,0,0,0,0,0,0,0,0,0,0,0
491,2017,Odisha,21,Khordha,362,Dcp Bhubaneswar,0,3,0,0,0,0,119,187,0,0,0,0,0,0,732,0,0,0,23,82,15,0,409,0,119,0,184,0,0,0,0,0,0,0,0,0,0,0,0,0,0,0
492,2017,Odisha,21,Cuttack,350,Dcp Cuttack,0,0,0,0,1,0,176,0,0,0,0,0,0,0,0,1,0,0,19,27,1,0,155,0,0,0,0,0,0,0,0,5,0,0,0,0,0,0,0,0,0,0
493,2017,Odisha,21,Deogarh,351,Deogarh,0,1,0,0,0,0,27,28,0,0,0,0,0,0,0,0,0,0,10,15,1,0,110,0,2,0,32,0,0,0,0,0,0,0,0,0,0,0,0,0,0,0
494,2017,Odisha,21,Dhenkanal,352,Dhenkanal,0,18,0,0,0,0,42,73,0,0,0,0,0,0,0,1,0,0,6,21,3,0,428,0,27,0,112,0,0,0,0,0,0,0,0,0,0,0,0,0,0,0
495,2017,Odisha,21,Gajapati,353,Gajapati,0,4,0,0,0,0,38,9,0,0,2,0,0,0,0,3,0,0,10,15,0,0,73,0,4,0,0,0,0,0,0,0,0,0,0,0,0,0,0,0,0,0
496,2017,Odisha,21,Ganjam,354,Ganjam,0,26,0,0,1,0,0,0,0,0,7,0,0,0,0,0,0,0,16,67,1,0,435,0,44,0,125,1,0,0,0,0,0,0,0,0,0,0,0,0,0,0
497,2017,Odisha,21,Jagatsinghapur,355,Jagatsinghpur,0,6,0,0,0,0,62,91,0,0,0,0,0,0,0,0,0,0,38,15,5,0,303,0,6,0,86,0,0,0,0,0,0,0,0,0,0,0,0,0,0,0
498,2017,Odisha,21,Jajapur,356,Jajpur,0,43,0,0,4,0,61,62,0,0,30,0,0,0,0,0,0,0,44,53,4,0,217,10,7,2,205,0,0,0,0,2,0,0,0,53,10,2,4,0,0,0
499,2017,Odisha,21,Jharsuguda,357,Jharsuguda,0,5,0,0,0,0,14,19,0,0,0,0,0,0,0,0,0,0,11,26,0,0,136,0,6,0,28,0,0,0,0,0,0,0,0,0,0,0,0,0,0,0
500,2017,Odisha,21,Kalahandi,358,Kalahandi,0,0,0,0,0,0,75,2,1,0,0,0,0,0,0,1,0,0,31,43,0,1,368,0,26,0,0,0,0,0,0,0,0,1,0,0,0,0,0,0,0,0
501,2017,Odisha,21,Kandhamal,359,Kandhamal,0,4,0,0,0,0,108,29,0,0,18,0,0,0,14,5,0,0,40,51,1,0,149,23,0,0,51,0,0,0,0,0,0,0,0,51,23,0,0,0,0,0
502,2017,Odisha,21,Kendrapara,360,Kendrapara,0,0,0,0,0,0,206,92,0,0,0,0,0,0,0,1,0,0,24,35,8,2,272,19,26,0,0,0,0,0,0,0,0,0,0,0,0,0,0,0,0,0
503,2017,Odisha,21,Kendujhar,361,Keonjhar,0,19,0,0,0,0,198,0,0,0,26,0,0,0,0,0,0,0,38,61,12,0,460,0,8,0,0,0,0,0,0,0,0,10,0,0,0,0,0,0,0,2
504,2017,Odisha,21,Khordha,362,Khurda,0,16,0,0,2,0,26,86,0,0,0,0,0,0,0,0,0,0,31,15,16,0,140,0,14,0,123,0,0,0,0,0,0,0,0,0,0,0,0,0,0,0
505,2017,Odisha,21,Koraput,363,Koraput,0,5,0,0,0,0,88,105,0,0,0,0,0,0,0,0,0,0,39,78,1,0,280,0,0,0,100,0,0,0,0,0,0,0,0,0,0,0,0,0,0,0
506,2017,Odisha,21,Malkangiri,364,Malkangiri,0,3,0,0,0,0,42,25,0,0,0,0,0,0,0,0,0,0,11,12,0,0,79,4,11,0,15,0,0,0,0,0,0,0,0,0,0,0,3,0,0,0
507,2017,Odisha,21,Mayurbhanj,365,Mayurbhanj,0,0,2,0,1,0,267,85,0,0,4,4,0,0,13,3,0,0,64,85,15,0,299,24,14,0,0,0,0,0,0,1,0,0,0,0,0,0,0,0,0,0
508,2017,Odisha,21,Nayagarh,367,Nayagarh,0,2,0,0,0,0,46,0,0,0,0,4,0,0,12,0,0,0,18,18,4,0,130,31,1,0,98,0,0,0,0,0,0,1,0,0,0,0,0,0,0,0
509,2017,Odisha,21,Nabarangpur,366,Nabarangpur,0,2,3,0,0,0,61,40,0,0,23,30,1,0,5,1,0,0,10,66,4,0,245,16,17,1,0,0,0,0,0,0,0,0,0,46,13,1,0,0,0,0
510,2017,Odisha,21,Nuapada,368,Nuapada,0,2,0,0,0,0,44,38,0,0,0,0,0,0,0,0,0,0,6,9,2,0,184,0,9,0,42,0,0,0,0,0,0,0,0,0,0,0,0,0,0,0
511,2017,Odisha,21,Puri,369,Puri,0,32,0,0,0,0,57,125,0,0,0,0,0,0,0,2,0,0,28,35,7,0,549,10,12,7,163,0,0,0,0,3,0,0,0,0,0,0,1,0,0,0
512,2017,Odisha,21,Rayagada,370,Rayagada,9,1,0,0,0,0,117,0,0,0,0,0,0,0,1,0,0,0,24,42,5,0,94,0,7,0,0,0,0,0,0,0,0,0,0,0,0,0,0,0,0,0
513,2017,Odisha,21,Sundargarh,373,Rourkela,0,7,0,0,0,0,70,100,0,0,0,0,0,0,0,0,0,0,27,42,6,0,193,0,17,0,68,0,0,0,0,0,0,0,0,0,0,0,0,0,0,0
514,2017,Odisha,21,Sambalpur,371,Sambalpur,0,10,0,0,0,0,68,68,0,0,0,0,0,0,0,3,0,0,17,57,1,0,325,0,0,0,0,0,0,0,0,1,0,0,0,0,0,0,0,0,0,0
515,2017,Odisha,21,Sonepur,372,Sonepur,0,8,0,0,0,0,16,8,0,0,0,0,0,0,0,0,0,0,1,3,0,0,117,0,0,0,0,0,0,0,0,0,0,0,0,0,0,0,0,0,0,0
516,2017,Odisha,21,Cuttack,350,Srp(Cuttack),0,1,0,0,0,0,0,2,0,0,0,0,0,0,0,1,0,0,1,0,1,0,3,0,0,0,0,0,0,0,0,0,0,0,0,0,0,0,0,0,0,0
517,2017,Odisha,21,Sundargarh,373,Srp(Rourkela),0,0,0,0,0,0,0,1,0,0,0,0,0,0,0,0,0,0,0,1,0,0,8,0,1,0,0,0,0,0,0,0,0,0,0,0,0,0,0,0,0,0
518,2017,Odisha,21,Sundargarh,373,Sundargarh,0,5,1,1,0,0,70,0,0,0,2,0,0,0,0,0,0,0,18,23,1,0,117,5,3,0,1,0,0,0,0,0,0,0,0,0,0,0,0,0,0,0
519,2017,Punjab,3,Amritsar,27,Amritsar Rural,0,5,5,1,0,0,34,0,0,0,7,52,0,0,11,0,0,0,18,0,0,2,41,14,0,0,0,0,0,0,0,0,0,1,0,5,0,0,0,0,0,0
520,2017,Punjab,3,Barnala,605,Barnala,0,1,6,0,0,0,17,0,0,0,21,15,0,0,2,0,0,0,6,0,2,2,15,5,0,0,0,0,0,0,0,1,0,1,0,12,0,0,0,0,0,0
521,2017,Punjab,3,Gurdaspur,32,Batala,0,5,3,0,0,0,32,0,0,0,22,26,0,0,0,0,0,0,15,0,0,1,24,6,0,0,0,0,0,0,0,0,0,0,0,8,0,0,0,0,0,0
522,2017,Punjab,3,Bathinda,28,Bathinda,0,5,8,0,0,0,63,5,0,0,7,42,0,0,0,0,0,0,27,3,3,1,51,11,0,0,0,0,0,0,0,0,0,0,0,29,0,0,0,0,0,0
523,2017,Punjab,3,Amritsar,27,Cp Amritsar,0,4,6,0,2,0,58,1,0,0,2,56,0,0,10,0,0,0,7,6,0,4,31,6,1,0,0,0,0,0,0,0,0,0,1,16,6,0,0,0,0,0
524,2017,Punjab,3,Jalandhar,34,Cp Jalandhar,1,0,7,0,0,0,75,0,0,0,2,24,33,0,5,0,0,0,14,3,1,5,58,6,0,0,0,0,0,0,0,0,0,0,0,13,0,0,0,0,0,0
525,2017,Punjab,3,Ludhiana,36,Cp Ludhiana,0,11,13,0,0,0,116,0,0,0,9,124,0,0,8,0,0,0,36,34,4,5,69,12,6,0,2,0,0,0,0,0,0,0,1,34,14,0,31,1,1,4
526,2017,Punjab,3,Faridkot,29,Faridkot,0,0,5,0,0,0,26,0,0,0,1,12,0,,0,0,0,0,3,8,0,0,18,2,1,0,0,0,0,0,0,0,0,0,0,11,0,0,0,0,0,0
527,2017,Punjab,3,Fatehgarh Sahib,30,Fatehgarh Sahib,0,0,7,0,0,0,29,0,0,0,0,20,0,,2,0,0,0,4,0,0,0,20,6,0,0,0,0,0,2,0,0,0,0,0,15,1,0,0,0,0,0
528,2017,Punjab,3,Fazilka,651,Fazilka,0,3,7,0,1,0,15,1,0,0,3,18,0,,2,0,0,0,26,2,2,1,17,0,0,0,0,0,0,0,0,0,0,0,0,26,5,0,0,0,0,0
529,2017,Punjab,3,Patiala,41,Grp,0,1,3,0,0,0,1,0,0,0,1,0,1,,0,0,0,0,2,0,0,0,4,0,0,0,0,0,0,0,0,0,0,0,0,1,0,0,0,0,0,0
530,2017,Punjab,3,Gurdaspur,32,Gurdaspur,1,2,8,0,0,0,27,0,0,0,5,19,0,,1,0,0,0,17,0,2,1,12,0,0,0,0,0,0,0,0,0,0,0,0,5,0,0,0,0,0,0
531,2017,Punjab,3,Hoshiarpur,33,Hoshiarpur,0,4,7,0,0,0,78,0,0,0,1,42,0,,1,0,0,0,18,7,4,0,23,3,0,0,0,0,0,0,0,0,0,0,2,13,4,0,0,0,0,0
532,2017,Punjab,3,Jalandhar,34,Jalandhar Rural,1,4,9,1,0,0,66,1,0,0,1,9,20,,5,0,0,0,13,22,1,2,35,6,0,0,0,1,0,0,0,0,0,0,0,0,0,0,0,0,0,0
533,2017,Punjab,3,Kapurthala,35,Kapurthala,0,1,3,0,0,0,32,0,0,0,3,30,0,,0,0,0,0,7,5,0,1,14,29,4,2,0,0,0,0,0,0,0,0,2,15,0,0,0,0,0,0
534,2017,Punjab,3,Ludhiana,36,Khanna,0,0,3,0,0,0,15,0,0,0,5,24,0,,1,0,0,0,4,0,0,1,22,0,0,0,0,0,0,0,0,0,0,0,0,11,0,0,0,0,0,0
535,2017,Punjab,3,Ludhiana,36,Ludhiana Rural,0,0,7,1,0,0,15,0,0,0,0,0,0,,0,0,0,0,14,8,2,0,26,0,0,0,0,0,0,0,0,0,0,0,2,6,0,0,0,0,0,0
536,2017,Punjab,3,Mansa,37,Mansa,0,0,9,0,0,0,27,0,0,0,0,3,0,,2,0,0,0,9,0,2,0,20,0,0,0,0,0,0,0,0,0,0,0,0,17,6,0,0,0,0,0
537,2017,Punjab,3,Moga,38,Moga,0,1,5,0,0,0,37,0,0,0,2,38,0,,0,0,0,0,18,0,2,0,36,0,0,0,0,0,0,0,0,0,0,0,0,10,7,0,0,0,0,0
538,2017,Punjab,3,Sri Muktsar Sahib,39,Muktsar,0,2,6,0,0,0,17,0,0,0,2,27,0,,0,0,0,0,15,0,2,0,30,0,1,0,0,0,0,0,0,0,0,0,0,18,6,0,0,0,0,0
539,2017,Punjab,3,Pathankot,662,Pathankot,0,1,3,2,0,0,18,0,0,0,5,9,0,,0,0,0,0,4,0,1,2,9,0,1,0,0,0,0,0,0,0,0,1,0,10,3,1,0,0,0,0
540,2017,Punjab,3,Patiala,41,Patiala,0,5,15,0,1,0,91,0,0,0,11,43,0,,7,0,0,0,23,6,2,4,43,17,4,0,2,0,0,1,0,0,0,0,0,17,1,0,0,0,0,0
541,2017,Punjab,3,Rupnagar,42,Ropar,0,4,6,0,0,0,22,0,0,0,20,2,0,,0,0,0,0,10,0,3,1,23,1,1,0,0,0,0,0,0,0,0,0,0,10,5,0,0,0,0,0
542,2017,Punjab,3,Sangrur,43,Sangrur,0,4,0,2,0,0,45,0,0,0,19,33,0,,0,0,0,0,21,0,2,0,8,37,0,0,0,0,0,0,0,0,0,0,0,17,0,0,0,0,0,0
543,2017,Punjab,3,Tarn Taran,609,Tarn Taran,0,1,6,1,0,0,19,6,0,0,6,21,0,,3,0,0,0,11,4,0,2,25,4,1,0,0,0,0,0,0,0,0,0,0,7,0,0,0,0,0,0
544,2017,Punjab,3,S.A.S Nagar,608,Bureau Of Investigation,0,0,0,0,0,0,0,0,0,0,0,0,0,,0,0,0,0,0,0,0,0,0,0,0,0,0,0,0,0,0,0,0,0,0,0,0,0,0,0,0,0
545,2017,Punjab,3,S.A.S Nagar,608,Intelligence Wing,0,0,0,0,0,0,0,0,0,0,0,0,0,,0,0,0,0,0,0,0,0,0,0,0,0,0,0,0,0,0,0,0,0,0,0,0,0,0,0,0,0
546,2017,Punjab,3,S.A.S Nagar,608,Nri Wing,0,0,0,0,0,0,62,0,0,0,0,0,0,0,0,0,0,0,0,0,0,0,0,0,0,0,0,0,0,0,0,0,0,0,0,0,0,0,0,0,0,0
547,2017,Punjab,3,Amritsar,27,Special Task Force,0,0,0,0,0,0,0,0,0,0,0,0,0,0,0,0,0,0,0,0,0,0,0,0,0,0,0,0,0,0,0,0,0,0,0,0,0,0,0,0,0,0
548,2017,Rajasthan,8,Ajmer,86,Ajmer,1,16,10,0,0,0,672,96,0,0,32,11,0,0,8,0,0,0,91,20,16,5,205,10,1,1,0,3,0,0,0,1,0,1,0,27,7,0,4,1,0,0
549,2017,Rajasthan,8,Alwar,87,Alwar,0,41,2,0,0,0,706,0,0,0,88,0,166,0,0,0,0,0,267,18,96,0,262,8,2,0,1,0,0,0,0,3,0,0,0,0,0,0,0,0,0,0
550,2017,Rajasthan,8,Banswara,88,Banswara,0,5,8,0,0,0,155,7,0,0,60,42,0,0,9,0,0,0,60,11,9,0,68,2,0,0,0,0,0,0,0,0,4,0,0,14,6,0,0,2,0,0
551,2017,Rajasthan,8,Baran,89,Baran,0,5,4,0,0,0,302,5,0,0,0,0,0,0,105,0,0,0,78,24,5,0,248,19,1,0,0,0,0,0,0,0,0,0,0,0,0,0,0,0,0,1
552,2017,Rajasthan,8,Barmer,90,Barmer,0,30,5,0,0,0,208,0,0,0,16,31,0,0,0,0,0,0,71,13,25,6,191,19,0,0,0,0,0,0,0,0,0,0,0,12,26,0,0,0,0,0
553,2017,Rajasthan,8,Bharatpur,91,Bharatpur,0,48,1,0,0,1,524,23,0,5,33,4,0,0,99,1,0,0,191,0,50,0,81,0,0,0,0,0,0,1,0,1,4,0,0,25,18,0,0,28,0,0
554,2017,Rajasthan,8,Bhilwara,92,Bhilwara,0,6,10,0,1,0,522,31,0,0,9,7,13,0,125,0,0,0,103,0,3,0,289,0,0,0,0,0,0,0,0,2,0,0,0,53,27,2,0,20,0,0
555,2017,Rajasthan,8,Bikaner,93,Bikaner,0,22,7,0,0,0,384,23,1,0,4,6,0,0,31,0,0,0,109,0,8,0,69,0,0,0,0,0,0,0,0,1,0,0,0,36,3,0,0,10,0,0
556,2017,Rajasthan,8,Bundi,94,Bundi,0,4,3,0,0,0,230,16,0,0,8,0,0,0,92,1,0,0,59,16,6,0,196,0,3,0,0,0,0,0,0,2,0,0,0,16,5,3,0,9,0,0
557,2017,Rajasthan,8,Chittorgarh,95,Chittorgarh,0,3,4,0,0,0,433,15,0,0,34,2,0,0,47,0,0,0,84,0,12,0,156,0,0,0,0,0,0,0,0,0,0,0,0,8,9,1,0,15,0,0
558,2017,Rajasthan,8,Churu,96,Churu,0,7,4,0,0,0,272,0,0,0,0,0,0,0,56,0,0,0,98,0,1,0,71,0,0,0,0,0,0,0,0,1,0,0,0,36,0,0,0,0,0,0
559,2017,Rajasthan,8,Dausa,97,Dausa,0,15,3,0,0,0,183,0,0,0,50,10,0,0,0,0,0,0,20,29,3,0,18,0,0,0,0,0,0,0,0,0,0,0,0,29,0,0,0,0,0,0
560,2017,Rajasthan,8,Dholpur,98,Dholpur,0,25,2,0,0,0,214,23,0,0,16,0,0,0,30,0,0,0,46,18,28,3,58,21,0,0,0,0,0,0,0,0,0,0,0,0,0,0,22,0,0,0
561,2017,Rajasthan,8,Dungarpur,99,Dungarpur,0,5,2,0,0,0,93,0,0,0,68,4,0,0,0,0,0,0,52,36,1,0,63,9,0,0,0,0,0,0,0,3,0,0,0,1,1,0,0,0,0,0
562,2017,Rajasthan,8,Ajmer,86,Grp Ajmer,0,1,1,0,0,0,0,6,0,0,0,0,0,0,0,0,0,0,1,0,1,0,15,1,2,0,0,0,0,0,0,0,0,0,0,1,0,0,0,0,0,0
563,2017,Rajasthan,8,Jodhpur,107,Grp Jodhpur,0,0,0,0,0,0,0,1,0,0,1,1,0,0,0,0,0,0,0,0,0,0,5,0,0,0,0,0,0,0,0,0,0,0,0,1,1,0,0,0,0,0
564,2017,Rajasthan,8,Ganganagar,100,Ganganagar,0,12,7,0,0,0,549,41,0,0,10,20,0,0,35,0,0,0,111,19,20,0,154,18,0,0,0,2,0,0,0,0,0,0,0,20,21,4,1,0,0,0
565,2017,Rajasthan,8,Hanumangarh,101,Hanumangarh,0,7,2,1,0,0,379,50,0,0,4,6,4,0,0,1,0,0,93,0,17,0,84,23,0,0,0,0,0,17,0,0,0,0,0,40,23,0,3,0,1,0
566,2017,Rajasthan,8,Jaipur,102,Jaipur East,0,7,2,0,0,0,213,41,0,0,16,18,0,0,18,0,0,0,46,5,4,1,60,4,2,0,0,0,0,0,0,0,0,0,2,9,9,2,1,0,0,0
567,2017,Rajasthan,8,Jaipur,102,Jaipur North,0,7,1,0,0,0,206,79,0,0,0,0,0,0,0,0,0,0,29,12,1,0,26,0,0,0,0,0,0,0,0,0,0,0,0,4,1,0,0,18,0,0
568,2017,Rajasthan,8,Jaipur,102,Jaipur Rural,0,5,5,1,0,0,179,15,0,0,43,4,2,0,19,0,0,0,43,21,11,1,72,6,0,0,0,0,0,0,0,0,0,0,0,21,8,0,0,8,0,0
569,2017,Rajasthan,8,Jaipur,102,Jaipur South,0,10,2,0,0,0,185,52,0,1,0,0,0,0,12,0,0,0,49,5,2,0,70,1,0,0,0,0,0,0,0,2,0,0,0,5,11,0,0,0,0,0
570,2017,Rajasthan,8,Jaipur,102,Jaipur West,0,11,2,1,0,0,296,111,0,0,1,0,0,0,0,0,0,0,59,5,1,0,74,4,0,0,0,0,0,0,13,0,0,0,0,15,0,0,13,0,0,0
571,2017,Rajasthan,8,Jaisalmer,103,Jaisalmer,1,14,1,0,0,0,56,0,0,0,3,2,0,0,5,0,0,0,7,3,2,0,78,6,0,0,0,0,0,0,0,0,0,1,0,3,4,0,3,0,0,0
572,2017,Rajasthan,8,Jalore,104,Jalore,0,7,1,0,0,0,119,0,0,0,43,2,0,0,0,0,0,0,31,0,6,0,90,0,0,0,0,0,0,0,0,3,0,0,0,14,8,0,0,0,0,0
573,2017,Rajasthan,8,Jhalawar,105,Jhalawar,2,10,7,0,1,0,277,79,0,0,58,10,0,0,9,0,0,0,84,13,17,2,174,17,2,0,0,0,0,0,0,0,0,0,0,21,18,0,0,0,0,0
574,2017,Rajasthan,8,Jhunjhunu,106,Jhunjhunu,0,13,3,0,0,0,361,0,0,0,75,21,3,0,0,0,0,0,57,24,10,0,103,2,0,0,0,0,0,0,0,0,0,0,3,7,2,0,0,4,0,0
575,2017,Rajasthan,8,Jodhpur,107,Jodhpur East,0,5,0,0,0,0,177,0,0,0,61,0,0,0,0,0,0,0,30,7,1,0,90,7,0,0,0,0,0,0,0,0,0,0,0,13,0,0,0,0,0,0
576,2017,Rajasthan,8,Jodhpur,107,Jodhpur West,0,8,2,0,0,0,195,13,0,0,0,0,3,0,41,0,0,0,35,10,6,0,81,4,4,0,0,0,0,0,0,5,0,0,0,10,4,0,18,0,0,0
577,2017,Rajasthan,8,Jodhpur,107,Jodhpur Rural,0,19,0,0,0,0,146,1,0,0,3,0,0,0,58,1,0,0,59,0,10,0,113,0,0,0,0,0,0,0,0,0,0,0,0,17,10,0,8,4,0,0
578,2017,Rajasthan,8,Karauli,108,Karauli,0,16,1,0,0,0,142,33,0,0,7,2,0,0,34,0,0,0,55,13,30,0,48,6,0,0,0,0,0,0,0,0,0,0,0,0,0,0,0,0,0,0
579,2017,Rajasthan,8,Kota,109,Kota City,0,5,3,0,0,0,329,71,0,0,5,9,0,1,11,0,0,0,61,12,2,0,108,8,0,0,0,4,0,0,1,0,0,0,0,18,14,1,0,0,0,0
580,2017,Rajasthan,8,Kota,109,Kota Rural,0,3,4,2,0,0,163,13,0,0,2,2,0,0,72,0,0,0,40,15,2,0,124,15,0,0,0,0,0,0,0,0,0,0,0,5,0,0,0,0,0,0
581,2017,Rajasthan,8,Nagaur,110,Nagaur,0,12,4,0,0,0,452,91,0,0,23,16,1,0,0,1,0,0,75,23,29,4,101,14,1,0,0,1,0,1,0,0,0,0,0,0,0,0,0,4,0,4
582,2017,Rajasthan,8,Pali,111,Pali,0,7,1,0,0,0,412,3,0,0,9,0,0,0,103,0,0,0,95,20,12,0,178,25,0,0,0,1,0,0,0,1,0,0,0,13,5,0,0,10,0,0
583,2017,Rajasthan,8,Pratapgarh,629,Pratapgarh,0,5,7,0,0,0,184,9,0,0,65,1,0,0,0,0,0,0,53,44,11,0,135,4,0,0,0,0,0,0,0,0,0,0,0,37,5,0,0,5,0,0
584,2017,Rajasthan,8,Rajsamand,112,Rajsamand,0,3,5,0,0,0,199,24,0,0,9,19,0,0,11,0,0,0,19,14,1,0,74,3,0,0,0,0,0,0,0,0,0,0,0,0,0,0,1,2,0,0
585,2017,Rajasthan,8,Sawai Madhopur,113,Sawai Madhopur,0,9,2,0,0,0,207,16,0,0,40,11,0,0,21,1,0,0,41,16,12,5,74,45,0,0,0,0,0,0,10,0,0,0,0,0,0,0,0,0,0,0
586,2017,Rajasthan,8,Sikar,114,Sikar,0,16,5,0,1,0,359,0,0,0,52,0,5,0,57,0,0,0,74,21,14,0,92,0,0,0,0,0,3,0,0,0,0,0,0,9,1,0,2,8,0,0
587,2017,Rajasthan,8,Sirohi,115,Sirohi,0,2,2,0,0,0,125,15,0,0,19,6,0,0,10,0,0,0,46,16,8,0,86,4,1,0,0,0,0,0,0,0,0,0,0,16,4,0,0,6,0,0
588,2017,Rajasthan,8,Tonk,116,Tonk,0,4,1,0,0,0,282,9,0,0,9,0,0,0,54,0,0,0,17,9,7,0,39,11,0,0,0,0,0,0,0,1,1,0,0,3,4,4,0,0,0,0
589,2017,Rajasthan,8,Udaipur,117,Udaipur,0,7,17,0,0,0,418,64,0,0,61,37,0,0,44,1,0,0,154,0,23,0,244,0,4,0,0,1,0,2,0,0,0,3,0,60,11,2,4,4,0,1
590,2017,Rajasthan,8,Jaipur,102,Jaipur Metro,0,0,0,0,0,0,0,0,0,0,0,0,0,0,0,0,0,0,0,0,0,0,0,0,0,0,0,0,0,0,0,0,0,0,0,0,0,0,0,0,0,0
591,2017,Rajasthan,8,Jaipur,102,Scrb,0,0,0,0,0,0,0,0,0,0,0,0,0,0,0,0,0,0,0,0,0,0,0,0,0,0,0,0,0,0,0,0,0,0,0,0,0,0,0,0,0,0
592,2017,Rajasthan,8,Jaipur,102,Sog,0,0,0,0,0,0,0,0,0,0,0,0,0,0,0,0,0,0,0,0,0,0,0,0,0,0,0,0,0,0,0,0,0,0,0,0,0,0,0,0,0,0
593,2017,Rajasthan,8,Jaipur,102,Ssb,0,0,0,0,0,0,0,0,0,0,0,0,0,0,0,0,0,0,0,0,0,0,0,0,0,0,0,0,0,0,0,0,0,0,0,0,0,0,0,0,0,0
594,2017,Sikkim,11,Gangtok,225,East,0,0,0,0,0,0,3,20,0,0,0,0,1,0,4,0,0,0,9,0,1,0,13,0,4,0,0,0,0,0,0,0,0,0,0,26,9,1,0,0,0,0
595,2017,Sikkim,11,Mangan,226,North,0,0,0,0,0,0,0,0,0,0,0,0,0,0,0,0,0,0,1,0,0,0,0,0,0,1,0,0,0,0,0,0,0,0,0,1,2,0,0,0,0,0
596,2017,Sikkim,11,Namchi,227,South,0,0,0,0,0,0,0,1,0,0,0,0,1,0,0,0,0,0,5,0,0,0,5,1,2,0,0,0,0,0,0,0,0,0,0,18,10,2,0,0,0,0
597,2017,Sikkim,11,Gyalshing,228,West,0,0,0,0,0,0,2,0,0,0,0,0,0,0,0,0,0,0,2,0,1,0,2,0,0,0,0,0,0,0,0,0,0,0,0,10,4,1,0,0,0,0
598,2017,Tamil Nadu,33,Ariyalur,610,Ariyalur,1,1,7,0,0,0,6,0,0,0,10,0,9,0,0,0,0,0,4,0,0,0,17,0,0,0,5,0,0,0,0,0,0,0,0,33,4,0,0,1,0,0
599,2017,Tamil Nadu,33,Chennai,568,Chennai,0,3,24,0,1,0,123,7,0,1,1,2,5,0,2,0,0,0,31,0,0,0,68,3,3,0,15,180,0,24,0,0,0,0,8,83,48,6,1,2,0,1
600,2017,Tamil Nadu,33,Coimbatore,569,Coimbatore,0,0,0,0,0,0,28,16,0,0,4,0,0,0,1,0,0,0,4,0,0,0,7,0,0,0,0,0,3,0,0,0,0,0,0,31,4,0,0,0,0,0
601,2017,Tamil Nadu,33,Coimbatore,569,Coimbatore City,0,0,0,0,0,0,30,0,0,0,0,1,0,0,1,0,0,0,0,0,0,0,5,0,0,0,0,6,1,3,0,15,0,0,0,8,6,0,0,0,0,0
602,2017,Tamil Nadu,33,Cuddalore,570,Cuddalore,0,6,10,0,0,0,33,0,0,0,12,0,0,0,0,0,0,0,21,0,0,0,34,0,0,0,0,0,0,0,0,4,0,0,0,37,2,2,0,0,0,0
603,2017,Tamil Nadu,33,Dharmapuri,571,Dharmapuri,0,0,8,0,0,0,9,5,0,0,7,35,0,0,0,0,0,0,2,0,0,0,4,0,0,0,0,0,0,0,0,5,0,0,0,31,2,1,0,0,0,0
604,2017,Tamil Nadu,33,Dindigul,572,Dindigul,0,0,9,0,1,0,52,6,0,0,9,0,9,0,0,0,0,0,6,0,1,0,32,0,0,0,1,12,0,1,2,22,0,0,1,30,3,0,0,2,0,0
605,2017,Tamil Nadu,33,Erode,573,Erode,0,1,0,0,0,0,16,1,0,0,3,7,0,0,0,0,0,0,1,0,0,0,17,0,0,0,3,13,0,0,0,0,0,0,0,12,1,1,0,0,0,0
606,2017,Tamil Nadu,33,Kanchipuram,574,Kanchipuram,0,0,8,0,0,0,12,2,0,0,8,0,0,0,0,0,0,0,11,0,0,0,3,0,0,0,2,15,0,10,0,1,0,0,0,28,2,5,0,3,0,0
607,2017,Tamil Nadu,33,Kanniyakumari,575,Kanyakumari,0,3,6,0,0,0,8,1,0,0,5,8,0,0,0,1,0,0,2,0,2,0,7,0,0,0,20,9,0,0,0,0,0,2,0,44,0,0,0,0,11,0
608,2017,Tamil Nadu,33,Karur,576,Karur,0,1,3,0,0,0,3,0,0,0,3,2,0,0,0,0,0,0,3,0,0,0,3,0,0,0,4,0,0,0,0,0,0,0,0,7,5,2,0,0,0,0
609,2017,Tamil Nadu,33,Krishnagiri,577,Krishnagiri,0,2,15,0,1,0,7,0,0,0,4,10,0,0,5,0,0,0,2,0,1,0,22,0,0,0,0,0,4,0,0,0,0,0,0,31,3,3,0,2,0,0
610,2017,Tamil Nadu,33,Madurai,578,Madurai,0,1,0,0,0,0,165,0,0,0,36,23,0,0,0,0,0,0,14,0,2,0,26,0,1,0,43,0,0,0,0,0,0,0,4,38,19,10,0,3,0,1
611,2017,Tamil Nadu,33,Madurai,578,Madurai City,0,0,1,0,0,0,75,0,0,0,3,0,0,0,2,2,0,0,9,0,0,0,12,0,2,0,0,17,0,0,0,0,0,0,0,22,8,0,0,0,0,0
612,2017,Tamil Nadu,33,Nagapattinam,579,Nagapattinam,0,3,0,0,0,0,8,0,0,0,23,0,0,0,0,0,0,0,14,0,0,0,16,0,1,0,1,0,0,0,0,0,0,0,0,34,7,0,0,0,0,0
613,2017,Tamil Nadu,33,Namakkal,580,Namakkal,0,1,4,0,0,0,7,0,0,0,0,0,0,0,0,0,0,0,3,0,0,0,25,0,0,0,5,1,0,0,0,1,0,0,0,23,5,0,0,0,0,0
614,2017,Tamil Nadu,33,The Nilgiris,587,Nilgiris,0,0,4,0,0,0,3,3,0,0,0,0,0,0,0,0,0,0,3,0,0,0,7,0,0,0,0,0,7,0,0,0,0,0,0,5,9,0,0,0,0,0
615,2017,Tamil Nadu,33,Perambalur,581,Perambalur,0,0,7,0,0,0,3,0,0,0,0,0,0,0,0,0,0,0,4,0,0,0,33,0,0,0,0,0,0,0,0,0,0,0,0,12,5,0,0,0,0,0
616,2017,Tamil Nadu,33,Pudukkottai,582,Pudukottai,0,2,3,0,0,0,13,7,0,0,8,0,5,0,0,0,0,0,3,0,0,0,13,0,1,0,1,0,0,0,0,0,0,0,0,16,3,2,0,0,0,0
617,2017,Tamil Nadu,33,Ramanathapuram,583,Ramnathapuram,0,1,1,0,0,0,10,10,0,0,5,0,1,0,0,0,0,0,6,0,0,0,15,0,0,0,9,0,0,0,0,0,1,0,0,15,4,1,0,0,0,0
618,2017,Tamil Nadu,33,Chennai,568,Railway Chennai,0,0,0,0,0,0,0,0,0,0,0,0,0,,0,0,0,0,0,0,0,0,4,0,0,0,0,0,0,0,0,0,0,0,0,0,1,0,0,0,0,0
619,2017,Tamil Nadu,33,Tiruchirappalli,591,Railway Trichy,0,0,0,0,0,0,0,0,0,0,0,0,0,,0,0,0,0,0,0,0,0,1,0,0,0,0,0,0,0,0,0,0,0,0,0,0,0,0,0,0,0
620,2017,Tamil Nadu,33,Salem,584,Salem,0,2,17,0,0,0,12,9,0,0,6,0,17,,0,0,0,0,8,0,0,0,71,0,0,0,0,1,0,0,0,0,0,0,0,44,18,0,0,0,14,0
621,2017,Tamil Nadu,33,Salem,584,Salem City,0,2,5,0,0,0,2,0,0,0,3,0,0,,0,0,0,0,0,0,0,0,1,0,0,0,0,0,0,0,0,0,0,0,0,24,4,1,0,0,0,0
622,2017,Tamil Nadu,33,Sivaganga,585,Sivagangai,0,0,4,0,0,0,45,12,0,1,4,0,0,,5,0,0,0,9,0,0,0,23,0,0,0,0,2,1,1,0,0,0,1,0,27,5,3,0,0,0,0
623,2017,Tamil Nadu,33,Thanjavur,586,Thanjavur,0,1,4,0,0,0,12,11,0,0,0,0,0,,21,0,0,0,10,0,0,0,26,0,0,0,5,0,0,0,0,0,0,0,0,29,8,6,0,1,0,0
624,2017,Tamil Nadu,33,Theni,588,Theni,0,1,8,0,0,0,70,0,0,0,6,0,0,,0,0,0,0,4,0,0,0,14,0,0,0,0,0,3,0,0,0,0,0,0,50,7,4,0,1,0,0
625,2017,Tamil Nadu,33,Tirunelveli,592,Thirunelveli,0,0,3,0,0,0,36,2,0,0,5,0,0,,12,0,0,0,18,0,2,0,35,0,0,0,23,1,0,0,0,0,0,0,0,53,23,8,0,0,0,0
626,2017,Tamil Nadu,33,Tirunelveli,592,Thirunelveli City,0,0,0,0,0,0,5,2,0,0,1,0,0,,0,0,0,0,3,0,0,0,7,0,0,0,8,3,0,0,1,0,0,0,0,16,3,3,0,0,0,0
627,2017,Tamil Nadu,33,Thiruvallur,589,Thiruvallur,0,4,14,0,0,0,13,0,0,0,4,0,0,,0,0,0,0,7,0,0,0,2,0,0,0,0,0,0,2,0,2,0,0,0,18,7,0,0,0,0,0
628,2017,Tamil Nadu,33,Tiruvannamalai,593,Thiruvannamalai,0,1,4,0,0,0,23,2,0,0,6,0,11,,0,0,0,0,16,0,2,0,4,0,0,0,5,0,0,0,1,0,0,0,0,37,10,0,0,0,0,0
629,2017,Tamil Nadu,33,Thiruvarur,590,Thiruvarur,0,0,8,0,0,0,7,0,0,0,9,0,3,,0,0,0,0,3,0,0,0,10,0,0,0,4,0,0,0,0,2,0,0,0,14,3,5,0,0,0,0
630,2017,Tamil Nadu,33,Tuticorin,594,Thoothukudi,1,0,5,0,0,0,19,5,0,0,3,2,3,,2,0,0,0,14,0,1,0,34,0,0,0,5,3,0,0,0,0,0,3,5,57,14,7,0,0,0,0
631,2017,Tamil Nadu,33,Tiruppur,634,Tiruppur,0,1,4,0,0,0,15,0,0,0,0,8,0,0,1,0,0,0,0,0,0,0,12,0,0,0,0,0,0,0,0,2,0,0,0,18,6,2,0,0,0,0
632,2017,Tamil Nadu,33,Tiruppur,634,Tiruppur City,0,0,7,0,0,0,17,0,0,1,0,0,0,0,0,0,0,0,1,0,0,0,5,0,0,0,0,0,0,0,0,4,0,1,0,10,5,0,0,0,0,0
633,2017,Tamil Nadu,33,Tiruchirappalli,591,Trichy,0,1,0,0,0,0,9,0,0,0,5,0,3,0,0,0,0,0,7,0,0,0,19,0,0,0,0,0,3,0,0,0,0,1,0,19,0,0,6,0,0,0
634,2017,Tamil Nadu,33,Tiruchirappalli,591,Trichy City,0,0,14,0,0,0,9,0,0,0,2,0,0,0,0,4,0,0,4,0,0,0,6,0,0,0,5,1,2,0,3,4,0,0,0,18,7,1,1,0,0,0
635,2017,Tamil Nadu,33,Vellore,595,Vellore,0,2,0,0,0,0,32,0,0,0,43,0,0,0,0,0,0,0,8,0,0,0,38,0,1,0,23,0,0,3,0,0,0,0,0,64,14,5,0,0,0,0
636,2017,Tamil Nadu,33,Villupuram,596,Villupuram,0,6,7,0,0,0,26,16,0,0,245,25,10,0,0,0,0,0,25,0,0,0,54,0,0,0,14,1,0,0,0,0,0,0,1,80,7,8,0,0,0,0
637,2017,Tamil Nadu,33,Virudhunagar,597,Virudhunagar,0,2,6,1,0,0,21,0,0,0,0,5,0,0,0,0,0,0,3,0,0,0,9,0,0,0,24,1,0,0,0,0,0,0,0,21,9,4,0,0,0,0
638,2017,Tamil Nadu,33,Coimbatore,569,Cyber Cell,0,0,0,0,0,0,0,0,0,0,0,0,0,0,0,0,0,0,0,0,0,0,0,0,0,0,0,0,0,0,0,0,0,0,0,0,0,0,0,0,0,0
639,2017,Tamil Nadu,33,Chennai,568,Other Units,0,0,0,0,0,0,0,0,0,0,0,0,0,0,0,0,0,0,0,0,0,0,0,0,0,0,0,0,0,0,0,0,0,0,0,0,0,0,0,0,0,0
640,2017,Telangana,36,Hyderabad,507,Cyberabad Commissionerate,1,32,62,2,0,0,1562,73,0,0,6,20,21,0,4,69,0,0,99,0,0,0,899,45,319,15,0,7,5,1,0,4,0,0,13,151,64,52,0,1,0,0
641,2017,Telangana,36,Hyderabad,507,Hyderabad Commissionerate,0,27,28,0,0,0,1278,123,0,0,4,6,1,0,3,3,0,0,59,0,4,0,376,0,160,0,1,0,0,0,0,1,0,19,0,113,58,8,0,0,0,0
642,2017,Telangana,36,Karimnagar,508,Karimnagar Commissionerate,0,6,33,0,0,0,241,0,0,0,13,0,0,0,0,1,0,0,7,0,0,0,129,34,2,0,0,0,0,0,0,11,0,2,0,26,0,0,0,0,0,0
643,2017,Telangana,36,Khammam,509,Khammam Commissionerate,0,5,26,0,1,0,228,52,0,0,5,0,1,0,20,0,0,0,12,0,0,0,180,34,27,0,0,3,0,0,0,13,0,0,0,31,12,47,0,1,0,0
644,2017,Telangana,36,Nizamabad,516,Nizamabad Commissionerate,0,6,16,0,0,0,278,2,0,1,1,1,3,0,1,0,0,0,4,0,0,0,82,0,43,0,0,0,0,0,0,0,0,0,0,32,14,4,0,0,0,0
645,2017,Telangana,36,Yadadri Bhuvanagiri,697,Rachakonda Commissionerate,0,30,31,0,0,0,946,0,0,0,0,0,0,0,65,0,0,0,139,0,0,0,600,0,0,82,0,0,0,0,0,24,0,0,0,106,0,0,0,0,0,0
646,2017,Telangana,36,Peddapalli,682,Ramagundam Commissionerate,0,7,10,0,0,0,263,5,1,0,5,2,3,0,0,0,0,0,19,0,1,0,169,0,45,0,0,6,0,0,0,0,0,0,0,36,25,0,0,0,0,0
647,2017,Telangana,36,Siddipet,692,Siddipet Commissionerate,0,12,23,0,0,0,208,2,0,0,2,2,6,0,2,1,0,0,11,0,1,0,122,0,15,0,0,1,0,0,0,1,0,0,0,25,0,0,0,0,0,0
648,2017,Telangana,36,Warangal,522,Warangal Commissionerate,0,29,39,0,0,0,387,58,0,0,25,0,16,0,9,3,0,0,14,0,1,0,206,0,76,0,9,0,0,0,0,0,0,0,0,42,37,6,0,0,0,0
649,2017,Telangana,36,Adilabad,501,Adilabad,0,3,5,1,0,0,151,2,0,0,2,0,5,0,0,0,0,0,4,0,0,0,60,0,21,0,0,0,0,0,0,0,0,0,0,16,8,0,1,0,0,0
650,2017,Telangana,36,Bhadradri Kothagudem,690,Bhadradri Kothagudem,0,11,26,0,0,0,238,43,0,0,6,0,11,0,4,0,0,0,16,0,0,1,171,0,29,0,0,0,0,0,0,0,0,0,0,42,8,39,0,0,0,0
651,2017,Telangana,36,Jayashankar Bhupalapally,687,Jayashankar Bhupalpalli,0,9,20,0,0,0,94,0,0,0,23,0,0,0,0,0,0,0,10,0,0,0,72,0,17,0,0,0,0,0,0,0,0,0,0,18,18,11,0,2,0,0
652,2017,Telangana,36,Jogulamba Gadwal,695,Jogulamba Gadwal,1,0,14,0,0,0,39,0,0,0,9,0,0,0,0,0,0,0,4,0,0,0,60,0,10,0,0,0,0,0,0,0,0,0,0,26,9,1,0,0,0,0
653,2017,Telangana,36,Kamareddy,685,Kamareddy,0,5,5,1,0,0,122,0,0,0,0,0,18,0,0,0,0,0,13,0,0,1,40,12,11,1,0,0,0,0,0,0,0,0,0,12,4,0,0,0,0,0
654,2017,Telangana,36,Kumuram Bheem Asifabad,699,Kumaram Bheem Asifabad,0,1,10,0,0,0,85,0,0,0,2,0,0,0,0,0,0,0,12,0,1,0,59,0,7,0,0,0,0,0,0,0,0,0,0,16,7,0,0,0,0,0
655,2017,Telangana,36,Mahabubabad,688,Mahabubabad,0,5,12,0,0,0,85,6,0,0,0,4,6,0,0,0,0,0,6,0,2,1,82,0,11,1,0,0,0,0,0,0,0,3,0,27,16,0,0,0,0,0
656,2017,Telangana,36,Mahabubnagar,512,Mahabubnagar,0,4,21,0,0,0,128,0,0,0,5,37,11,0,0,0,0,0,15,0,1,0,63,72,4,0,0,0,0,0,0,0,0,0,0,73,0,10,0,0,0,0
657,2017,Telangana,36,Medak,513,Medak,0,3,0,0,0,0,145,0,0,0,0,14,2,0,0,0,0,0,2,0,2,0,45,0,9,0,0,0,0,0,0,2,0,0,0,17,15,0,0,0,0,0
658,2017,Telangana,36,Nagarkurnool,694,Nagarkurnool,0,7,16,0,0,0,77,0,0,0,4,13,0,0,0,0,0,0,14,0,0,0,118,0,14,0,0,0,0,0,0,0,0,0,0,19,7,12,0,0,0,0
659,2017,Telangana,36,Nalgonda,514,Nalgonda,0,9,24,4,0,0,304,7,0,5,5,0,0,0,10,0,0,0,34,0,2,0,191,0,108,0,0,0,0,0,0,0,0,0,0,26,34,10,0,0,0,0
660,2017,Telangana,36,Nirmal,680,Nirmal,0,6,9,0,0,0,148,5,1,0,2,0,1,0,0,0,0,0,4,0,0,0,44,0,7,1,0,0,0,0,0,0,0,0,0,17,13,0,0,0,0,0
661,2017,Telangana,36,Rajanna Sircilla,683,Rajanna Siricilla,0,4,15,0,0,0,71,0,0,0,0,0,0,0,35,0,0,0,4,0,0,0,0,0,0,0,0,0,0,0,0,0,0,0,0,11,0,0,0,0,0,0
662,2017,Telangana,36,Sangareddy,691,Sangareddy,0,14,16,0,0,0,172,0,0,0,0,0,4,0,6,0,0,0,6,0,1,0,98,6,29,0,0,0,0,0,0,0,0,0,0,27,5,0,0,0,0,0
663,2017,Telangana,36,Suryapet,696,Suryapet,0,2,6,0,0,0,223,23,0,4,4,0,0,0,1,0,0,0,22,0,15,1,127,27,69,5,1,0,0,0,0,0,0,0,0,31,0,0,0,0,0,0
664,2017,Telangana,36,Vikarabad,698,Vikarabad,1,4,12,0,0,0,153,0,0,0,10,4,0,0,0,0,0,0,8,0,0,2,51,0,18,3,0,0,0,0,0,0,0,0,2,38,4,0,0,0,0,0
665,2017,Telangana,36,Wanaparthy,693,Wanaparthy,0,1,12,0,0,0,70,2,0,0,0,2,0,0,0,0,0,0,5,0,0,0,25,9,0,0,0,0,0,0,0,0,0,0,0,24,0,0,0,0,0,0
666,2017,Telangana,36,Hyderabad,507,Railway Police Secunderabad,0,0,1,0,0,0,0,0,0,0,0,0,0,0,2,0,0,0,1,0,0,0,8,0,1,0,0,0,0,0,0,0,0,0,0,1,0,0,0,0,0,0
667,2017,Tripura,16,Dhalai,269,Dhalai,0,4,0,0,0,0,24,4,0,0,1,0,2,0,0,0,0,0,15,0,4,1,23,0,0,0,0,0,0,0,0,0,0,0,0,6,10,0,0,0,0,0
668,2017,Tripura,16,Gomati,654,Gomati,0,4,1,1,0,0,51,0,0,0,2,8,0,0,0,0,0,0,5,0,1,0,19,5,0,2,0,0,0,0,0,0,0,0,0,7,4,0,0,0,0,0
669,2017,Tripura,16,West Tripura,272,Grp,0,0,0,0,0,0,0,0,0,0,0,0,0,0,0,0,0,0,0,0,0,0,0,0,1,0,0,0,0,0,0,0,0,0,0,0,0,0,0,0,0,0
670,2017,Tripura,16,Khowai,652,Kowai,0,2,0,0,0,0,24,0,0,0,5,4,0,0,0,0,0,0,10,0,0,0,14,0,0,0,0,0,0,0,0,0,0,0,0,4,3,0,0,0,0,0
671,2017,Tripura,16,North Tripura,270,North,1,8,2,0,0,0,30,1,0,0,0,1,1,0,0,0,0,0,6,5,1,0,18,12,0,0,0,0,0,0,0,0,0,0,0,5,5,0,0,0,0,0
672,2017,Tripura,16,Unakoti,655,Sipahijala,1,3,3,0,0,0,38,2,0,0,1,4,0,0,1,0,0,0,4,0,1,0,21,0,2,0,0,0,0,0,0,0,0,0,0,6,4,0,0,0,0,0
673,2017,Tripura,16,South Tripura,271,South,0,4,5,0,0,0,52,6,0,0,0,3,2,0,0,0,0,0,15,0,5,0,19,0,1,0,0,0,0,0,0,0,0,0,0,16,3,0,0,0,0,0
674,2017,Tripura,16,Unakoti,655,Unakoti,0,3,2,0,0,0,26,0,0,0,0,13,0,0,1,0,0,0,8,0,3,0,23,0,0,0,0,0,0,0,0,0,0,0,0,17,5,0,0,0,0,0
675,2017,Tripura,16,West Tripura,272,West,0,5,2,0,0,0,103,10,0,0,4,11,3,0,0,0,0,0,27,0,1,0,71,0,3,0,0,0,0,0,0,0,0,0,0,29,13,0,0,0,0,0
676,2017,Uttar Pradesh,9,Agra,118,Agra,1,76,15,3,3,0,502,311,0,0,192,0,0,0,0,0,0,0,40,38,64,0,314,122,1,0,0,0,0,0,0,0,0,0,0,46,122,0,0,0,0,0
677,2017,Uttar Pradesh,9,Aligarh,119,Aligarh,2,61,13,0,2,1,377,350,0,0,53,0,0,0,0,0,0,0,69,39,24,11,193,117,0,0,0,0,0,0,0,0,0,0,0,51,127,0,0,0,0,0
678,2017,Uttar Pradesh,9,Prayagraj,120,Prayagraj,1,68,8,0,0,0,487,0,0,0,323,0,0,0,0,0,0,0,67,14,0,0,107,207,0,0,0,0,0,0,0,0,0,0,0,51,43,1,0,0,0,0
679,2017,Uttar Pradesh,9,Ambedkar Nagar,121,Ambedkar Nagar,0,12,0,0,0,0,20,0,0,0,34,90,0,0,0,0,0,0,14,12,0,0,83,0,0,0,75,0,0,0,0,0,0,0,0,12,0,0,0,0,0,0
680,2017,Uttar Pradesh,9,Amethi,640,Amethi,0,16,0,0,0,0,82,0,0,0,0,0,0,0,221,0,0,0,26,0,0,0,100,0,0,0,0,0,0,0,0,0,0,0,0,10,0,0,0,0,0,0
681,2017,Uttar Pradesh,9,Amroha,154,Amroha,0,25,0,0,0,0,0,0,0,0,116,0,0,0,0,0,0,0,35,11,0,0,36,67,0,0,0,0,0,0,0,0,0,0,0,11,0,0,0,0,0,0
682,2017,Uttar Pradesh,9,Auraiya,122,Auraiya,0,32,3,0,0,0,180,7,0,0,82,42,0,0,0,0,0,0,38,19,4,0,94,53,0,0,3,0,0,0,0,0,0,0,0,29,53,0,0,0,0,0
683,2017,Uttar Pradesh,9,Azamgarh,123,Azamgarh,0,36,0,0,0,0,172,17,0,0,185,0,0,0,0,0,0,0,47,11,0,0,156,0,0,0,172,0,0,0,0,0,0,0,0,5,41,0,1,1,0,0
684,2017,Uttar Pradesh,9,Budaun,133,Badaun,2,51,8,0,0,0,346,0,5,0,266,14,0,0,0,0,0,0,45,17,9,0,206,41,0,0,4,0,0,0,0,0,1,0,0,23,49,0,0,0,0,0
685,2017,Uttar Pradesh,9,Baghpat,124,Baghpat,1,7,0,0,0,0,96,0,0,0,33,78,0,0,0,0,0,0,20,9,5,5,13,70,0,0,0,0,0,0,0,0,0,0,0,9,14,2,0,0,0,0
686,2017,Uttar Pradesh,9,Bahraich,125,Bahraich,0,62,0,0,0,0,1,0,0,0,205,40,0,0,0,1,0,0,16,15,0,0,105,42,0,0,241,0,0,0,0,0,0,0,0,15,42,0,0,0,0,0
687,2017,Uttar Pradesh,9,Ballia,126,Ballia,0,31,6,0,0,0,122,25,0,0,104,78,0,0,0,0,0,0,25,28,1,5,213,0,2,0,0,0,0,0,0,0,0,0,0,43,117,18,0,0,0,0
688,2017,Uttar Pradesh,9,Balrampur,127,Balrampur,0,23,3,3,0,0,4,0,0,0,20,14,0,0,0,0,0,0,17,0,7,0,36,0,0,0,54,0,0,0,0,0,0,0,0,14,31,0,0,20,0,0
689,2017,Uttar Pradesh,9,Banda,128,Banda,0,40,13,0,0,0,78,10,0,0,95,0,0,0,0,0,0,0,32,19,0,0,106,0,0,0,0,0,0,0,0,0,0,0,0,1,1,0,0,0,0,0
690,2017,Uttar Pradesh,9,Bara Banki,129,Barabanki,2,28,0,0,0,0,123,24,0,0,33,136,0,0,0,0,0,0,21,26,0,0,119,23,0,0,0,0,0,0,0,0,0,0,0,26,36,0,0,0,0,0
691,2017,Uttar Pradesh,9,Bareilly,130,Bareilly,2,53,0,0,2,0,0,0,0,0,418,0,0,0,0,0,0,0,63,0,4,0,380,0,0,0,479,0,1,0,0,0,0,0,0,44,87,1,0,0,0,0
692,2017,Uttar Pradesh,9,Basti,131,Basti,1,19,0,0,0,1,159,15,0,0,0,134,0,0,0,0,0,0,12,34,0,0,89,0,0,0,0,0,0,0,0,0,0,0,0,9,61,4,0,1,0,0
693,2017,Uttar Pradesh,9,Bijnor,132,Bijnor,3,21,0,0,0,0,185,11,0,0,195,0,0,0,0,0,0,0,88,0,3,0,169,0,0,0,0,0,0,0,0,0,0,0,0,21,35,1,0,0,0,0
694,2017,Uttar Pradesh,9,Bulandshahr,134,Bulandshahar,1,45,3,4,1,0,394,24,1,0,306,0,0,0,0,1,0,0,118,45,31,0,245,77,0,0,0,0,0,0,0,0,0,0,0,0,0,0,0,0,0,0
695,2017,Uttar Pradesh,9,Chandauli,135,Chandoli,0,17,1,0,0,0,8,9,2,0,27,44,0,0,0,0,0,0,16,21,2,0,58,4,0,0,108,0,0,0,0,0,0,0,0,1,28,3,0,0,0,0
696,2017,Uttar Pradesh,9,Chitrakoot,136,Chitrakoot,0,14,1,0,0,0,46,11,0,0,65,0,0,0,0,0,0,0,27,0,0,0,120,0,0,0,46,0,0,0,0,0,0,0,0,17,0,0,0,0,0,0
697,2017,Uttar Pradesh,9,Deoria,137,Deoria,1,32,0,0,0,0,39,0,0,0,59,85,0,0,0,0,0,0,18,17,0,0,29,67,0,0,0,0,0,0,0,0,0,0,0,0,0,0,0,0,0,0
698,2017,Uttar Pradesh,9,Etah,138,Etah,1,36,2,0,1,0,115,0,0,0,123,13,0,0,0,0,0,0,10,27,9,0,185,0,0,0,0,0,0,0,0,0,0,0,0,27,53,0,0,0,0,0
699,2017,Uttar Pradesh,9,Etawah,139,Etawah,0,39,8,0,0,0,173,21,0,0,95,79,0,0,0,0,0,0,20,12,2,0,86,63,0,0,6,0,0,0,0,0,0,0,0,21,60,0,0,0,0,0
700,2017,Uttar Pradesh,9,Ayodhya,140,Ayodhya,0,26,2,3,1,0,24,7,0,0,156,23,0,0,0,0,0,0,18,24,14,7,167,0,0,0,188,0,0,0,0,0,0,0,0,0,49,0,0,23,0,0
701,2017,Uttar Pradesh,9,Fatehpur,142,Fatehpur,0,40,2,0,0,0,100,95,0,0,36,46,0,0,0,0,0,0,15,59,0,2,22,138,0,0,0,0,0,0,0,0,0,0,0,59,123,0,0,0,0,0
702,2017,Uttar Pradesh,9,Firozabad,143,Firozabad,0,41,8,0,1,0,182,0,4,0,56,189,0,0,0,1,0,0,22,26,11,0,68,74,0,0,1,0,0,0,0,0,0,5,0,26,77,1,0,0,0,0
703,2017,Uttar Pradesh,9,Lucknow,162,Grp,0,1,0,0,0,0,0,10,0,0,4,0,0,0,0,0,0,0,3,0,0,0,62,0,0,0,0,0,0,0,0,0,0,0,0,0,1,0,0,0,0,0
704,2017,Uttar Pradesh,9,Ghaziabad,145,Ghaziabad,2,41,4,0,2,0,575,0,0,1,461,0,0,0,0,0,0,0,98,15,13,0,262,19,0,0,0,1,0,0,0,0,0,0,0,15,19,0,0,0,0,0
705,2017,Uttar Pradesh,9,Ghazipur,146,Ghazipur,0,26,0,0,0,0,110,96,3,0,81,0,0,0,0,0,0,0,17,23,3,0,68,76,0,0,0,0,0,0,0,0,0,0,0,0,0,0,0,0,0,0
706,2017,Uttar Pradesh,9,Gonda,147,Gonda,0,40,0,0,0,0,12,0,0,0,201,0,0,0,0,0,0,0,19,36,0,0,110,0,0,0,0,0,0,0,0,0,0,0,0,36,0,0,0,0,0,0
707,2017,Uttar Pradesh,9,Gorakhpur,148,Gorakhpur,2,42,7,0,0,0,0,0,0,0,423,22,0,0,0,0,0,0,52,42,0,0,234,0,0,0,458,0,0,0,0,0,0,0,0,1,0,0,0,0,0,0
708,2017,Uttar Pradesh,9,Hamirpur,149,Hamirpur,16,27,14,0,0,0,54,0,0,0,40,73,0,0,0,0,0,0,17,21,0,0,112,65,0,0,17,0,0,0,0,0,0,0,0,15,28,0,0,0,0,0
709,2017,Uttar Pradesh,9,Hapur,661,Hapur,0,18,0,0,0,0,76,0,0,0,131,0,0,0,0,0,0,0,35,13,7,0,39,59,0,0,0,0,0,0,0,0,0,0,0,7,0,0,0,0,0,0
710,2017,Uttar Pradesh,9,Hardoi,150,Hardoi,1,59,17,1,0,0,188,70,0,0,212,0,0,0,0,0,0,0,28,46,0,0,119,92,60,0,6,0,0,0,0,0,0,0,0,119,21,0,0,0,0,0
711,2017,Uttar Pradesh,9,Hathras,163,Hathras,0,12,0,0,0,0,167,128,0,0,0,0,0,0,0,0,0,0,43,0,0,0,154,0,0,0,0,0,0,0,0,0,0,0,0,0,0,0,0,0,0,0
712,2017,Uttar Pradesh,9,Jalaun,151,Jalaun,0,27,0,0,0,0,62,0,0,0,0,0,0,0,123,0,0,0,19,17,0,0,97,33,0,0,0,0,0,0,0,0,0,0,0,12,72,3,0,0,0,0
713,2017,Uttar Pradesh,9,Jaunpur,152,Jaunpur,0,38,0,0,0,1,86,257,0,0,0,0,0,0,0,0,0,0,25,47,0,0,48,53,4,0,0,0,0,0,0,0,0,0,0,47,53,1,0,0,0,0
714,2017,Uttar Pradesh,9,Jhansi,153,Jhansi,0,34,9,4,1,0,152,19,1,0,101,21,0,0,1,0,0,0,23,22,2,5,113,48,0,0,0,0,0,0,0,0,0,0,0,23,48,0,0,0,0,0
715,2017,Uttar Pradesh,9,Kannauj,155,Kannauj,0,32,9,0,2,0,151,0,0,0,117,17,0,0,0,0,0,0,9,12,0,0,78,34,0,0,0,0,0,0,0,0,0,0,0,14,0,0,0,0,0,0
716,2017,Uttar Pradesh,9,Kanpur Dehat,156,Kanpur Dehat,0,41,3,0,5,0,180,0,0,0,149,36,0,0,0,0,0,0,33,26,2,4,137,62,0,0,8,0,0,0,0,0,0,0,0,27,60,0,0,0,0,0
717,2017,Uttar Pradesh,9,Kanpur Nagar,157,Kanpur Nagar,0,55,0,0,1,0,792,0,0,0,450,79,0,0,0,0,0,0,97,0,7,0,419,0,1,0,0,0,0,0,0,0,0,0,0,66,115,10,1,0,2,0
718,2017,Uttar Pradesh,9,Kasganj,633,Kasganj,1,32,2,0,1,0,78,0,0,0,0,104,0,0,0,0,0,0,31,0,0,0,98,0,0,0,0,0,0,0,0,0,0,0,0,18,22,0,0,0,0,0
719,2017,Uttar Pradesh,9,Kaushambi,158,Kaushambi,0,20,0,0,0,0,121,94,0,0,47,0,0,0,0,0,0,0,10,16,0,0,98,55,0,0,0,0,0,0,0,0,0,0,0,0,0,0,0,0,0,0
720,2017,Uttar Pradesh,9,Kheri,159,Khiri,2,72,0,0,1,0,158,141,0,0,0,158,0,0,0,0,0,0,38,26,0,0,168,67,0,0,0,0,0,0,0,0,0,0,0,13,53,0,0,1,0,0
721,2017,Uttar Pradesh,9,Kushinagar,160,Kushi Nagar,0,57,4,0,0,0,54,29,3,0,72,100,0,0,0,0,0,0,22,30,35,28,75,59,0,0,0,1,0,3,0,0,0,0,0,9,27,1,0,0,0,0
722,2017,Uttar Pradesh,9,Lalitpur,161,Lalitpur,0,18,7,0,0,0,58,22,0,0,41,0,0,0,0,1,0,0,11,21,0,0,74,33,0,0,0,0,0,0,0,0,0,0,3,21,25,8,0,0,0,0
723,2017,Uttar Pradesh,9,Lucknow,162,Lucknow,2,57,48,31,0,0,1293,0,0,0,327,179,4,0,0,2,0,0,142,26,27,20,508,69,4,0,183,8,0,0,0,0,0,0,0,0,0,6,0,0,0,0
724,2017,Uttar Pradesh,9,Mahrajganj,164,Maharajganj,0,20,3,0,1,0,64,6,1,0,2,0,0,0,16,0,0,0,4,0,0,0,13,0,0,0,1,1,0,0,0,0,0,0,0,54,100,9,0,54,1,0
725,2017,Uttar Pradesh,9,Mahoba,165,Mahoba,0,8,4,0,0,0,30,12,2,0,30,27,0,0,0,0,0,0,34,15,8,0,102,33,0,0,2,0,0,0,0,0,0,0,0,15,39,0,0,0,0,0
726,2017,Uttar Pradesh,9,Mainpuri,166,Mainpuri,2,41,5,0,0,0,126,0,0,0,69,130,0,0,0,0,0,0,12,24,0,0,59,108,0,0,0,0,0,0,0,0,1,0,0,0,0,0,0,0,0,0
727,2017,Uttar Pradesh,9,Mathura,167,Mathura,0,44,11,1,1,0,208,0,0,0,166,32,0,0,0,0,0,0,59,25,16,4,282,23,0,0,0,0,0,0,0,0,0,0,0,0,22,0,0,0,0,0
728,2017,Uttar Pradesh,9,Mau,168,Mau,0,19,0,0,0,0,110,0,0,0,130,9,0,0,0,0,0,0,17,12,0,0,65,35,0,0,0,0,0,0,0,0,0,0,0,0,0,0,0,0,0,0
729,2017,Uttar Pradesh,9,Meerut,169,Meerut,0,40,0,0,1,0,601,68,0,0,187,59,0,0,0,0,0,0,105,24,30,6,331,48,0,0,0,0,7,0,0,0,0,0,0,24,48,0,0,0,1,0
730,2017,Uttar Pradesh,9,Mirzapur,170,Mirzapur,1,31,2,0,0,0,37,2,0,0,3,12,0,0,0,0,0,0,27,3,3,0,7,5,0,0,0,0,0,0,0,0,0,0,0,3,5,0,0,0,0,0
731,2017,Uttar Pradesh,9,Moradabad,171,Moradabad,3,30,0,1,1,0,346,4,1,0,141,111,0,0,0,0,0,0,49,50,12,13,249,85,0,0,0,2,0,0,0,0,0,0,0,50,82,3,1,8,0,0
732,2017,Uttar Pradesh,9,Muzaffarnagar,172,Muzaffarnagar,2,26,0,0,2,0,166,0,0,0,178,93,0,0,0,0,0,0,59,2,0,2,167,3,0,0,0,0,0,0,0,0,0,0,0,17,3,0,0,0,0,0
733,2017,Uttar Pradesh,9,Pilibhit,173,Pilibhit,0,30,0,3,2,0,200,0,7,0,164,0,0,0,0,0,0,0,71,5,28,0,128,0,0,0,8,0,0,0,0,0,0,0,0,0,179,6,0,0,0,0
734,2017,Uttar Pradesh,9,Pratapgarh,174,Pratapgarh,0,27,3,7,0,0,147,13,0,0,84,87,0,0,0,0,0,0,41,28,2,1,70,18,0,0,0,0,0,0,0,0,0,0,0,28,10,0,0,0,0,0
735,2017,Uttar Pradesh,9,Rae Bareli,175,Raibareilly,0,29,0,0,0,0,65,50,0,0,0,134,0,0,0,0,0,0,47,0,0,0,81,0,0,0,21,0,0,0,0,0,0,0,0,47,56,0,0,0,0,0
736,2017,Uttar Pradesh,9,Rampur,176,Rampur,0,20,3,2,0,0,0,0,0,0,107,54,0,0,0,0,0,0,91,0,15,0,127,0,0,0,443,0,0,0,0,0,0,0,2,13,22,0,0,0,0,0
737,2017,Uttar Pradesh,9,Saharanpur,177,Saharanpur,2,25,0,1,1,1,125,133,0,0,0,20,0,0,0,0,0,0,33,17,21,0,105,59,0,0,0,0,0,0,0,0,0,0,0,34,35,0,0,1,0,0
738,2017,Uttar Pradesh,9,Sambhal,659,Sambhal,1,32,0,0,4,0,159,0,0,0,78,99,0,0,0,1,0,0,37,33,6,2,123,30,0,0,36,0,0,0,0,0,0,2,6,29,30,0,0,0,0,0
739,2017,Uttar Pradesh,9,Sant Kabir Nagar,178,Sant Kabirnagar,0,27,1,0,0,0,55,0,0,0,21,103,0,0,0,0,0,0,34,29,2,0,45,41,0,0,0,0,0,0,0,0,0,0,0,41,39,0,0,0,0,0
740,2017,Uttar Pradesh,9,Shahjahanpur,180,Shahjahanpur,2,48,3,0,0,0,247,0,0,0,155,51,0,0,0,0,0,0,53,0,0,0,142,0,9,0,0,0,0,0,1,0,0,0,0,21,70,0,0,0,0,0
741,2017,Uttar Pradesh,9,Shamli,660,Shamli,1,17,0,0,0,0,123,0,0,0,81,17,0,0,0,0,0,0,27,8,0,0,94,0,0,0,0,0,0,0,0,0,0,0,0,13,21,0,0,0,0,0
742,2017,Uttar Pradesh,9,Shrawasti,181,Shrawasti,0,17,2,0,0,0,6,0,0,0,50,4,0,0,0,0,0,0,8,7,6,2,50,10,0,0,118,0,0,0,0,0,0,0,0,7,12,0,0,0,0,0
743,2017,Uttar Pradesh,9,Siddharthnagar,182,Sidharthnagar,0,16,0,0,1,0,6,3,0,0,34,104,0,0,0,0,0,0,12,14,0,0,74,0,0,0,0,0,0,0,0,0,49,0,0,14,24,0,0,0,0,0
744,2017,Uttar Pradesh,9,Sitapur,183,Sitapur,0,75,0,0,0,0,230,0,0,0,280,0,0,0,0,0,0,0,38,68,0,0,271,0,0,0,0,0,0,0,0,0,0,0,0,62,137,0,0,0,0,0
745,2017,Uttar Pradesh,9,Sonbhadra,184,Sonbhadra,0,19,0,0,0,0,4,10,0,0,11,42,0,0,0,0,0,0,28,40,0,0,37,15,0,0,51,0,0,0,0,0,0,0,0,0,0,0,0,0,0,0
746,2017,Uttar Pradesh,9,Bhadohi,179,Bhadohi,0,19,7,0,0,0,3,0,0,0,4,34,0,0,0,0,0,0,7,6,0,1,23,6,0,0,85,0,0,0,0,0,0,0,0,0,8,0,0,0,0,0
747,2017,Uttar Pradesh,9,Sultanpur,185,Sultanpur,1,23,4,0,0,0,21,0,0,0,82,105,0,0,0,0,0,0,18,17,13,19,105,16,0,0,124,0,0,0,0,0,0,0,0,0,0,0,0,0,0,0
748,2017,Uttar Pradesh,9,Unnao,186,Unnao,0,50,0,0,1,0,232,42,7,1,149,112,0,0,0,0,0,0,18,40,2,0,64,96,0,0,0,0,0,0,0,0,0,0,0,40,96,0,0,0,0,0
749,2017,Uttar Pradesh,9,Varanasi,187,Varanasi,0,20,0,0,0,0,522,0,2,0,155,204,0,0,0,2,0,0,42,53,0,0,192,178,0,0,0,0,0,0,0,0,0,10,0,54,175,3,1,0,0,0
750,2017,Uttar Pradesh,9,Lucknow,162,Grp,0,0,0,0,0,0,0,1,0,0,0,0,0,0,2,0,0,0,0,0,0,0,3,0,0,0,0,0,0,0,0,0,0,0,0,0,0,0,0,0,0,0
751,2017,West Bengal,19,Alipurduar,664,Alipurduar,0,4,14,0,1,0,218,77,0,0,4,4,2,0,6,6,0,0,34,0,25,0,76,0,0,0,0,0,0,0,0,0,0,0,0,41,17,3,0,0,0,0
752,2017,West Bengal,19,Paschim Bardhaman,704,Asansol-Durgapur Pc,0,17,9,11,0,0,411,54,1,2,5,8,8,0,0,0,0,0,18,0,13,0,57,0,2,0,0,0,0,0,0,0,0,0,1,19,14,3,0,0,0,0
753,2017,West Bengal,19,Bankura,305,Bankura,0,19,18,0,1,0,205,23,0,0,0,17,2,0,2,1,1,0,12,0,21,0,59,0,15,0,0,0,0,0,0,0,0,0,0,23,11,1,0,0,0,0
754,2017,West Bengal,19,North 24 Parganas,303,Barrackpur Pc,0,19,26,2,1,3,1176,55,0,0,37,37,7,1,32,4,4,0,17,0,21,0,590,0,23,0,0,0,0,0,0,3,0,0,0,33,18,3,0,0,0,0
755,2017,West Bengal,19,North 24 Parganas,303,Bidhannagar Pc,0,8,6,0,5,1,269,17,0,1,0,11,4,0,1,6,0,0,6,0,5,0,73,0,5,0,0,0,0,1,0,0,0,0,0,11,7,2,0,0,0,0
756,2017,West Bengal,19,Birbhum,307,Birbhum,0,16,24,0,4,0,233,20,0,0,2,23,3,0,0,0,1,0,36,0,32,0,61,0,0,1,0,0,0,1,0,0,0,0,2,33,26,25,0,3,0,0
757,2017,West Bengal,19,Cooch Behar,308,Coochbehar,0,27,31,8,0,0,572,24,0,2,0,0,17,0,220,0,0,0,56,0,57,0,88,0,0,0,0,0,0,0,0,0,0,0,0,13,11,2,0,0,0,0
758,2017,West Bengal,19,Dakshin Dinajpur,310,Dakshin Dinajpur,0,16,0,0,0,0,178,36,0,0,2,8,13,0,59,0,0,0,14,0,18,0,61,0,3,0,0,0,0,0,0,2,0,3,0,18,5,0,0,0,0,0
759,2017,West Bengal,19,Darjeeling,309,Darjeeling,0,6,0,0,0,0,86,22,0,0,1,5,11,0,0,0,0,0,7,0,4,0,71,0,2,0,0,0,0,0,0,0,0,0,0,23,13,6,0,3,0,0
760,2017,West Bengal,19,Hooghly,312,Hooghly Rural Police,0,25,20,0,0,0,594,87,0,1,3,8,0,0,0,0,0,0,16,0,27,0,123,0,0,0,0,0,0,0,0,5,0,0,0,6,20,0,0,0,0,0
761,2017,West Bengal,19,Howrah,313,Howrah Grp,0,0,1,0,0,0,0,0,0,0,0,0,0,0,0,2,0,0,1,0,0,0,13,0,0,0,0,0,0,0,0,0,0,0,0,1,1,0,0,0,0,0
762,2017,West Bengal,19,Howrah,313,Howrah Pc,0,4,9,0,0,0,236,99,0,1,7,0,0,0,51,2,1,0,7,0,5,0,99,0,18,0,0,1,0,0,0,0,0,0,12,9,20,2,0,0,0,0
763,2017,West Bengal,19,Howrah,313,Howrah Rural,1,5,6,0,0,1,782,67,1,0,4,3,0,0,0,2,1,0,18,0,25,0,120,0,1,0,0,0,0,0,0,1,0,0,0,39,14,4,0,0,0,0
764,2017,West Bengal,19,Jalpaiguri,314,Jalpaiguri,0,18,0,0,0,0,145,95,0,0,6,0,15,0,30,6,0,0,50,0,0,0,85,0,1,0,0,0,0,0,0,2,0,0,2,78,0,1,0,40,0,0
765,2017,West Bengal,19,Jhargram,703,Jhargram,0,7,4,0,0,0,73,44,0,0,0,6,1,0,2,0,0,0,9,0,5,0,42,0,0,0,0,0,0,0,0,1,0,0,0,20,11,2,0,1,0,0
766,2017,West Bengal,19,Paschim Medinipur,318,Kharagpur Grp,0,1,3,0,0,0,2,0,0,0,0,0,0,0,0,0,0,0,0,0,0,0,7,0,0,0,0,0,0,0,0,0,0,0,0,0,0,0,0,0,0,0
767,2017,West Bengal,19,Kolkata,315,Kolkata,0,13,37,0,1,1,871,175,0,5,16,0,45,1,17,4,1,0,15,0,0,0,309,0,249,0,0,0,0,0,0,9,0,0,25,83,70,10,2,16,0,0
768,2017,West Bengal,19,Malda,316,Malda,0,23,43,7,1,0,266,18,0,0,12,4,0,0,0,4,0,0,104,0,93,0,165,0,11,0,0,0,0,0,0,0,0,0,3,114,52,13,0,32,0,0
769,2017,West Bengal,19,Murshidabad,319,Murshidabad,0,42,13,1,1,1,1573,184,0,0,74,31,0,0,24,7,2,0,166,0,344,0,189,0,17,0,0,0,0,0,0,11,0,0,0,112,56,30,0,6,0,0
770,2017,West Bengal,19,Nadia,320,Nadia,0,50,24,0,2,0,898,155,0,0,19,67,1,0,29,2,0,0,74,0,103,0,131,0,3,0,0,0,0,0,0,8,0,0,0,42,36,0,0,12,0,0
771,2017,West Bengal,19,Paschim Medinipur,318,Paschim Medinipur,0,17,7,0,3,0,449,49,0,2,0,0,0,0,139,0,0,0,57,0,34,0,336,0,16,0,0,0,0,0,0,5,1,0,0,59,32,6,0,0,0,0
772,2017,West Bengal,19,Purba Medinipur,317,Purab Medinipur,0,14,17,1,3,0,709,132,0,1,17,6,11,0,3,6,6,0,46,0,33,2,96,0,3,0,0,0,0,0,0,0,0,0,0,19,29,1,0,0,0,0
773,2017,West Bengal,19,Purulia,321,Purulia,0,11,8,0,0,0,162,10,0,0,1,17,0,0,0,0,0,0,21,0,7,0,141,0,5,0,0,0,0,0,0,0,0,0,0,22,17,7,0,0,0,0
774,2017,West Bengal,19,Kolkata,315,Sealdah Grp,0,0,0,0,1,0,2,2,0,0,1,0,1,0,2,0,1,0,2,0,1,0,20,0,1,0,0,0,0,0,0,0,0,0,0,1,0,0,0,0,0,0
775,2017,West Bengal,19,Darjeeling,309,Siliguri Grp,0,0,0,0,0,0,0,0,0,0,0,0,0,0,0,0,0,0,0,0,0,0,9,1,0,0,0,0,0,0,0,0,0,0,0,0,0,0,0,0,0,0
776,2017,West Bengal,19,Darjeeling,309,Siliguri Pc,0,3,0,0,1,0,625,50,0,0,0,0,0,0,25,3,0,0,16,0,4,0,111,0,13,0,0,0,0,0,0,0,0,0,0,22,26,5,0,0,0,0
777,2017,West Bengal,19,Uttar Dinajpur,311,Uttar Dinajpur,0,6,14,4,0,0,271,39,0,0,4,24,6,0,140,2,1,0,54,0,56,7,22,0,1,0,0,0,2,0,0,0,0,1,8,32,8,1,0,9,0,0
778,2017,West Bengal,19,South 24 Parganas,304,Baruipur Police,0,24,7,0,1,0,1500,203,0,0,37,77,24,0,39,0,1,0,45,0,72,0,105,0,9,0,0,0,0,0,0,0,0,0,0,73,0,1,0,0,0,0
779,2017,West Bengal,19,Hooghly,312,Chandannagar Pc,1,14,12,0,0,0,459,9,0,0,4,22,0,0,7,0,0,0,7,0,9,0,55,0,4,0,0,0,0,0,0,3,2,0,3,16,9,0,0,0,0,0
780,2017,West Bengal,19,South 24 Parganas,304,Diamond Harbour Police,0,10,0,0,3,0,728,87,0,2,0,7,35,0,0,2,3,0,42,0,20,0,177,0,9,0,0,0,0,0,0,2,0,0,0,42,19,11,0,2,0,0
781,2017,West Bengal,19,Kalimpong,702,Kalimpong,0,0,0,0,0,0,13,4,0,0,0,0,0,0,0,0,0,0,3,0,1,0,19,0,0,0,0,0,0,0,0,0,0,0,0,10,3,0,0,1,0,0
782,2017,West Bengal,19,Purba Bardhaman,306,Purba Bardhaman,0,35,28,0,1,0,471,106,0,0,19,21,2,0,42,0,0,0,29,0,78,0,120,0,0,0,0,0,0,0,0,7,0,0,0,32,27,1,0,0,0,0
783,2017,West Bengal,19,South 24 Parganas,304,Sundarban Police,0,6,4,2,3,1,631,6,2,0,9,20,3,0,28,4,7,0,16,0,25,0,33,0,8,0,0,0,0,0,0,0,0,0,0,28,20,3,0,0,0,0
784,2017,West Bengal,19,North 24 Parganas,303,Barasat,1,25,41,0,2,2,1342,218,0,1,5,22,3,0,30,4,8,0,60,0,67,0,126,0,28,0,0,2,0,0,0,1,0,0,0,90,24,15,0,0,0,0
785,2017,West Bengal,19,North 24 Parganas,303,Basirhat,0,14,17,0,0,0,650,113,0,2,0,32,2,0,13,4,0,0,26,0,11,0,42,0,0,0,0,0,0,0,0,0,0,0,0,24,10,7,0,0,0,0
786,2017,Andaman And Nicobar Islands,35,South Andamans,602,South Andaman,0,1,0,0,0,0,1,0,0,0,0,1,0,0,2,0,0,0,7,0,0,0,20,4,6,0,0,0,0,0,0,0,0,0,0,22,6,1,0,0,0,0
787,2017,Andaman And Nicobar Islands,35,Nicobars,603,Nicobar,0,0,0,0,0,0,0,0,0,0,0,0,0,0,0,0,0,0,0,1,0,0,0,0,0,0,0,0,0,0,0,0,0,0,0,2,3,2,0,0,0,0
788,2017,Chandigarh,4,Chandigarh,44,Chandigarh,0,1,8,0,0,0,121,88,0,0,10,23,0,0,17,0,0,0,20,45,2,1,74,26,12,0,0,0,0,0,0,0,0,2,1,0,0,2,0,0,0,0
789,2017,The Dadra And Nagar Haveli And Daman And Diu,38,Dadra And Nagar Haveli,465,Dadra And Nagar Haveli,0,0,0,0,0,0,4,0,0,0,0,0,0,0,0,0,0,0,1,0,0,0,3,0,0,0,0,0,0,0,0,0,0,0,0,6,2,4,0,0,0,0
790,2017,The Dadra And Nagar Haveli And Daman And Diu,38,Daman,463,Daman,0,0,0,0,0,0,4,0,0,0,0,0,0,0,0,0,0,0,3,2,0,0,2,1,1,0,0,0,0,0,0,0,0,0,0,3,1,1,0,0,0,0
791,2017,The Dadra And Nagar Haveli And Daman And Diu,38,Diu,464,Diu,0,0,2,0,0,0,1,0,0,0,0,0,0,0,0,0,0,0,2,0,0,0,3,0,0,0,0,0,0,0,0,0,0,0,0,0,0,0,0,0,0,0
792,2017,Delhi,7,Central,77,Central,0,2,0,0,1,0,73,153,0,0,0,0,0,0,16,7,0,0,76,0,0,0,175,0,32,0,0,0,0,0,0,1,0,4,0,46,14,0,0,0,0,0
793,2017,Delhi,7,North West,82,Crime Branch,0,0,0,0,0,0,0,0,0,0,0,0,0,0,0,0,0,0,2,0,0,0,2,0,1,0,0,0,0,0,0,0,0,0,0,0,0,0,0,0,0,0
794,2017,Delhi,7,East,78,East,0,4,3,0,0,1,208,191,0,0,0,0,0,0,27,1,0,0,106,0,1,0,149,0,31,0,0,0,0,0,0,0,0,0,2,69,49,4,0,0,0,1
795,2017,Delhi,7,New Delhi,79,Economic Offences Wing,0,0,0,0,0,0,0,0,0,0,0,0,0,0,0,0,0,0,0,0,0,0,6,0,0,0,0,0,0,0,0,0,0,1,2,0,0,0,0,0,0,0
796,2017,Delhi,7,New Delhi,79,Igi Airport,0,0,0,0,0,0,0,0,0,0,0,0,0,0,1,0,0,0,1,0,0,0,12,0,3,0,0,0,0,0,0,0,0,0,0,0,0,0,0,0,0,0
797,2017,Delhi,7,North West,82,Metro,0,0,0,0,0,0,0,6,0,0,0,0,0,0,2,0,0,0,0,0,0,0,23,0,0,0,0,0,0,0,0,0,0,0,0,0,0,0,0,0,0,0
798,2017,Delhi,7,New Delhi,79,New Delhi,0,1,0,0,0,0,14,26,0,0,0,0,0,0,1,0,0,0,10,0,0,0,54,0,11,0,0,0,0,0,0,0,0,0,0,7,4,2,0,0,0,0
799,2017,Delhi,7,North,80,North,0,2,1,0,0,0,123,150,0,0,0,0,0,0,5,0,0,0,35,0,1,0,126,0,32,0,0,0,0,0,0,0,0,0,0,38,31,0,0,0,0,0
800,2017,Delhi,7,North East,81,North-East,1,24,7,0,1,3,294,361,0,0,0,0,0,0,48,0,0,0,99,0,0,0,213,0,19,0,0,0,0,0,0,1,0,0,2,93,86,1,0,0,0,0
801,2017,Delhi,7,North West,82,North-West,2,7,5,0,0,1,305,347,0,0,0,0,0,0,6,3,0,0,116,0,0,5,309,0,38,0,0,0,0,0,0,0,0,2,0,120,32,0,0,0,0,0
802,2017,Delhi,7,North West,82,Outer,0,19,6,1,2,4,141,451,0,0,3,0,0,0,29,2,0,0,115,0,4,0,132,0,35,0,0,0,0,0,0,1,0,0,0,99,61,4,0,0,0,0
803,2017,Delhi,7,New Delhi,79,Railway,0,0,0,0,0,0,0,15,0,0,0,0,0,0,0,0,0,0,2,0,0,0,5,0,1,0,0,0,0,0,0,0,0,0,0,2,0,0,0,0,0,0
804,2017,Delhi,7,South,83,South,0,9,8,0,2,0,173,285,0,0,0,0,0,0,34,0,0,0,123,0,1,0,303,0,89,0,2,0,0,0,0,0,0,1,0,62,45,6,0,0,0,0
805,2017,Delhi,7,South East,670,South-East,0,7,3,1,0,0,129,315,0,0,0,0,0,0,11,0,0,0,102,0,0,0,304,0,94,0,2,0,0,0,0,0,1,1,0,81,25,6,0,0,1,0
806,2017,Delhi,7,South West,84,South-West,0,8,2,0,1,0,93,112,1,0,0,0,0,0,43,0,0,0,86,0,3,0,204,0,52,0,4,0,0,0,0,0,0,0,1,54,62,1,0,0,0,0
807,2017,Delhi,7,North West,82,Spl Cell,0,0,0,0,0,0,0,0,0,0,0,0,0,0,0,0,0,0,0,0,0,0,0,0,0,0,0,0,0,0,0,0,0,0,0,0,0,0,0,0,0,0
808,2017,Delhi,7,New Delhi,79,Spuwac,0,0,0,0,0,0,164,0,0,0,0,0,0,0,0,0,0,0,0,0,0,0,0,0,0,0,0,0,0,0,0,0,0,0,0,0,0,0,0,0,0,0
809,2017,Delhi,7,New Delhi,79,Vigilance,0,0,0,0,0,0,0,0,0,0,0,0,0,0,0,0,0,0,0,0,0,0,0,0,0,0,0,0,0,0,0,0,0,0,0,0,0,0,0,0,0,0
810,2017,Delhi,7,West,85,West,0,5,3,0,1,1,290,206,0,0,0,0,0,0,6,0,0,0,79,0,1,0,183,0,32,0,1,0,0,0,0,1,1,3,0,60,34,4,0,0,1,0
811,2017,Delhi,7,North West,82,Rohini,3,18,8,0,0,0,312,385,0,0,0,0,0,0,16,0,0,0,120,0,2,1,264,0,70,0,0,0,0,0,0,0,0,0,0,104,64,2,0,0,1,0
812,2017,Delhi,7,Shahdara,671,Shahdara,0,5,2,0,0,0,141,156,0,0,6,1,0,0,7,0,0,0,62,0,0,0,175,0,34,0,2,0,0,0,0,2,0,0,0,36,37,1,0,0,0,0
813,2017,Delhi,7,South West,84,Dwarka,0,9,11,0,0,0,275,299,0,0,0,0,0,0,62,0,0,0,95,0,1,0,235,0,45,0,0,0,0,0,0,0,0,1,0,58,47,4,0,0,0,0
814,2017,Lakshadweep,31,Lakshadweep District,553,Lakshadweep,0,0,0,0,0,0,2,0,0,0,0,0,0,0,0,0,0,0,0,0,0,0,0,0,0,0,0,0,0,0,0,0,0,0,0,3,1,0,0,0,0,0
815,2018,Andhra Pradesh,28,Prakasam,517,Prakasham,1,5,36,0,0,0,542,6,0,0,5,0,0,0,9,10,0,0,50,31,30,53,379,5,411,0,0,0,0,0,0,1,0,0,0,65,0,0,0,0,0,0
816,2018,Andhra Pradesh,28,East Godavari,505,Rajahmundry,0,3,10,1,0,0,220,22,5,0,0,1,0,0,1,1,0,0,11,4,1,14,87,1,32,2,0,0,0,0,0,9,0,0,0,9,0,0,0,0,0,0
817,2018,Andhra Pradesh,28,Srikakulam,519,Srikakulam,0,9,22,0,0,0,166,15,0,0,0,0,1,0,0,0,0,0,8,12,0,33,103,0,25,13,0,0,0,0,0,0,0,0,1,3,2,1,0,0,0,0
818,2018,Andhra Pradesh,28,Tirupati,752,Tirupathi Urban,0,6,6,0,0,0,83,0,0,0,6,0,1,0,0,16,0,0,14,0,5,8,92,3,4,3,0,0,0,0,0,4,0,0,0,0,0,0,0,0,0,0
819,2018,Andhra Pradesh,28,Ntr,749,Vijayawada City,0,10,19,3,0,0,537,24,0,1,1,7,4,0,7,32,0,0,26,3,4,27,287,2,119,63,0,3,0,1,0,0,0,3,4,0,0,0,0,0,0,0
820,2018,Andhra Pradesh,28,Visakhapatnam,520,Visakhapatnam,0,5,5,0,1,0,634,80,0,0,0,0,0,0,1,2,0,0,48,1,0,32,315,1,90,14,0,2,0,0,0,13,0,0,16,14,3,0,0,0,0,0
821,2018,Andhra Pradesh,28,Vizianagaram,521,Vizianagaram,0,6,8,0,0,0,186,6,0,0,0,0,0,0,0,0,0,0,23,0,2,11,94,0,37,2,0,0,0,0,0,0,0,0,0,6,0,0,0,0,0,0
822,2018,Andhra Pradesh,28,West Godavari,523,West Godavari,0,14,23,0,0,0,551,12,0,0,7,8,0,0,16,0,0,0,53,3,19,0,267,6,75,0,0,1,1,6,0,8,0,0,0,92,13,60,0,3,0,0
823,2018,Arunachal Pradesh,12,Anjaw,628,Anjaw,0,0,0,0,0,0,1,0,0,0,0,0,0,0,0,0,0,0,0,0,0,1,2,0,0,0,0,0,0,0,0,0,0,0,0,0,0,0,0,0,0,0
824,2018,Arunachal Pradesh,12,Changlang,229,Changlang,0,0,0,0,0,0,0,0,0,0,1,0,1,0,0,0,0,0,0,0,0,2,3,1,0,3,0,0,0,0,0,0,0,0,0,0,0,0,0,0,0,0
825,2018,Arunachal Pradesh,12,Papum Pare,237,Crime Branch,0,0,0,0,0,0,0,0,0,0,0,0,0,0,0,0,0,0,0,0,0,0,0,0,1,0,0,0,0,0,0,0,0,0,0,0,0,0,0,0,0,0
826,2018,Arunachal Pradesh,12,Dibang Valley,230,Dibang Valley,0,0,0,0,0,0,0,0,0,0,0,0,0,0,0,0,0,0,0,0,0,1,0,0,0,0,0,0,0,0,0,0,0,0,0,0,0,0,0,0,0,0
827,2018,Arunachal Pradesh,12,East Kameng,231,Kameng East,0,0,0,0,0,0,2,6,0,0,1,0,1,0,1,0,0,0,4,0,0,1,3,0,0,1,0,0,0,0,0,0,0,0,0,1,0,0,0,0,0,0
828,2018,Arunachal Pradesh,12,West Kameng,242,Kameng West,0,0,0,0,0,0,2,1,0,0,3,0,0,0,0,0,0,0,0,0,0,2,5,0,0,0,0,0,0,0,0,0,0,0,0,0,0,0,0,0,0,0
829,2018,Arunachal Pradesh,12,Kurung Kumey,233,Kurung Kumey,0,0,0,0,0,0,2,1,0,0,0,0,0,0,0,0,0,0,1,0,0,0,2,0,0,0,0,0,0,0,0,0,0,0,0,0,0,0,0,0,0,0
830,2018,Arunachal Pradesh,12,Lohit,234,Lohit,0,0,0,0,0,0,3,13,0,0,0,0,0,0,1,0,0,0,0,0,0,1,4,0,0,0,0,0,0,0,0,0,0,0,0,0,0,0,0,0,0,0
831,2018,Arunachal Pradesh,12,Longding,666,Longding,0,0,0,0,0,0,0,0,0,0,0,0,0,0,0,0,0,0,0,0,0,4,3,0,0,0,0,0,0,0,0,0,0,0,0,0,0,0,0,0,0,0
832,2018,Arunachal Pradesh,12,Lower Dibang Valley,235,Lower Dibang Valley,0,0,0,0,0,0,0,0,0,0,0,0,0,0,0,0,0,0,3,0,0,0,0,0,0,0,0,0,0,0,0,0,0,0,0,3,0,2,0,0,0,0
833,2018,Arunachal Pradesh,12,Papum Pare,237,Papum Pare City,0,0,0,0,0,0,38,17,0,0,2,0,1,0,7,0,0,0,6,0,1,0,28,1,7,1,0,0,0,0,0,0,2,0,0,6,1,0,0,0,0,0
834,2018,Arunachal Pradesh,12,Papum Pare,237,Papum Pare Rural,0,0,0,0,0,0,0,0,0,0,0,0,0,0,0,0,0,0,0,0,0,0,0,0,0,1,0,0,0,0,0,0,0,0,0,0,0,0,0,0,0,0
835,2018,Arunachal Pradesh,12,Lower Subansiri,236,Subansiri Lower,0,0,0,0,0,0,1,0,0,0,0,0,0,0,0,0,0,0,0,0,0,0,0,0,0,0,0,0,0,0,0,0,0,0,0,0,0,0,0,0,0,0
836,2018,Arunachal Pradesh,12,Upper Subansiri,241,Subansiri Upper,0,0,1,0,0,0,0,0,0,0,0,1,0,0,1,0,0,0,2,0,0,0,6,0,0,0,0,0,0,0,0,0,0,0,0,3,1,0,0,0,0,0
837,2018,Arunachal Pradesh,12,Tawang,238,Tawang,0,0,0,0,0,0,0,0,0,0,0,0,0,0,0,0,0,0,0,0,0,0,2,0,0,0,0,0,0,0,0,0,0,0,0,0,1,0,0,0,0,0
838,2018,Arunachal Pradesh,12,Tirap,239,Tirap,0,0,0,0,0,0,1,0,0,0,0,0,0,0,0,0,0,0,3,0,0,0,3,0,0,0,0,0,0,0,0,0,0,0,0,0,0,0,0,0,0,0
839,2018,Arunachal Pradesh,12,Namsai,678,Namsai,0,0,0,0,0,0,6,0,0,0,0,0,1,0,0,0,0,0,5,0,0,1,2,1,0,1,0,0,0,0,0,0,0,0,0,0,0,0,0,0,0,0
840,2018,Arunachal Pradesh,12,Siang,679,Siang,0,0,0,0,0,0,0,0,0,0,0,0,0,0,0,0,0,1,2,0,1,1,3,0,0,0,0,0,0,0,0,0,0,0,0,0,0,0,0,0,0,0
841,2018,Arunachal Pradesh,12,Kamle,718,Kamle,0,0,0,0,0,0,0,0,0,0,0,0,0,0,0,0,0,0,0,0,0,0,0,0,0,0,0,0,0,0,0,0,0,0,0,2,0,0,0,0,0,0
842,2018,Arunachal Pradesh,12,Lower Siang,719,Lower Siang,0,0,0,0,0,0,1,0,0,0,0,0,0,0,0,0,0,0,1,0,1,0,0,2,0,0,0,0,0,0,0,0,0,0,0,0,0,0,0,0,0,0
843,2018,Arunachal Pradesh,12,Leparada,724,Leparada,0,0,0,0,0,0,1,0,0,0,0,0,0,0,0,0,0,0,1,0,0,0,2,0,0,0,0,0,0,0,0,0,0,0,0,0,0,0,0,0,0,0
844,2018,Assam,18,Kamrup Metro,618,Bieo,0,0,0,0,0,0,0,0,0,0,0,0,0,0,0,0,0,0,0,0,0,0,0,0,0,0,0,0,0,0,0,0,0,0,0,0,0,0,0,0,0,0
845,2018,Assam,18,Barpeta,280,Barpeta,0,22,0,0,1,0,0,36,20,0,0,0,0,0,0,5,0,0,120,0,0,0,200,0,0,0,892,0,0,0,0,0,0,0,0,102,6,12,0,0,0,0
846,2018,Assam,18,Baksa,616,Baksa,0,2,0,0,0,0,99,0,0,0,130,0,7,0,0,0,1,0,30,0,11,0,64,0,0,0,0,0,0,0,0,0,3,5,0,23,13,2,0,0,0,0
847,2018,Assam,18,Bongaigaon,281,Bongaigaon,0,10,0,0,0,0,265,26,0,0,77,0,61,0,0,4,0,0,51,0,25,0,90,0,0,9,0,0,0,0,0,0,0,0,0,32,18,0,0,0,0,0
848,2018,Assam,18,Kamrup Metro,618,Cid,0,0,0,0,0,0,0,0,0,0,0,0,0,0,0,0,0,0,0,0,0,0,0,0,0,0,0,0,0,0,0,0,0,0,0,0,0,0,0,0,0,0
849,2018,Assam,18,Cachar,282,Cachar,12,12,6,0,0,0,620,32,0,0,0,0,322,0,0,0,0,0,62,0,0,0,77,0,0,0,0,0,0,0,0,5,0,0,0,53,0,0,0,0,0,0
850,2018,Assam,18,Chirang,612,Chirang,1,0,0,0,0,0,89,0,0,0,71,0,4,0,0,3,0,0,20,0,9,0,20,0,2,0,0,0,0,0,0,0,0,0,0,31,0,0,0,0,0,0
851,2018,Assam,18,Darrang,283,Darrang,0,4,10,0,0,0,493,42,0,0,154,0,39,0,40,9,0,0,67,0,29,0,483,0,0,0,2,0,0,0,0,0,0,59,0,22,12,3,0,0,0,0
852,2018,Assam,18,Dhemaji,284,Dhemaji,0,4,7,0,0,0,152,0,0,0,65,0,17,0,0,0,0,0,27,0,6,0,114,0,0,0,1,0,0,0,0,0,0,1,0,17,15,0,0,1,0,0
853,2018,Assam,18,Dhubri,285,Dhubri,0,10,1,4,0,0,1090,33,0,2,138,0,50,0,147,5,2,0,95,0,62,0,423,0,4,0,6,0,6,0,0,0,0,0,0,81,30,11,2,0,1,0
854,2018,Assam,18,Dibrugarh,286,Dibrugarh,0,2,0,0,0,0,386,30,0,0,133,0,4,0,0,0,0,0,32,67,12,0,83,0,0,0,52,0,0,0,0,0,0,10,19,45,18,1,0,0,0,0
855,2018,Assam,18,Kamrup Metro,618,Grp,7,0,0,0,0,0,0,2,0,0,1,0,1,0,2,4,0,0,1,0,1,1,11,0,0,0,0,0,0,0,0,0,0,0,0,0,0,0,0,0,0,0
856,2018,Assam,18,Goalpara,287,Goalpara,0,10,0,0,0,0,390,50,0,0,81,0,52,0,1,4,0,0,52,0,114,0,61,0,0,0,0,0,0,0,0,0,0,0,0,20,15,5,0,0,0,0
857,2018,Assam,18,Golaghat,288,Golaghat,0,4,0,0,0,0,389,107,0,0,176,0,6,0,42,4,0,0,41,33,13,0,133,0,0,0,2,0,0,2,0,0,0,0,0,24,15,8,0,0,0,0
858,2018,Assam,18,Kamrup Metro,618,Guwahati City,0,6,17,0,0,0,774,127,0,0,293,0,103,0,10,0,4,0,66,0,13,0,299,0,0,0,43,0,0,0,0,12,0,28,75,50,49,14,0,2,0,0
859,2018,Assam,18,Hailakandi,289,Hailakandi,0,4,0,0,0,0,336,0,0,0,78,0,11,0,0,0,0,0,109,0,23,0,129,0,1,0,0,0,0,0,0,0,0,0,0,19,7,0,0,0,0,0
860,2018,Assam,18,West Karbi Anglong,710,Hamren,0,9,0,0,0,0,10,0,0,0,0,0,0,0,0,0,0,0,3,0,0,0,6,0,0,0,0,0,0,0,0,0,0,0,0,3,7,0,0,0,0,0
861,2018,Assam,18,Jorhat,290,Jorhat,0,1,0,0,0,0,464,24,0,1,116,0,15,0,47,0,0,0,39,1,11,0,207,0,0,0,0,0,0,0,0,0,0,0,0,34,1,0,0,0,0,0
862,2018,Assam,18,Kamrup,291,Kamrup,7,11,10,0,2,0,491,44,1,0,115,0,6,0,112,5,0,0,79,31,25,1,154,0,125,15,1,0,0,0,0,1,0,1,16,63,26,2,0,2,0,0
863,2018,Assam,18,Karbi Anglong,292,Karbi Anglong,1,0,0,0,0,0,118,22,0,0,55,0,0,0,0,6,0,0,14,13,1,0,72,0,0,0,0,0,0,0,0,0,0,2,2,6,5,0,0,0,0,0
864,2018,Assam,18,Karimganj,293,Karimganj,0,3,0,15,0,0,270,31,1,3,0,0,7,0,67,0,0,0,77,49,0,0,187,0,14,0,1,0,0,0,0,0,0,3,0,32,6,0,2,0,0,0
865,2018,Assam,18,Kokrajhar,294,Kokrajhar,6,8,0,0,0,0,164,0,0,0,63,0,0,0,0,2,0,0,43,35,4,0,73,0,0,0,3,0,0,0,0,0,0,0,0,39,9,0,0,0,0,0
866,2018,Assam,18,Lakhimpur,295,Lakhimpur,0,7,5,0,0,0,410,15,0,0,99,0,120,0,3,12,0,0,63,2,15,0,126,1,1,0,19,0,0,0,0,1,0,17,11,58,46,2,0,0,1,0
867,2018,Assam,18,Marigaon,296,Morigaon,0,6,0,1,0,0,510,173,0,0,222,0,0,0,0,10,0,0,58,143,40,0,40,0,0,0,27,0,0,0,0,0,0,0,0,65,3,16,0,0,0,0
868,2018,Assam,18,Dima Hasao,299,Dima Hasao,0,0,0,0,0,0,6,10,0,0,9,0,0,0,1,0,0,0,1,3,0,0,1,0,0,0,0,0,0,0,0,0,0,0,0,7,2,0,0,0,0,0
869,2018,Assam,18,Nagaon,297,Nagaon,0,10,2,0,0,0,1115,23,0,2,197,0,99,0,322,11,0,0,108,0,47,0,366,0,0,0,72,0,0,0,0,5,0,0,0,99,0,0,0,0,0,0
870,2018,Assam,18,Nalbari,298,Nalbari,8,0,0,0,0,0,247,0,1,1,120,0,1,0,7,0,0,0,38,8,0,0,95,0,8,0,1,0,0,0,0,0,0,22,0,29,13,9,0,0,0,0
871,2018,Assam,18,Kamrup Metro,618,Rpo,0,0,0,0,0,0,9,0,0,0,0,0,0,0,7,1,0,0,4,0,0,0,0,0,0,0,0,0,0,0,0,0,0,0,0,0,0,0,0,0,0,0
872,2018,Assam,18,Kamrup Metro,618,Sou,0,0,0,0,0,0,0,0,0,0,0,0,0,0,0,0,0,0,0,0,0,0,0,0,0,0,0,0,0,0,0,0,0,0,0,0,0,0,0,0,0,0
873,2018,Assam,18,Kamrup Metro,618,Stf,0,0,0,0,0,0,0,0,0,0,0,0,0,0,0,0,0,0,0,0,0,0,0,0,0,0,0,0,0,0,0,0,0,0,0,0,0,0,0,0,0,0
874,2018,Assam,18,Sivasagar,300,Sibsagar,15,2,0,0,0,0,349,0,0,0,113,0,0,0,0,1,0,0,27,83,10,0,163,0,3,0,4,2,0,0,0,0,0,13,0,29,16,3,1,0,0,0
875,2018,Assam,18,Sonitpur,301,Sonitpur,0,0,0,0,0,0,406,0,0,0,20,0,20,0,90,12,0,0,45,20,0,5,0,0,0,0,0,0,0,0,0,0,0,0,0,56,0,0,0,0,0,0
876,2018,Assam,18,Tinsukia,302,Tinsukia,0,2,9,0,0,0,249,0,0,0,121,0,67,0,0,1,0,0,1,0,9,42,40,0,9,0,0,0,0,0,0,0,0,0,0,21,16,5,0,0,0,0
877,2018,Assam,18,Udalguri,617,Udalguri,0,2,0,0,0,0,57,0,0,0,65,0,0,0,0,8,0,0,13,0,7,0,72,0,0,0,2,0,0,0,0,0,10,0,0,34,0,0,0,0,0,0
878,2018,Assam,18,Tinsukia,302,Sadia,0,0,0,0,0,0,13,1,0,0,6,0,0,0,4,1,0,0,4,0,0,0,17,0,0,0,7,0,0,0,0,0,0,0,0,6,0,0,0,0,0,0
879,2018,Assam,18,Majuli,706,Majuli,0,0,1,0,0,0,14,0,0,0,4,0,5,0,0,0,0,0,3,0,0,0,10,1,0,0,0,0,0,0,0,0,0,0,0,0,0,0,0,0,0,0
880,2018,Assam,18,Biswanath,705,Biswanath,0,5,4,3,0,0,157,0,0,0,21,0,75,0,0,2,0,0,25,0,7,0,63,0,0,0,0,0,0,0,0,0,0,0,0,30,9,0,0,0,0,0
881,2018,Assam,18,Hojai,709,Hojai,9,9,1,0,0,0,437,67,0,0,110,0,6,0,13,1,1,0,68,0,31,0,205,0,4,0,0,3,0,0,0,0,0,9,0,27,12,13,0,5,0,0
882,2018,Assam,18,South Salmara Mancachar,707,South Salmara,0,7,0,3,0,0,485,0,0,0,26,0,0,0,30,2,0,0,57,22,0,40,46,0,0,5,0,0,0,0,0,0,0,0,0,40,0,0,0,0,0,0
883,2018,Assam,18,Charaideo,708,Charaideo,0,1,3,0,0,0,72,9,0,0,22,0,22,0,0,0,0,0,16,0,0,0,21,0,0,0,3,0,0,0,0,0,0,2,0,25,3,0,0,0,0,0
884,2018,Bihar,10,Araria,188,Araria,0,11,0,0,0,0,34,15,0,0,66,0,0,0,18,0,0,0,23,97,0,0,5,0,0,0,76,0,3,0,0,0,0,0,0,39,0,0,0,0,0,0
885,2018,Bihar,10,Arwal,611,Arwal,0,10,0,0,0,0,6,0,0,0,1,0,0,0,6,0,0,0,2,24,0,0,0,0,0,1,19,0,0,0,0,0,0,0,0,3,4,0,0,0,0,0
886,2018,Bihar,10,Aurangabad,189,Aurangabad,0,33,1,0,0,0,40,0,0,0,17,0,0,0,0,0,0,0,2,46,0,0,5,0,0,0,43,0,0,0,0,0,0,0,0,9,5,5,48,0,0,0
887,2018,Bihar,10,Pashchim Champaran,211,Bagaha,0,14,0,0,0,0,21,8,0,0,29,0,0,0,4,1,0,0,9,0,0,0,1,0,0,0,0,1,0,0,0,0,0,0,0,2,18,0,0,0,0,0
888,2018,Bihar,10,Banka,190,Banka,0,14,0,0,0,0,41,21,3,0,39,0,0,0,9,0,0,0,21,73,1,0,4,0,0,0,53,0,0,0,0,0,0,0,0,12,10,0,0,0,0,0
889,2018,Bihar,10,Begusarai,191,Begusarai,0,26,0,0,0,0,38,7,0,0,49,0,0,0,15,0,0,0,14,149,15,0,6,0,5,0,81,0,0,0,0,0,0,0,0,14,29,0,0,0,0,0
890,2018,Bihar,10,Pashchim Champaran,211,Bettiah,0,45,0,11,0,0,82,21,0,0,67,0,0,0,26,0,0,0,12,3,0,0,0,0,0,0,120,0,0,0,0,0,0,0,0,23,73,0,0,0,0,0
891,2018,Bihar,10,Bhagalpur,192,Bhagalpur,0,19,0,0,0,0,82,8,4,0,67,0,0,0,0,0,0,0,20,197,1,0,19,0,0,0,137,0,0,0,0,0,0,0,0,40,31,0,0,0,0,0
892,2018,Bihar,10,Bhojpur,193,Bhojpur,0,32,0,0,0,0,40,22,0,0,30,0,0,0,0,0,0,0,9,70,0,0,7,0,1,0,176,0,0,0,0,0,0,0,0,21,44,10,0,0,0,0
893,2018,Bihar,10,Buxar,194,Buxar,0,23,0,0,0,0,42,6,0,0,31,0,0,0,25,0,0,0,22,62,0,0,18,0,0,0,68,0,1,0,0,0,0,0,0,5,5,0,0,0,0,0
894,2018,Bihar,10,Darbhanga,195,Darbhanga,0,23,0,0,0,0,55,14,0,0,90,0,0,0,15,0,0,0,20,170,6,0,5,0,0,0,134,1,0,0,0,0,0,0,0,24,32,0,0,0,0,0
895,2018,Bihar,10,Gaya,196,Gaya,0,42,0,0,0,0,123,78,2,0,83,0,0,0,1,0,0,0,36,142,5,0,2,0,0,0,0,0,3,0,0,0,0,0,0,29,47,0,0,0,0,0
896,2018,Bihar,10,Gopalganj,197,Gopalganj,0,25,0,0,0,0,53,23,0,0,65,0,0,0,0,0,0,0,4,102,0,0,0,0,0,0,19,0,0,0,0,0,0,0,0,24,0,0,0,0,0,0
897,2018,Bihar,10,Munger,207,Jamalpur Railway,0,0,0,0,0,0,0,0,0,0,0,0,0,0,0,0,0,0,1,1,0,0,3,0,0,0,0,0,0,0,0,0,0,0,0,0,1,0,0,0,0,0
898,2018,Bihar,10,Jamui,198,Jamui,0,15,0,0,0,0,37,11,0,0,46,0,0,0,0,0,0,0,10,69,0,0,1,2,0,0,0,0,1,0,0,0,0,0,0,13,0,4,0,0,0,0
899,2018,Bihar,10,Jehanabad,199,Jehanabad,0,23,0,0,0,0,19,25,0,0,40,0,0,0,10,0,0,0,9,34,5,0,12,0,0,0,4,0,0,0,0,0,0,0,0,10,21,0,0,0,0,0
900,2018,Bihar,10,Katihar,201,Katihar,0,16,0,0,0,0,113,64,0,0,0,0,0,0,1,0,0,0,40,146,0,0,0,0,0,0,0,0,0,0,0,0,0,0,0,81,15,0,0,0,0,0
901,2018,Bihar,10,Katihar,201,Katihar Railway,0,0,0,0,0,0,0,0,0,0,9,0,0,0,0,1,0,0,0,0,0,0,3,0,1,0,0,0,0,0,0,0,0,0,0,1,0,0,0,0,0,0
902,2018,Bihar,10,Khagaria,202,Khagaria,0,16,0,0,0,0,31,0,0,0,73,0,0,0,0,0,0,0,11,28,17,0,0,0,0,0,18,0,0,0,0,0,0,0,0,5,18,7,0,5,0,0
903,2018,Bihar,10,Kishanganj,203,Kishanganj,0,16,0,0,0,0,34,18,0,0,45,0,0,0,7,0,0,0,16,19,0,0,0,0,0,0,54,0,3,0,0,0,0,0,0,24,0,0,0,0,1,0
904,2018,Bihar,10,Lakhisarai,204,Lakhisarai,5,3,0,0,0,0,44,12,1,0,52,0,0,0,3,0,0,0,18,0,4,0,0,0,0,0,0,0,0,0,0,0,0,0,0,3,24,28,0,0,0,0
905,2018,Bihar,10,Madhepura,205,Madhepura,0,7,0,0,0,0,66,0,0,0,95,0,0,0,0,0,0,0,11,66,0,0,0,2,0,0,4,0,0,0,0,0,0,0,0,14,10,0,0,0,0,0
906,2018,Bihar,10,Madhubani,206,Madhubani,0,39,0,0,0,0,80,0,0,0,184,0,0,0,26,1,0,0,36,69,0,0,1,0,0,0,171,0,0,0,0,0,0,0,0,28,55,0,0,0,0,0
907,2018,Bihar,10,Purbi Champaran,213,Motihari,0,49,0,9,0,0,107,90,0,0,99,0,0,0,21,0,0,0,11,98,0,0,0,0,0,0,171,0,1,0,0,0,0,0,0,21,14,0,0,0,0,0
908,2018,Bihar,10,Munger,207,Munger,0,6,0,0,0,0,94,3,0,0,123,0,0,0,0,0,0,0,14,0,4,0,18,0,0,0,0,0,0,0,0,0,0,2,4,10,22,8,2,0,0,0
909,2018,Bihar,10,Muzaffarpur,208,Muzaffarpur,0,75,0,0,0,0,236,27,0,0,237,0,0,0,0,0,0,0,45,229,1,0,61,0,0,0,46,0,0,0,0,0,0,0,0,43,60,38,0,0,0,0
910,2018,Bihar,10,Muzaffarpur,208,Muzaffarpur Railway,0,0,2,0,0,0,0,1,0,0,1,0,0,0,3,0,0,0,1,1,0,0,5,0,0,0,0,0,0,0,0,0,0,0,0,0,2,0,0,0,0,0
911,2018,Bihar,10,Nalanda,209,Nalanda,0,38,0,0,0,0,58,2,0,0,126,0,0,0,61,0,0,0,26,60,3,0,0,0,0,0,117,0,0,0,0,0,0,0,0,8,15,0,51,0,0,0
912,2018,Bihar,10,Bhagalpur,192,Naugachia,0,11,1,0,0,0,17,3,2,0,0,0,0,0,22,0,0,0,6,66,3,0,0,1,0,0,35,0,0,0,0,0,0,0,0,8,14,0,0,0,0,0
913,2018,Bihar,10,Nawada,210,Nawadah,0,14,0,0,0,0,47,0,0,0,91,0,0,0,0,0,0,0,24,7,0,0,3,0,0,0,0,0,0,0,0,0,0,0,0,1,64,0,0,0,0,0
914,2018,Bihar,10,Patna,212,Patna,4,107,0,0,0,0,220,95,0,0,661,0,0,0,0,0,0,0,75,225,24,0,36,0,23,0,104,23,0,0,0,0,0,0,0,48,125,0,0,0,0,0
915,2018,Bihar,10,Patna,212,Patna Railway,0,0,0,0,0,0,0,2,0,0,4,0,0,0,2,0,0,0,0,3,0,0,11,0,0,0,0,0,0,0,1,0,0,0,0,2,0,0,0,0,0,0
916,2018,Bihar,10,Rohtas,215,Rohtas,0,34,0,0,0,0,93,39,0,0,127,0,0,0,3,0,0,0,17,51,0,0,5,0,0,0,99,1,0,0,0,0,0,0,0,20,56,4,0,0,0,0
917,2018,Bihar,10,Saharsa,216,Saharsa,0,19,0,0,0,0,56,23,0,0,84,0,0,0,0,0,0,0,9,7,0,0,0,0,0,0,0,0,0,0,0,0,0,0,0,13,7,10,0,0,0,0
918,2018,Bihar,10,Samastipur,217,Samastipur,0,37,0,0,0,0,49,12,2,0,119,0,0,0,45,0,0,0,9,116,0,0,0,0,0,0,82,0,0,0,0,0,0,0,0,20,19,0,0,0,0,0
919,2018,Bihar,10,Saran,218,Saran,0,69,0,0,5,0,125,80,0,0,152,0,0,0,0,0,0,0,7,192,0,0,0,0,0,0,23,0,0,2,0,0,0,0,0,30,0,0,0,0,0,0
920,2018,Bihar,10,Sheikhpura,219,Sheikhpura,0,11,0,0,0,0,16,11,0,0,26,0,0,0,0,0,0,0,2,14,6,0,7,0,0,0,24,0,0,0,0,0,0,0,0,3,36,0,0,0,0,0
921,2018,Bihar,10,Sheohar,220,Sheohar,0,11,0,0,0,0,15,2,0,0,11,0,0,0,0,0,0,0,3,47,0,0,0,0,0,0,17,0,0,0,0,0,0,0,0,2,1,2,0,0,0,0
922,2018,Bihar,10,Sitamarhi,221,Sitamarhi,0,26,0,0,1,0,110,5,0,0,298,0,0,0,0,0,0,0,10,20,0,0,0,0,0,0,0,0,0,0,0,0,0,0,0,18,14,0,0,0,0,0
923,2018,Bihar,10,Siwan,222,Siwan,0,33,0,0,0,0,42,55,0,0,72,0,0,0,2,0,0,0,1,62,0,4,0,0,0,0,59,0,0,0,0,3,0,0,0,33,1,0,0,0,0,0
924,2018,Bihar,10,Supaul,223,Supaul,0,9,0,0,0,0,51,0,0,0,153,0,0,0,2,0,0,0,19,1,7,0,18,0,0,0,54,0,0,0,0,0,0,0,0,28,0,0,0,0,0,0
925,2018,Bihar,10,Vaishali,224,Vaishali,0,63,0,0,0,0,70,125,0,0,62,0,0,0,2,0,0,0,3,145,0,0,2,0,0,0,1,2,0,0,0,0,0,0,0,27,6,0,0,0,0,0
926,2018,Bihar,10,Patna,212,Economic Offences Unit,0,0,0,0,0,0,0,0,0,0,0,0,0,0,0,0,0,0,0,0,0,0,0,0,0,0,0,0,0,0,0,0,0,0,0,0,0,0,0,0,0,0
927,2018,Bihar,10,Patna,212,Anti Terrorist Squad,0,0,0,0,0,0,0,0,0,0,0,0,0,0,0,0,0,0,0,0,0,0,0,0,0,0,0,0,0,0,0,0,0,0,0,0,0,0,0,0,0,0
928,2018,Chhattisgarh,22,Balod,646,Balod,0,3,0,0,0,0,5,29,0,0,0,0,0,0,1,2,0,0,13,0,1,31,29,0,3,10,0,0,0,0,0,0,0,0,0,31,10,0,0,0,0,0
929,2018,Chhattisgarh,22,Balrampur Ramanujganj,649,Balrampur,0,0,3,0,0,0,6,48,0,0,3,0,0,0,0,4,0,0,46,0,0,60,40,0,0,7,0,0,0,0,0,0,1,0,0,61,7,0,0,0,0,0
930,2018,Chhattisgarh,22,Bemetara,650,Bemetra,0,1,5,0,0,0,17,37,0,0,0,0,0,0,0,0,0,0,14,12,1,17,34,0,3,13,0,0,0,0,0,0,0,0,0,17,13,0,0,0,0,0
931,2018,Chhattisgarh,22,Bilaspur,375,Bilaspur,0,6,15,0,0,0,67,0,0,0,0,0,0,0,0,1,0,0,64,305,3,40,168,0,16,49,1,0,0,2,0,0,0,0,0,40,49,0,0,0,0,0
932,2018,Chhattisgarh,22,Bijapur,636,Bizapur,0,0,0,0,0,0,0,5,0,0,0,0,0,0,0,0,0,0,4,0,0,6,5,0,0,1,0,0,0,0,0,0,0,0,0,0,0,0,0,0,0,0
933,2018,Chhattisgarh,22,Dakshin Bastar Dantewada,376,Dantewara,0,1,0,0,0,0,1,5,0,0,1,1,0,0,0,1,0,0,7,1,0,9,8,2,2,1,0,0,0,0,0,0,0,0,1,9,4,2,0,0,0,0
934,2018,Chhattisgarh,22,Dhamtari,377,Dhamtari,2,4,6,0,0,0,5,23,0,0,0,0,0,0,0,0,0,0,21,0,0,51,21,1,3,15,0,0,0,0,0,0,0,0,0,51,21,0,0,0,0,0
935,2018,Chhattisgarh,22,Durg,378,Durg,0,14,13,0,0,0,49,173,0,0,0,1,0,0,3,0,0,0,61,4,0,86,151,4,5,80,1,0,0,0,0,1,0,4,0,90,80,1,5,0,0,0
936,2018,Chhattisgarh,22,Gariyaband,645,Gariyaband,1,0,0,0,0,0,0,9,0,0,0,1,0,0,0,0,0,0,10,1,1,39,16,0,5,7,0,0,0,0,0,0,0,0,0,39,7,1,0,0,0,0
937,2018,Chhattisgarh,22,Raipur,387,Grp Raipur,0,0,2,0,0,0,0,1,0,0,0,0,0,0,0,0,0,0,1,0,0,1,3,0,0,0,0,0,0,0,0,0,0,0,0,1,0,0,0,0,0,0
938,2018,Chhattisgarh,22,Bastar,374,Jagdalpur,0,0,0,0,0,0,7,0,0,0,0,1,0,0,46,0,0,0,22,0,0,27,15,0,2,13,0,0,0,0,0,0,0,0,0,27,13,0,0,0,0,0
939,2018,Chhattisgarh,22,Janjgir-Champa,379,Janjgir,0,13,8,0,0,0,57,107,0,0,0,6,0,0,0,0,0,0,41,6,0,71,101,0,14,35,0,0,0,0,0,0,0,0,0,71,35,6,0,0,0,0
940,2018,Chhattisgarh,22,Jashpur,380,Jashpur,0,1,1,0,0,0,4,37,0,0,0,0,0,0,0,2,0,0,46,18,0,52,26,0,4,10,0,0,0,0,0,0,0,0,0,52,10,0,0,0,0,0
941,2018,Chhattisgarh,22,Kabeerdham,382,Kabirdham,1,1,3,0,0,0,20,46,0,0,0,3,0,0,1,0,0,0,15,3,0,26,29,1,1,12,0,0,0,0,0,0,0,0,0,26,12,3,0,0,0,0
942,2018,Chhattisgarh,22,Uttar Bastar Kanker,381,Kanker,0,1,4,0,0,0,8,34,0,0,0,2,0,0,0,0,0,0,20,0,0,47,23,1,4,5,0,0,0,0,0,0,0,0,0,48,4,1,0,0,0,0
943,2018,Chhattisgarh,22,Kondagaon,643,Kondagaon,1,0,0,0,0,0,1,28,0,0,2,4,0,0,0,0,0,0,3,0,0,26,10,0,0,4,0,0,0,0,0,0,0,0,0,26,4,1,0,0,0,0
944,2018,Chhattisgarh,22,Korba,383,Korba,0,4,5,0,0,0,22,63,0,0,0,1,0,0,1,0,0,0,51,6,0,44,66,0,7,35,1,0,0,0,0,0,0,1,0,41,35,1,0,0,0,0
945,2018,Chhattisgarh,22,Korea,384,Koriya,4,3,3,0,0,0,20,1,1,0,0,0,0,0,0,3,0,0,53,1,0,49,57,0,1,18,0,0,0,0,0,0,0,0,0,49,18,0,0,0,0,0
946,2018,Chhattisgarh,22,Mahasamund,385,Mahasamund,0,1,3,0,0,0,6,48,0,0,0,1,0,0,0,0,0,0,22,3,0,42,40,1,9,14,0,0,0,0,0,0,0,1,0,51,14,3,0,0,0,0
947,2018,Chhattisgarh,22,Mungeli,647,Mungali,1,1,5,0,0,0,13,24,0,0,0,1,0,0,0,0,0,0,6,12,0,50,33,0,3,18,0,0,0,0,0,0,0,0,0,50,18,1,0,0,0,0
948,2018,Chhattisgarh,22,Narayanpur,637,Narayanpur,0,0,0,0,0,0,1,6,0,0,0,0,0,0,0,0,0,0,6,1,0,8,4,1,0,2,0,0,0,0,0,0,0,0,0,7,2,1,0,0,0,0
949,2018,Chhattisgarh,22,Raigarh,386,Raigarh,0,6,0,0,0,0,28,0,0,0,0,0,0,0,99,1,2,0,108,11,0,45,116,1,25,26,0,0,0,0,0,0,0,3,0,45,26,1,0,0,0,0
950,2018,Chhattisgarh,22,Raipur,387,Raipur,0,9,15,0,0,0,83,274,0,0,0,3,0,0,0,4,0,0,82,12,2,135,125,3,34,64,12,0,0,12,0,0,0,1,1,130,62,23,2,7,0,0
951,2018,Chhattisgarh,22,Rajnandgaon,388,Rajnandgaon,0,0,5,0,0,0,27,110,0,0,0,2,0,0,0,0,0,0,25,4,0,40,58,0,10,17,0,0,0,0,0,0,0,0,0,40,17,0,0,0,0,1
952,2018,Chhattisgarh,22,Surguja,389,Sarguja,0,1,6,0,0,0,9,73,0,0,0,0,0,0,0,0,0,0,49,0,0,63,36,0,0,10,2,0,0,0,0,0,0,5,0,63,0,0,0,0,0,0
953,2018,Chhattisgarh,22,Sukma,642,Sukma,0,0,0,0,0,0,2,0,0,0,0,0,0,0,0,0,0,0,5,0,0,5,1,0,0,4,0,0,0,0,0,0,0,0,0,5,0,0,0,0,0,0
954,2018,Chhattisgarh,22,Surajpur,648,Surajpur,0,3,4,0,0,0,7,17,0,0,0,1,1,0,0,0,0,1,44,8,1,81,49,1,0,19,1,0,0,0,0,0,0,0,0,81,12,16,1,2,0,0
955,2018,Goa,30,North Goa,551,North Goa,1,0,0,0,0,0,5,39,0,0,0,2,0,0,21,20,0,0,12,0,0,16,66,0,14,10,0,3,0,0,0,0,0,1,0,0,1,0,0,0,0,0
956,2018,Goa,30,South Goa,552,South Goa,0,0,1,0,0,0,4,16,0,0,0,0,0,0,1,9,0,0,13,0,0,16,30,0,8,6,0,0,0,0,4,0,0,0,0,0,0,0,0,0,0,0
957,2018,Goa,30,North Goa,551,Cid,0,0,1,0,0,0,0,1,0,0,0,0,0,0,0,20,0,0,2,0,0,2,11,0,2,2,0,0,0,0,0,0,0,2,0,0,0,0,0,0,0,0
958,2018,Gujarat,24,Ahmadabad,438,Ahmedabad City,0,1,41,1,5,1,645,40,0,0,5,0,0,0,6,0,0,0,68,47,0,0,204,0,2,4,0,0,0,5,1,8,0,1,1,207,65,55,0,2,1,0
959,2018,Gujarat,24,Ahmadabad,438,Ahmedabad Rural,0,0,12,0,0,0,34,0,0,0,3,0,0,0,0,0,0,0,12,0,0,0,16,0,0,0,0,0,0,0,0,0,0,0,0,27,9,0,0,0,0,0
960,2018,Gujarat,24,Amreli,439,Amreli,0,0,9,0,0,0,88,8,0,0,2,0,0,0,3,1,0,0,13,32,1,0,36,0,2,6,0,0,0,0,0,0,0,0,0,56,5,0,0,0,0,0
961,2018,Gujarat,24,Anand,440,Anand,0,0,4,0,0,0,46,14,0,0,4,0,0,0,0,0,0,0,11,0,0,0,19,0,0,0,0,1,0,0,0,1,0,0,0,9,9,0,0,55,0,0
962,2018,Gujarat,24,Arvalli,672,Arvalli,0,0,14,0,0,0,85,0,0,0,9,0,0,0,0,0,0,0,8,39,0,0,16,0,0,0,0,0,0,0,0,0,0,0,0,8,7,0,0,0,0,0
963,2018,Gujarat,24,Banas Kantha,441,Banaskantha,0,0,0,0,0,0,112,74,0,0,11,0,0,0,0,1,0,0,47,0,0,0,89,0,0,0,0,0,1,0,0,0,0,0,0,22,11,0,0,0,0,0
964,2018,Gujarat,24,Bharuch,442,Bharuch,0,0,3,0,0,0,28,4,0,0,5,0,0,0,0,0,0,0,10,12,0,0,24,0,0,1,0,0,0,0,0,0,0,0,0,58,3,14,0,0,0,0
965,2018,Gujarat,24,Bhavnagar,443,Bhavnagar,0,1,21,0,0,0,98,0,0,0,1,0,0,0,1,0,0,0,20,4,0,1,72,0,0,0,0,0,0,0,0,0,0,0,0,50,13,4,0,66,0,0
966,2018,Gujarat,24,Botad,676,Botad,0,0,1,0,0,0,10,0,0,0,0,0,0,0,2,0,0,0,3,0,0,0,6,0,0,0,0,0,0,0,0,0,0,1,0,32,2,0,0,0,0,0
967,2018,Gujarat,24,Chhotaudepur,668,Chhotaudepur,0,0,5,0,0,0,11,0,0,0,1,0,0,0,0,0,0,0,8,2,1,0,9,0,0,0,0,0,0,0,0,0,0,0,0,32,1,3,0,2,0,0
968,2018,Gujarat,24,Gandhinagar,446,Cid Crime,0,0,0,0,0,0,0,0,0,0,0,0,0,0,0,0,0,0,0,0,0,0,1,0,0,0,0,0,0,0,0,0,0,0,0,0,0,0,0,0,0,0
969,2018,Gujarat,24,Dohad,445,Dahod,2,0,17,0,0,0,16,5,0,0,0,0,0,0,0,0,0,0,21,0,0,0,26,0,0,0,0,0,0,0,0,0,0,0,0,107,6,0,0,0,0,0
970,2018,Gujarat,24,Dang,444,Dang,0,0,1,0,0,0,0,0,0,0,0,0,0,0,0,0,0,0,3,0,0,0,3,0,0,0,0,0,0,0,0,0,0,0,0,3,0,0,0,0,0,0
971,2018,Gujarat,24,Devbhumi Dwarka,674,Devbhumi Dwarka,0,0,7,0,0,0,62,0,0,0,1,0,0,0,0,0,0,0,7,3,0,0,8,0,1,0,0,0,0,0,0,0,0,0,0,23,1,0,0,0,0,0
972,2018,Gujarat,24,Gandhinagar,446,Gandhinagar,0,0,16,0,0,0,88,5,0,0,1,0,0,0,0,0,0,0,12,14,0,0,19,0,0,0,0,0,0,0,0,0,0,0,1,43,12,0,0,0,0,0
973,2018,Gujarat,24,Gir Somnath,675,Gir Somnath,0,0,2,0,0,0,89,9,0,0,0,0,0,0,1,0,0,0,12,21,0,0,27,0,0,0,0,0,0,0,0,0,0,0,0,4,8,3,1,0,1,0
974,2018,Gujarat,24,Jamnagar,447,Jamnagar,1,1,9,0,0,0,46,0,0,0,1,0,0,0,0,3,0,0,12,15,0,0,22,0,0,0,0,0,0,1,0,0,0,0,1,43,8,0,0,0,0,0
975,2018,Gujarat,24,Junagadh,448,Junagadh,0,0,6,0,0,0,164,3,0,0,1,0,0,0,0,0,0,0,16,10,0,6,33,0,0,3,0,0,0,0,0,0,0,0,0,9,40,7,0,1,1,0
976,2018,Gujarat,24,Kachchh,449,Kachchh East(G),0,0,9,0,1,0,27,4,1,0,0,0,0,0,1,0,0,0,14,15,0,0,28,1,0,0,0,0,0,0,0,0,0,0,0,30,4,3,1,0,0,0
977,2018,Gujarat,24,Kachchh,449,Kachchh West(B),0,1,13,0,0,0,50,5,0,0,0,0,0,0,1,1,0,0,14,18,0,0,18,0,0,0,0,0,0,0,0,0,0,2,0,20,11,0,0,0,0,0
978,2018,Gujarat,24,Kheda,450,Kheda,0,0,19,0,0,0,59,34,0,0,0,0,0,0,0,0,0,0,15,5,0,0,22,0,0,3,0,0,0,0,0,0,0,0,0,13,1,0,0,0,0,0
979,2018,Gujarat,24,Mahisagar,669,Mahisagar,0,0,6,0,0,0,41,22,0,0,1,0,0,0,0,0,0,0,12,0,0,0,18,0,0,0,0,0,0,0,0,0,0,0,0,9,4,0,0,0,0,0
980,2018,Gujarat,24,Mahesana,451,Mehsana,0,1,17,0,0,0,88,41,0,0,6,0,0,0,1,0,0,0,11,36,0,0,46,0,1,0,0,0,0,0,0,3,0,0,0,10,11,0,0,0,0,0
981,2018,Gujarat,24,Morbi,673,Morbi,1,0,9,0,1,0,33,4,0,0,0,0,0,0,1,0,0,0,9,10,0,0,11,0,0,0,0,0,0,1,0,0,0,0,1,29,3,0,0,0,0,0
982,2018,Gujarat,24,Narmada,452,Narmada,0,0,7,0,0,0,6,0,0,0,0,0,0,0,0,0,0,0,5,4,1,0,12,0,1,0,0,0,0,0,0,0,0,0,0,12,1,0,0,0,0,0
983,2018,Gujarat,24,Navsari,453,Navsari,1,0,5,0,0,0,29,1,0,0,0,0,0,0,0,2,0,0,5,6,0,0,13,0,1,0,0,0,0,0,0,0,0,0,0,25,4,1,0,0,0,0
984,2018,Gujarat,24,Panch Mahals,454,Panchmahal,0,0,9,0,0,0,62,4,0,0,0,0,0,0,0,0,0,0,16,0,0,0,24,0,0,0,0,0,0,0,0,0,0,0,3,92,14,0,0,0,0,0
985,2018,Gujarat,24,Patan,455,Patan,0,0,4,0,0,0,64,4,0,0,4,0,0,0,0,0,0,0,11,3,0,0,46,0,0,0,0,0,0,0,0,0,0,1,0,27,16,3,3,4,0,0
986,2018,Gujarat,24,Porbandar,456,Porbandar,0,0,4,0,0,0,37,7,0,0,1,0,0,0,2,0,0,0,2,11,0,0,7,0,0,0,0,0,0,0,0,0,0,0,0,9,3,0,0,0,0,0
987,2018,Gujarat,24,Rajkot,457,Rajkot City,0,1,17,0,0,0,193,0,0,0,2,0,0,0,0,0,0,0,22,53,0,0,21,0,0,0,0,0,8,0,0,0,0,0,0,67,6,0,0,0,0,0
988,2018,Gujarat,24,Rajkot,457,Rajkot Rural,0,0,15,0,0,0,100,1,0,0,1,0,0,0,1,0,0,0,20,50,0,0,23,0,1,0,0,0,0,0,0,0,0,2,0,41,5,2,0,1,0,0
989,2018,Gujarat,24,Sabar Kantha,458,Sabarkantha,0,0,13,0,0,0,71,1,0,0,2,0,0,0,3,0,0,0,10,0,0,0,40,0,0,0,0,0,0,0,0,0,0,0,3,22,3,3,0,0,0,0
990,2018,Gujarat,24,Surat,459,Surat City,0,0,20,0,0,0,264,0,0,0,5,0,0,0,0,0,0,0,46,57,0,0,88,0,2,5,0,0,0,0,0,0,0,2,0,176,46,1,0,0,0,0
991,2018,Gujarat,24,Surat,459,Surat Rural,1,0,5,0,0,0,23,6,0,0,11,0,0,0,1,0,0,0,5,11,0,0,13,0,0,0,0,0,0,0,0,0,0,0,0,18,3,0,0,0,0,0
992,2018,Gujarat,24,Surendranagar,460,Surendranagar,0,2,7,0,0,0,38,0,0,0,18,0,0,0,0,0,0,0,11,43,0,0,32,0,0,0,0,0,0,0,0,0,0,2,0,14,5,0,0,0,0,0
993,2018,Gujarat,24,Tapi,641,Tapi,0,0,2,0,0,0,5,0,0,0,0,0,0,0,0,0,0,0,9,2,0,0,6,0,0,0,2,0,0,0,0,0,0,0,0,18,2,1,0,0,0,0
994,2018,Gujarat,24,Vadodara,461,Vadodara City,0,1,16,0,0,0,88,0,0,0,6,0,0,0,2,0,0,0,11,15,0,0,44,0,0,0,0,0,0,0,0,3,0,0,0,39,46,22,0,0,0,0
995,2018,Gujarat,24,Vadodara,461,Vadodara Rural,0,0,9,0,0,0,13,2,0,0,0,0,0,0,0,0,0,0,5,12,0,0,15,0,0,0,0,0,0,0,0,0,0,0,1,38,5,4,0,0,0,0
996,2018,Gujarat,24,Valsad,462,Valsad,0,0,11,0,0,0,8,19,0,0,0,0,0,0,1,2,0,0,9,22,0,0,14,0,0,0,0,0,1,0,0,0,0,0,0,10,13,0,0,0,0,0
997,2018,Haryana,6,Ambala,58,Ambala,0,5,7,0,0,0,159,0,0,0,109,0,0,0,26,2,0,0,52,0,0,0,75,0,11,0,2,0,0,0,0,0,0,0,0,36,26,11,0,0,0,0
998,2018,Haryana,6,Bhiwani,59,Bhiwani,2,9,2,0,0,0,221,0,0,0,33,0,32,0,4,2,0,0,56,0,13,0,163,2,0,43,0,0,0,0,0,0,0,1,0,26,0,0,0,0,0,0
999,2018,Haryana,6,Faridabad,60,Faridabad,19,18,12,4,0,0,380,0,0,0,69,0,175,0,0,0,0,0,125,0,10,0,139,0,13,0,7,0,0,0,0,0,0,0,0,168,66,4,0,1,0,0
1000,2018,Haryana,6,Fatehabad,61,Fatehabad,3,2,8,1,0,0,103,6,0,0,12,0,36,0,27,1,0,0,42,0,2,0,150,0,7,0,1,0,0,0,0,0,0,1,0,37,41,1,0,1,0,0
1001,2018,Haryana,6,Ambala,58,Grp,0,3,10,0,0,0,0,1,0,0,1,0,3,0,13,0,0,0,2,0,0,2,14,0,0,2,0,0,0,0,0,0,0,0,0,0,0,0,0,0,0,0
1002,2018,Haryana,6,Gurugram,62,Gurugram,1,23,18,0,0,0,335,39,0,1,139,0,193,0,88,1,0,0,146,0,11,0,237,0,52,0,1,1,2,17,0,0,0,6,0,103,65,19,0,0,0,0
1003,2018,Haryana,6,Hisar,63,Hissar,0,8,4,0,0,1,168,1,0,0,3,0,43,0,2,0,0,0,59,1,3,0,117,0,6,0,0,0,0,0,0,0,0,4,5,33,11,12,0,2,0,0
1004,2018,Haryana,6,Jhajjar,64,Jhajjar,0,14,14,0,0,0,279,0,0,0,29,0,0,0,2,0,0,0,37,24,6,0,125,0,37,0,0,0,0,0,0,1,0,1,0,30,29,8,0,0,0,0
1005,2018,Haryana,6,Jind,65,Jind,0,12,15,4,0,0,203,0,0,0,40,0,0,0,0,0,0,0,37,0,7,0,97,0,0,0,0,0,0,0,0,1,0,9,0,48,32,3,0,0,0,0
1006,2018,Haryana,6,Kaithal,66,Kaithal,0,5,13,1,0,0,163,2,0,0,100,0,34,0,91,0,0,0,44,4,10,0,101,0,7,0,0,0,0,0,0,1,0,0,0,43,12,5,0,2,0,0
1007,2018,Haryana,6,Karnal,67,Karnal,0,15,14,0,0,0,165,0,0,0,86,0,86,0,66,0,0,0,79,0,41,0,172,0,1,0,1,0,0,0,0,0,0,5,2,59,37,19,0,4,0,0
1008,2018,Haryana,6,Kurukshetra,68,Kurukshetra,0,6,4,0,0,0,146,0,0,0,69,0,0,0,35,0,0,0,32,0,3,0,55,0,0,0,1,0,0,0,0,2,0,0,0,42,20,10,2,0,0,0
1009,2018,Haryana,6,Mahendragarh,69,Mahendergarh,0,13,0,0,0,0,76,3,0,0,5,0,18,0,5,0,0,0,39,0,2,0,52,0,2,0,0,0,0,0,0,0,0,1,0,21,13,3,0,2,0,0
1010,2018,Haryana,6,Palwal,619,Palwal,0,0,4,0,0,0,142,0,0,0,41,0,0,0,0,0,0,0,40,54,0,0,64,0,0,0,0,0,0,0,0,0,0,0,0,36,7,0,0,0,0,0
1011,2018,Haryana,6,Panchkula,70,Panchkula,0,3,4,0,0,0,48,9,0,0,0,0,14,0,0,0,0,0,26,0,0,0,31,0,5,0,1,0,0,0,0,1,0,0,0,29,10,2,0,0,0,0
1012,2018,Haryana,6,Panipat,71,Panipat,0,10,13,0,0,0,282,0,0,0,111,0,101,0,304,4,0,0,99,0,8,0,203,0,9,0,0,0,0,0,0,2,2,3,0,52,59,14,0,0,0,0
1013,2018,Haryana,6,Rewari,72,Rewari,0,5,22,0,0,0,132,0,0,0,17,0,28,0,9,0,0,0,41,0,9,0,103,0,0,0,2,0,0,0,0,0,0,0,0,48,28,0,0,0,0,0
1014,2018,Haryana,6,Rohtak,73,Rohtak,0,13,9,0,0,0,237,0,1,0,74,0,27,0,124,0,0,0,71,31,10,0,243,0,3,0,1,4,0,2,0,1,0,0,0,41,42,9,0,0,0,0
1015,2018,Haryana,6,Sirsa,74,Sirsa,0,5,4,1,0,1,155,0,0,0,33,0,52,0,11,1,0,0,56,0,7,0,69,0,3,0,0,4,0,0,0,0,0,0,0,32,27,4,0,4,4,0
1016,2018,Haryana,6,Sonipat,75,Sonipat,0,15,7,0,0,0,266,0,0,0,90,1,0,0,219,1,0,0,75,0,11,0,101,0,13,26,1,0,0,0,0,2,0,0,0,33,26,18,0,2,0,0
1017,2018,Haryana,6,Yamunanagar,76,Yamunanagar,0,10,9,0,0,0,218,0,0,0,63,0,0,0,97,0,0,0,37,41,2,0,42,0,0,0,0,0,0,0,0,0,0,1,0,32,29,9,0,0,0,0
1018,2018,Haryana,6,Charki Dadri,701,Charkhi Dadri,0,1,2,0,0,0,78,0,0,0,18,0,9,0,1,0,0,0,20,1,6,0,109,2,21,0,0,0,0,0,0,0,0,2,0,10,17,0,0,0,0,0
1019,2018,Haryana,6,Hisar,63,Hansi,1,3,9,0,0,0,50,0,0,0,3,0,0,0,1,0,0,0,13,13,3,0,43,0,0,6,0,1,0,0,0,0,0,0,0,16,9,3,0,0,0,0
1020,2018,Himachal Pradesh,2,Solan,25,Baddi,1,0,2,0,0,0,15,10,2,0,0,0,0,0,0,0,0,0,2,1,0,11,19,0,0,1,0,0,0,0,0,0,0,0,0,0,1,0,0,0,0,0
1021,2018,Himachal Pradesh,2,Bilaspur,15,Bilaspur,0,0,3,0,0,0,14,11,0,0,0,0,1,0,0,0,0,0,7,1,0,13,29,0,9,6,0,0,0,0,0,0,0,3,0,0,0,0,0,0,0,0
1022,2018,Himachal Pradesh,2,Chamba,16,Chamba,1,0,3,0,0,0,3,0,0,0,5,0,0,0,0,0,0,0,10,16,0,7,21,0,0,7,0,0,0,0,0,1,1,1,0,2,0,0,0,0,0,0
1023,2018,Himachal Pradesh,2,Shimla,23,Cid,0,0,0,0,0,0,0,0,0,0,0,0,0,0,0,0,0,0,0,0,0,0,0,0,0,0,0,0,0,0,0,0,0,0,0,0,0,0,0,0,0,0
1024,2018,Himachal Pradesh,2,Shimla,23,Grp,0,0,0,0,0,0,0,1,0,0,0,0,0,0,0,0,0,0,0,0,0,0,0,0,0,0,0,0,0,0,0,0,0,0,0,0,0,0,0,0,0,0
1025,2018,Himachal Pradesh,2,Hamirpur,17,Hamirpur,0,1,6,0,0,0,8,0,0,0,2,1,0,0,0,0,0,0,5,6,1,9,21,0,5,10,0,0,0,0,0,0,3,5,0,0,2,0,0,0,0,0
1026,2018,Himachal Pradesh,2,Kangra,18,Kangra,2,1,15,0,0,0,9,0,0,0,12,0,0,0,0,0,0,0,25,39,0,27,67,4,8,14,0,0,0,0,0,0,0,9,0,0,0,0,0,0,0,0
1027,2018,Himachal Pradesh,2,Kinnaur,19,Kinnaur,1,0,3,0,0,0,7,2,0,0,0,0,0,0,0,0,0,0,0,0,1,6,2,0,0,0,0,0,0,0,0,0,0,3,0,0,0,0,0,0,0,0
1028,2018,Himachal Pradesh,2,Kullu,20,Kullu,0,0,4,1,0,0,8,17,0,0,0,0,0,0,0,0,0,0,11,0,3,20,16,0,5,2,0,0,0,0,0,0,3,0,0,20,0,0,0,0,0,0
1029,2018,Himachal Pradesh,2,Mandi,22,Mandi,0,1,9,0,0,0,50,0,0,0,7,0,0,0,0,0,0,0,23,58,0,25,83,0,19,11,0,0,0,0,0,0,0,2,0,0,0,0,0,0,0,0
1030,2018,Himachal Pradesh,2,Shimla,23,Shimla,0,0,6,0,0,0,18,27,0,0,1,0,0,0,0,0,0,0,19,41,1,21,68,1,24,11,1,4,0,0,0,0,1,0,1,0,0,0,0,0,0,0
1031,2018,Himachal Pradesh,2,Sirmaur,24,Sirmaur,0,1,7,0,0,0,9,0,0,0,7,0,0,0,0,0,0,0,23,32,0,32,44,0,4,13,0,1,0,0,0,0,0,4,0,0,0,0,0,0,0,0
1032,2018,Himachal Pradesh,2,Solan,25,Solan,2,0,6,0,0,0,6,14,0,0,0,0,0,0,4,0,0,0,12,0,0,11,33,0,1,5,0,0,0,0,0,0,0,0,5,0,0,0,0,0,0,0
1033,2018,Himachal Pradesh,2,Una,26,Una,0,0,9,0,0,0,36,4,0,4,6,0,0,0,0,0,0,0,16,8,0,9,23,0,2,7,0,0,0,0,0,4,0,0,0,0,0,0,0,0,0,0
1034,2018,Himachal Pradesh,2,Shimla,23,Cyber,0,0,0,0,0,0,0,0,0,0,0,0,0,0,0,0,0,0,0,0,0,0,0,0,0,0,0,0,0,0,0,0,0,0,0,0,0,0,0,0,0,0
1035,2018,Jammu And Kashmir,1,Anantnag,1,Anantnag,0,0,0,0,0,0,6,0,0,0,42,0,0,0,43,0,0,0,18,0,0,0,93,0,1,0,0,0,0,0,0,0,0,2,0,0,0,0,0,0,0,0
1036,2018,Jammu And Kashmir,1,Pulwama,11,Awantipora,0,0,0,0,0,0,4,0,0,0,33,0,0,0,0,0,0,0,2,0,2,0,63,0,0,0,0,0,0,0,0,0,0,0,0,0,0,0,0,0,0,0
1037,2018,Jammu And Kashmir,1,Bandipora,623,Bandipora,0,0,1,0,0,0,1,0,0,0,29,0,0,0,0,0,0,0,7,0,0,0,25,0,0,0,0,0,0,0,0,0,0,0,0,0,0,0,0,0,0,0
1038,2018,Jammu And Kashmir,1,Baramulla,3,Baramulla,0,0,0,2,0,0,48,74,0,0,0,0,0,0,0,0,0,0,6,0,0,4,89,0,0,0,0,0,0,0,0,0,0,0,0,0,0,0,0,0,0,0
1039,2018,Jammu And Kashmir,1,Budgam,2,Budgam,0,0,3,0,0,0,9,0,0,0,73,0,0,0,0,0,0,0,21,0,0,0,218,0,0,0,0,0,0,0,0,0,0,0,0,0,0,0,0,0,0,0
1040,2018,Jammu And Kashmir,1,Jammu,5,Crime Jammu,0,0,0,0,0,0,0,0,0,0,1,0,0,0,0,0,0,0,0,0,0,0,0,0,0,0,0,0,0,0,0,0,0,0,0,0,0,0,0,0,0,0
1041,2018,Jammu And Kashmir,1,Srinagar,13,Crime Srinagar,0,0,0,0,0,0,0,0,0,0,0,0,0,0,0,0,0,0,0,0,0,0,0,0,0,0,0,0,0,0,0,0,0,0,0,0,0,0,0,0,0,0
1042,2018,Jammu And Kashmir,1,Doda,4,Doda,0,0,0,0,0,0,12,31,0,0,0,0,0,0,0,0,0,0,12,0,0,0,41,0,0,0,0,0,0,0,0,0,0,0,0,2,2,0,0,0,0,0
1043,2018,Jammu And Kashmir,1,Ganderbal,626,Ganderbal,0,0,0,0,0,0,2,12,0,0,14,0,0,0,0,0,0,0,5,0,3,2,59,0,0,0,0,0,0,0,0,0,0,0,0,2,0,1,0,0,0,0
1044,2018,Jammu And Kashmir,1,Kupwara,8,Handwara,0,0,1,0,0,0,2,11,0,0,13,0,0,0,0,0,0,0,1,0,0,0,38,0,0,0,0,0,0,0,0,0,0,0,0,0,0,0,0,0,0,0
1045,2018,Jammu And Kashmir,1,Jammu,5,Jammu,0,4,8,0,0,0,34,0,0,0,0,0,0,0,140,0,0,0,55,0,0,0,96,0,16,0,0,0,0,0,0,0,0,0,0,0,6,0,0,0,0,0
1046,2018,Jammu And Kashmir,1,Kathua,7,Kathua,0,2,4,0,0,0,15,28,0,0,10,0,0,0,0,0,0,0,11,0,1,1,38,0,1,1,0,0,0,0,0,0,0,2,0,1,0,0,0,0,0,0
1047,2018,Jammu And Kashmir,1,Kishtwar,620,Kishtwar,0,0,2,0,0,0,5,10,0,0,6,0,0,0,0,0,0,0,6,0,0,2,23,0,0,0,0,0,0,0,0,0,0,0,0,0,0,0,0,0,0,0
1048,2018,Jammu And Kashmir,1,Kulgam,622,Kulgam,0,0,0,0,0,0,7,0,0,0,49,0,0,0,0,0,0,0,15,0,0,0,94,0,0,0,0,0,0,0,0,0,0,0,0,0,0,0,0,0,0,0
1049,2018,Jammu And Kashmir,1,Kupwara,8,Kupwara,0,0,6,0,0,0,7,0,0,0,64,0,0,0,0,0,0,0,17,0,0,0,40,0,0,0,0,0,0,0,0,0,0,0,0,0,0,0,0,0,0,0
1050,2018,Jammu And Kashmir,1,Poonch,10,Poonch,0,0,1,0,0,0,7,14,0,0,22,0,0,0,0,0,0,0,14,0,0,6,40,0,2,1,0,0,0,0,0,0,0,1,0,0,0,0,0,0,0,0
1051,2018,Jammu And Kashmir,1,Pulwama,11,Pulwama,0,0,0,0,0,0,4,9,0,0,4,0,0,0,0,0,0,0,2,0,0,0,37,1,0,0,0,0,0,0,0,0,0,1,0,0,0,0,0,0,0,0
1052,2018,Jammu And Kashmir,1,Jammu,5,Railways Jammu,0,0,0,0,0,0,1,0,0,0,0,0,0,0,0,0,0,0,0,0,0,0,2,0,0,0,0,0,0,0,0,0,0,0,0,0,0,0,0,0,0,0
1053,2018,Jammu And Kashmir,1,Jammu,5,Railways Kashmir,0,0,0,0,0,0,0,0,0,0,0,0,0,0,0,0,0,0,0,0,0,0,0,0,0,0,0,0,0,0,0,0,0,0,0,0,0,0,0,0,0,0
1054,2018,Jammu And Kashmir,1,Reasi,627,Railways Katra,0,0,0,0,0,0,0,0,0,0,0,0,0,0,0,0,0,0,0,0,0,0,0,0,0,0,0,0,0,0,0,0,0,0,0,0,0,0,0,0,0,0
1055,2018,Jammu And Kashmir,1,Rajouri,12,Rajouri,0,0,0,0,0,0,35,0,0,0,34,0,0,0,0,0,0,0,28,8,0,0,60,0,0,2,1,0,0,0,0,0,0,0,4,0,2,0,0,0,0,0
1056,2018,Jammu And Kashmir,1,Ramban,621,Ramban,0,1,0,0,0,0,5,15,0,0,15,0,0,0,0,0,0,0,7,0,1,7,34,0,1,2,0,0,0,0,0,0,0,0,0,1,1,0,0,0,0,0
1057,2018,Jammu And Kashmir,1,Reasi,627,Reasi,0,0,0,0,0,0,5,10,0,0,16,0,0,0,0,0,0,0,22,0,0,0,30,0,4,0,0,0,0,0,0,0,0,0,0,0,0,0,0,0,0,0
1058,2018,Jammu And Kashmir,1,Samba,624,Samba,0,0,0,1,0,0,12,10,0,0,9,0,0,0,0,0,0,0,5,0,0,2,7,0,0,0,0,0,0,0,0,0,0,0,0,0,0,0,0,0,0,0
1059,2018,Jammu And Kashmir,1,Shopian,625,Shopian,0,0,0,0,0,0,4,15,0,0,12,0,0,0,0,0,0,0,3,0,0,0,49,0,0,0,0,0,0,0,0,0,0,0,0,0,0,0,0,0,0,0
1060,2018,Jammu And Kashmir,1,Baramulla,3,Sopore,0,0,0,0,0,0,2,26,0,0,18,0,0,0,0,0,0,0,2,0,3,3,110,2,0,0,0,0,0,0,0,0,0,0,0,0,0,0,0,0,0,0
1061,2018,Jammu And Kashmir,1,Srinagar,13,Srinagar,0,1,2,0,0,0,51,73,0,0,23,0,0,0,11,0,0,0,10,0,1,3,266,2,0,0,0,1,0,0,0,0,0,0,3,2,0,0,0,0,0,0
1062,2018,Jammu And Kashmir,1,Udhampur,14,Udhampur,0,0,5,0,0,0,47,21,0,0,12,0,0,0,0,0,0,0,10,0,5,7,33,0,0,4,0,0,0,0,0,0,0,0,0,4,3,0,0,0,0,0
1063,2018,Jharkhand,20,Bokaro,322,Bokaro,0,18,0,0,0,0,78,47,0,0,15,0,0,0,0,0,0,0,51,20,51,0,117,38,0,0,22,0,0,0,0,0,78,0,0,38,0,0,0,0,0,0
1064,2018,Jharkhand,20,West Singhbhum,343,Chaibasa,0,3,5,0,0,1,19,0,3,0,9,0,8,0,0,0,0,0,40,0,0,19,7,0,0,3,26,0,0,0,0,0,0,0,0,0,0,0,0,0,0,0
1065,2018,Jharkhand,20,Chatra,323,Chatra,0,14,0,0,0,0,11,0,0,1,17,0,0,0,7,4,0,0,22,17,0,0,30,0,0,0,30,0,0,0,0,0,0,0,0,7,30,0,0,0,0,0
1066,2018,Jharkhand,20,Deoghar,324,Deoghar,0,26,0,0,0,0,57,2,1,0,31,0,54,0,0,1,0,0,21,0,8,0,195,0,0,0,115,1,0,0,0,0,1,8,0,9,9,0,0,0,0,0
1067,2018,Jharkhand,20,Dhanbad,325,Dhanbad,0,8,5,2,0,0,55,0,0,0,25,3,9,0,2,1,0,0,33,0,8,3,43,0,0,6,55,0,0,0,0,0,0,0,0,25,26,0,0,0,0,0
1068,2018,Jharkhand,20,Dhanbad,325,Dhanbad Railway,0,1,1,0,0,0,0,1,0,0,0,0,3,0,1,0,0,0,0,0,0,0,3,0,1,0,0,0,0,0,0,0,0,0,0,2,0,0,0,0,0,0
1069,2018,Jharkhand,20,Dumka,326,Dumka,0,3,7,0,0,0,33,0,0,0,3,0,26,0,0,0,0,0,22,0,4,0,16,0,0,0,12,0,0,0,0,0,0,0,0,38,0,0,0,0,0,0
1070,2018,Jharkhand,20,Garhwa,328,Garhwa,0,16,0,0,0,0,50,0,0,0,0,0,42,0,0,0,0,0,31,0,13,0,77,0,0,0,107,0,0,0,0,0,0,0,0,20,0,0,0,0,0,0
1071,2018,Jharkhand,20,Giridih,329,Giridih,0,48,0,0,0,0,41,0,0,0,35,0,0,0,0,5,0,0,35,15,23,10,163,0,0,20,57,0,0,0,0,0,0,0,0,25,0,0,0,0,0,0
1072,2018,Jharkhand,20,Godda,330,Godda,0,11,0,0,0,0,140,0,3,1,27,0,65,0,2,6,0,0,40,0,17,20,118,0,0,8,0,0,0,0,0,0,0,0,0,22,0,0,0,0,0,0
1073,2018,Jharkhand,20,Gumla,331,Gumla,6,2,1,0,0,0,6,35,0,0,6,0,0,0,0,0,0,0,48,0,2,0,22,0,0,0,22,0,0,0,0,0,0,0,0,14,16,0,0,0,0,0
1074,2018,Jharkhand,20,Hazaribagh,332,Hazaribagh,0,17,0,0,0,0,49,1,1,0,0,0,33,0,32,1,0,0,53,7,36,0,21,0,3,0,130,0,0,0,0,0,0,0,0,31,5,1,2,1,0,0
1075,2018,Jharkhand,20,East Singhbum,327,Jamshedpur,0,10,6,0,0,0,81,12,0,0,81,0,0,0,0,2,0,0,84,0,13,0,83,0,0,0,118,0,0,0,0,5,0,0,0,29,0,0,0,0,0,0
1076,2018,Jharkhand,20,East Singhbum,327,Jamshedpur Railway,0,0,0,0,0,0,0,0,0,0,0,0,0,0,0,0,0,0,2,0,0,0,5,0,0,0,0,0,0,0,0,0,0,0,0,0,0,0,0,0,0,0
1077,2018,Jharkhand,20,Jamtara,333,Jamtara,0,10,1,0,0,0,15,0,0,0,7,0,15,0,0,0,0,0,17,0,1,0,30,0,0,0,21,0,0,0,0,0,0,0,0,5,8,2,1,1,0,0
1078,2018,Jharkhand,20,Khunti,606,Khunti,0,2,0,0,0,0,4,0,0,0,0,0,0,0,0,0,0,0,25,0,0,0,2,0,0,0,4,0,0,0,0,0,0,0,0,11,0,0,0,0,0,0
1079,2018,Jharkhand,20,Koderma,334,Koderma,0,2,0,0,0,0,22,0,0,0,8,0,27,0,0,0,0,0,15,3,0,0,32,0,0,0,29,0,0,0,0,0,0,0,0,16,2,0,0,0,0,0
1080,2018,Jharkhand,20,Latehar,335,Latehar,0,5,0,0,0,0,7,4,0,0,1,0,13,0,1,2,0,0,37,0,3,0,36,0,4,0,18,0,0,0,0,0,0,0,0,0,0,0,0,0,0,0
1081,2018,Jharkhand,20,Lohardaga,336,Lohardagga,0,4,0,0,0,0,8,0,0,0,0,0,0,0,0,0,0,0,30,0,2,16,29,0,2,0,16,0,0,0,0,0,0,0,0,0,0,0,0,0,0,0
1082,2018,Jharkhand,20,Pakur,337,Pakur,0,0,5,0,0,0,28,0,0,1,0,0,29,0,0,0,0,0,38,0,8,0,27,0,0,0,30,0,0,0,0,0,0,0,0,0,0,0,0,0,0,0
1083,2018,Jharkhand,20,Palamu,338,Palamu,0,21,0,0,0,0,81,11,4,9,64,0,5,0,1,0,0,0,55,6,2,1,29,0,22,5,82,0,0,0,0,0,0,0,0,12,12,8,25,0,0,0
1084,2018,Jharkhand,20,Ramgarh,607,Ramgarh,0,5,0,0,0,0,12,5,1,4,26,0,10,0,8,0,0,0,21,0,2,0,31,0,0,0,61,0,0,0,0,3,0,0,0,16,0,0,1,0,0,0
1085,2018,Jharkhand,20,Ranchi,339,Ranchi,0,18,0,0,0,0,119,0,0,0,0,0,0,0,0,0,0,5,177,0,0,0,36,0,0,0,111,0,0,0,0,0,0,0,0,70,0,0,0,0,0,0
1086,2018,Jharkhand,20,Sahebganj,340,Sahebganj,1,5,0,0,0,0,69,0,0,0,18,0,0,0,0,0,0,0,74,0,0,0,157,0,0,0,127,0,0,0,0,0,0,0,0,0,0,0,14,0,0,0
1087,2018,Jharkhand,20,Saraikela Kharsawan,341,Saraikela,0,2,5,0,0,0,28,0,0,0,6,0,13,0,0,0,0,0,20,0,20,0,27,0,2,0,31,0,0,0,0,0,0,0,0,22,5,1,0,1,0,0
1088,2018,Jharkhand,20,Simdega,342,Simdega,0,1,0,0,0,0,19,0,0,0,18,0,0,0,0,19,0,0,30,0,0,0,0,0,0,0,0,0,0,0,0,0,0,0,0,30,0,0,0,0,0,0
1089,2018,Karnataka,29,Bagalkote,524,Bagalkot,0,2,3,0,0,0,19,0,0,0,2,0,0,0,0,0,0,0,6,0,0,0,175,0,2,0,25,0,0,0,0,0,0,1,0,21,3,9,0,4,0,0
1090,2018,Karnataka,29,Bengaluru Urban,525,Bengaluru City,1,53,80,2,1,0,410,645,0,1,2,0,23,0,3,8,0,0,106,0,0,0,829,0,83,0,692,8,43,23,0,6,0,17,1,293,64,31,1,1,0,0
1091,2018,Karnataka,29,Bengaluru Urban,525,Bengaluru District,0,10,27,0,0,0,66,3,0,0,3,0,0,0,0,0,0,0,17,0,0,0,150,0,0,0,27,0,0,0,0,4,0,2,2,39,7,4,0,2,0,0
1092,2018,Karnataka,29,Belagavi,527,Belagavi District,0,3,16,0,0,0,103,13,0,0,1,0,1,0,0,0,0,0,23,3,0,0,239,0,2,0,8,0,1,0,0,0,0,1,0,71,12,4,1,0,0,0
1093,2018,Karnataka,29,Ballari,528,Ballari,1,9,6,0,0,0,39,8,0,0,4,0,0,0,0,0,0,0,15,2,0,0,144,0,1,0,73,0,0,0,0,0,0,0,0,28,12,2,0,0,0,0
1094,2018,Karnataka,29,Bidar,529,Bidar,1,9,8,0,0,0,88,2,0,0,12,1,9,0,1,0,0,0,9,1,1,0,84,0,4,0,37,0,2,1,0,0,0,3,1,25,2,7,0,2,0,0
1095,2018,Karnataka,29,Vijayapura,530,Vijayapura,3,2,16,3,0,0,79,18,0,0,1,0,0,0,0,0,0,0,6,0,0,0,109,0,0,0,0,0,2,0,0,0,0,0,0,30,0,12,0,6,0,0
1096,2018,Karnataka,29,Chikkaballapura,630,Chikkaballapura,0,2,7,0,0,0,20,0,0,0,0,0,0,0,1,1,0,0,7,0,0,0,53,0,0,0,14,0,0,0,0,0,0,0,0,68,0,15,0,0,0,0
1097,2018,Karnataka,29,Chamarajanagara,531,Chamarajnagar,0,4,3,0,0,0,31,2,0,0,0,0,0,0,0,0,0,0,12,0,0,0,152,0,1,0,10,0,3,0,0,0,0,1,0,19,0,0,0,9,0,0
1098,2018,Karnataka,29,Chikkamagaluru,532,Chikkamagaluru,1,2,4,0,0,0,58,1,0,0,0,0,0,0,0,0,0,0,16,0,0,0,111,0,0,0,11,0,0,0,0,0,0,2,0,47,18,3,1,0,0,0
1099,2018,Karnataka,29,Chitradurga,533,Chitradurga,0,3,9,0,0,0,46,8,0,1,0,0,2,0,0,0,0,0,6,0,0,0,206,0,1,0,29,0,0,0,0,0,0,2,0,22,6,1,0,0,0,0
1100,2018,Karnataka,29,Dakshina Kannada,534,Dakshina Kannada,0,1,3,0,0,0,6,0,0,0,0,0,0,0,0,0,0,0,13,0,0,2,53,0,2,0,3,0,0,0,0,0,0,1,0,29,18,0,0,0,0,0
1101,2018,Karnataka,29,Davangere,535,Davanagere,1,9,3,0,0,0,29,7,0,0,0,0,3,0,0,0,0,0,20,2,2,0,160,0,1,0,66,10,0,0,0,0,0,0,0,43,8,3,3,0,0,0
1102,2018,Karnataka,29,Dharwad,536,Dharwad,0,0,5,0,0,0,8,0,0,0,0,0,0,0,0,0,0,0,1,0,0,0,27,0,0,0,1,0,0,0,0,0,0,0,0,19,0,0,0,0,0,0
1103,2018,Karnataka,29,Gadag,537,Gadag,0,0,8,0,0,0,29,10,0,0,0,0,0,0,0,0,0,0,4,0,1,0,56,0,0,0,4,0,0,0,0,0,0,0,0,20,1,1,0,0,0,0
1104,2018,Karnataka,29,Kalaburagi,538,Kalaburgi,1,15,10,0,0,0,134,7,0,0,14,0,2,0,0,0,1,0,14,9,1,0,192,0,9,0,39,9,0,0,0,0,0,1,0,42,3,5,3,2,0,0
1105,2018,Karnataka,29,Hassan,539,Hassan,0,6,14,4,0,0,57,0,0,0,2,0,0,0,11,0,0,0,20,1,0,0,227,0,2,0,83,0,0,0,0,3,0,3,0,58,20,0,0,0,0,0
1106,2018,Karnataka,29,Haveri,540,Haveri,1,4,3,0,0,0,26,0,0,0,0,0,0,0,8,0,0,0,9,0,0,0,106,0,0,0,20,0,0,0,0,0,0,0,0,45,0,13,0,0,0,0
1107,2018,Karnataka,29,Dharwad,536,Hubballi Dharwad City,0,2,4,0,0,0,57,2,0,0,0,0,0,0,2,0,0,0,5,0,0,0,38,0,0,0,0,0,4,0,0,1,0,0,1,13,4,2,0,0,0,0
1108,2018,Karnataka,29,Belagavi,527,K.G.F.,0,2,1,0,0,0,7,1,0,0,0,0,0,0,0,0,0,0,5,0,0,0,25,0,1,0,8,0,0,0,0,0,0,2,0,13,5,3,0,0,0,0
1109,2018,Karnataka,29,Kodagu,541,Kodagu,0,1,9,0,0,0,21,27,0,0,0,0,0,0,0,0,0,0,10,0,0,0,45,0,2,0,0,0,0,0,0,0,0,1,0,22,8,6,0,0,0,0
1110,2018,Karnataka,29,Kolar,542,Kolar,2,7,2,0,1,0,10,2,0,0,0,0,0,0,0,0,0,0,6,0,0,0,67,0,0,0,23,0,0,0,0,0,0,0,0,36,8,4,0,0,0,0
1111,2018,Karnataka,29,Koppal,543,Koppal,0,3,5,0,0,0,42,2,0,0,1,0,0,0,0,0,0,0,11,0,0,0,85,0,0,0,12,0,0,0,0,0,0,0,0,30,23,0,0,1,0,0
1112,2018,Karnataka,29,Mandya,544,Mandya,0,5,7,0,0,0,51,96,0,0,1,0,0,0,0,0,0,0,11,0,0,0,212,0,4,0,23,3,4,0,3,0,0,0,0,41,13,22,0,0,0,0
1113,2018,Karnataka,29,Dakshina Kannada,534,Mangaluru City,0,0,2,0,0,0,35,1,0,0,0,0,0,0,0,3,0,0,10,0,0,0,93,0,2,0,12,0,21,0,0,3,0,0,0,25,8,2,0,0,0,0
1114,2018,Karnataka,29,Mysuru,545,Mysuru City,1,7,6,0,0,0,40,0,0,0,0,0,0,0,0,0,0,0,12,1,2,0,77,0,3,0,77,0,0,0,0,0,0,2,0,26,12,1,0,0,0,1
1115,2018,Karnataka,29,Mysuru,545,Mysuru District,0,7,2,0,0,0,48,0,0,0,1,0,0,0,0,0,0,0,14,0,0,0,238,0,1,0,27,0,0,0,0,9,0,0,0,39,8,0,10,0,0,0
1116,2018,Karnataka,29,Raichur,546,Raichur,0,4,7,0,0,0,98,7,0,0,0,0,0,0,0,0,0,0,22,0,0,1,195,0,0,0,47,0,0,0,0,2,0,1,0,26,14,0,0,0,0,0
1117,2018,Karnataka,29,Bengaluru Urban,525,K.Railways,0,0,3,0,0,0,1,1,0,0,0,0,0,0,0,0,0,0,0,0,0,0,7,0,0,0,0,0,0,0,0,0,0,0,0,0,0,0,0,0,0,0
1118,2018,Karnataka,29,Ramanagara,631,Ramanagara,0,6,12,0,0,0,59,64,0,0,0,0,3,0,0,0,0,0,5,1,0,0,134,0,1,0,20,0,0,0,0,0,0,1,0,24,11,0,0,0,0,0
1119,2018,Karnataka,29,Shivamogga,547,Shimoga,1,7,18,0,0,0,135,57,0,0,1,0,0,0,1,0,0,0,18,0,0,0,413,0,5,0,4,0,0,0,0,0,0,0,0,77,13,8,0,1,0,0
1120,2018,Karnataka,29,Tumakuru,548,Tumakuru,0,9,13,2,0,0,40,42,0,0,0,0,14,0,0,4,0,0,19,2,0,0,88,0,2,0,94,0,0,0,0,1,0,0,0,30,15,5,0,3,0,0
1121,2018,Karnataka,29,Udupi,549,Udupi,0,0,3,0,0,0,35,5,0,0,0,0,0,0,1,0,0,0,15,0,0,0,111,0,2,0,22,0,0,1,0,0,0,0,0,35,9,7,0,0,0,0
1122,2018,Karnataka,29,Uttara Kannada,550,Uttara Kannada,1,3,13,0,0,0,39,4,0,0,4,0,0,0,0,0,0,0,13,0,2,0,118,0,6,0,14,0,2,3,0,0,0,1,1,23,3,10,0,0,0,0
1123,2018,Karnataka,29,Yadgir,635,Yadgiri,0,2,7,0,0,0,42,5,0,0,5,0,1,0,0,0,0,0,5,0,1,0,144,0,0,0,18,0,0,0,0,1,0,0,0,11,11,1,0,1,0,0
1124,2018,Karnataka,29,Belagavi,527,Belagavi City,1,1,9,1,0,0,45,21,0,0,2,0,11,0,0,0,0,0,4,2,0,0,41,0,0,0,25,0,0,4,0,2,0,0,0,12,7,5,0,1,0,0
1125,2018,Kerala,32,Alappuzha,554,Alapuzha,0,0,5,0,0,0,82,9,0,0,2,2,0,0,1,0,0,0,47,8,3,66,238,3,27,23,1,0,0,0,0,0,9,6,1,16,24,8,1,2,0,1
1126,2018,Kerala,32,Ernakulam,555,Ernakulam Commissionerate,0,1,2,0,0,0,76,5,0,0,0,5,0,0,2,4,0,0,57,0,0,31,230,0,62,26,0,0,0,0,0,0,3,1,0,2,26,4,0,0,0,0
1127,2018,Kerala,32,Ernakulam,555,Ernakulam Rural,0,0,0,0,0,0,117,10,0,0,0,2,0,0,2,12,0,0,54,1,3,71,286,0,32,26,0,0,0,0,0,0,15,7,1,0,19,1,12,0,0,0
1128,2018,Kerala,32,Idukki,556,Idukki,0,0,1,0,1,0,86,3,0,0,0,1,1,0,0,0,0,0,33,4,0,30,217,6,20,14,0,0,0,0,0,0,9,0,1,30,15,6,0,0,0,0
1129,2018,Kerala,32,Kannur,557,Kannur,0,0,1,0,0,0,138,2,0,0,1,0,0,0,3,13,0,0,34,2,4,70,176,1,16,7,0,0,0,0,0,0,1,2,0,0,95,15,2,0,0,0
1130,2018,Kerala,32,Kasaragod,558,Kasargod,0,0,0,0,0,0,82,0,0,0,0,2,0,0,4,0,0,0,23,0,0,48,133,0,11,43,0,0,0,0,0,0,1,0,0,0,0,0,13,0,0,0
1131,2018,Kerala,32,Kollam,559,Kollam Commissionerate,0,4,4,0,0,0,110,6,0,0,1,0,0,0,0,3,0,0,34,5,0,46,221,0,26,3,0,0,0,0,0,0,4,0,0,0,55,17,0,0,0,0
1132,2018,Kerala,32,Kollam,559,Kollam Rural,0,0,3,0,0,0,95,0,0,0,0,0,0,0,0,0,0,0,27,0,7,67,285,0,22,18,0,0,0,0,0,0,15,9,0,0,24,0,17,0,0,0
1133,2018,Kerala,32,Kottayam,560,Kottayam,0,0,1,0,0,0,66,2,0,0,0,1,0,0,1,1,0,0,58,0,2,79,193,1,28,25,0,0,0,0,0,0,11,2,0,3,20,2,1,0,2,0
1134,2018,Kerala,32,Kozhikode,561,Kozhikode Commissionerate,0,0,1,0,0,0,98,10,0,0,2,1,5,0,1,7,0,0,18,1,0,22,128,0,12,9,0,0,0,0,0,0,2,1,0,1,27,3,0,0,0,0
1135,2018,Kerala,32,Kozhikode,561,Kozhikode Rural,0,2,0,0,0,0,210,7,0,0,0,1,7,0,3,1,0,0,42,1,1,49,220,1,13,31,0,0,0,0,0,0,6,1,1,0,23,5,1,0,0,0
1136,2018,Kerala,32,Malappuram,562,Malappuram,0,2,0,0,0,0,337,8,0,0,0,5,1,0,2,4,0,0,84,1,3,105,312,1,41,97,1,0,0,0,0,0,17,3,0,3,29,3,0,5,0,0
1137,2018,Kerala,32,Palakkad,563,Palakkad,0,1,5,0,0,0,119,10,0,0,0,2,4,0,0,2,0,0,46,2,0,100,137,0,20,40,0,0,0,0,0,0,5,1,0,2,29,3,0,2,0,0
1138,2018,Kerala,32,Pathanamthitta,564,Pathanamthitta,0,0,0,0,0,0,39,0,0,0,1,0,0,0,0,2,0,0,30,2,0,62,186,0,10,0,0,0,0,0,0,0,13,0,0,0,43,0,0,0,0,0
1139,2018,Kerala,32,Thiruvananthapuram,565,Railways,0,0,0,0,1,0,0,0,0,0,0,0,1,0,0,1,0,0,0,0,0,0,34,0,4,3,0,0,0,0,0,0,0,0,0,0,1,0,0,0,0,0
1140,2018,Kerala,32,Thrissur,566,Thrissur Commissionerate,0,1,1,0,0,0,98,3,0,0,0,1,0,0,1,0,0,0,46,0,2,69,139,0,33,3,0,0,0,0,1,2,9,0,0,2,45,11,0,0,0,0
1141,2018,Kerala,32,Thrissur,566,Thrissur Rural,0,0,3,1,1,0,85,2,0,0,0,0,0,0,0,0,0,0,33,0,4,33,115,0,28,66,0,0,0,0,0,0,8,3,2,6,5,3,0,0,0,0
1142,2018,Kerala,32,Thiruvananthapuram,565,Trivandrum Commissionerate,1,1,1,0,0,0,53,4,0,0,0,0,0,0,0,0,0,0,43,1,0,37,183,0,20,3,1,0,0,0,0,0,16,4,5,22,34,3,0,0,0,0
1143,2018,Kerala,32,Thiruvananthapuram,565,Trivandrum Rural,0,2,4,0,1,0,114,9,0,0,0,0,2,0,1,0,0,0,66,0,13,90,524,1,7,5,0,0,1,0,0,0,27,2,1,30,65,9,4,1,0,0
1144,2018,Kerala,32,Wayanad,567,Wayanadu,0,2,3,0,0,0,41,3,0,0,0,1,2,0,1,5,0,0,27,0,1,59,101,1,4,37,0,0,0,0,0,0,4,0,0,2,6,2,1,0,0,0
1145,2018,Kerala,32,Thiruvananthapuram,565,Crime Branch,0,1,2,0,0,0,0,0,0,0,0,0,0,0,0,1,0,0,6,0,0,3,7,0,1,0,0,0,0,0,0,0,0,11,3,3,0,0,1,0,0,0
1146,2018,Madhya Pradesh,23,Agar-Malwa,667,Agar,0,3,3,0,0,0,34,10,0,0,0,0,1,0,0,0,0,0,17,1,0,26,49,0,3,17,0,0,0,0,0,0,0,0,0,0,0,0,0,0,0,0
1147,2018,Madhya Pradesh,23,Alirajpur,639,Alirajpur,0,0,6,0,0,0,10,0,0,0,4,0,0,0,0,0,0,0,28,70,1,30,38,1,0,18,0,0,0,0,0,0,0,0,0,0,0,0,0,0,0,0
1148,2018,Madhya Pradesh,23,Anuppur,390,Anuppur,1,8,5,0,0,0,74,82,0,0,0,0,0,0,0,0,0,0,24,2,0,50,61,1,3,27,0,0,0,0,0,0,0,0,0,0,0,0,0,0,0,0
1149,2018,Madhya Pradesh,23,Ashoknagar,391,Ashok Nagar,0,10,7,0,0,0,41,44,0,0,5,1,0,0,0,0,0,0,15,0,2,72,107,5,1,53,0,0,0,0,0,0,0,0,0,0,0,0,0,0,0,0
1150,2018,Madhya Pradesh,23,Balaghat,392,Balaghat,0,9,12,0,0,0,78,121,0,0,1,0,0,0,0,0,0,0,60,1,0,54,100,2,5,47,3,0,0,0,0,0,0,0,0,0,0,0,0,0,0,0
1151,2018,Madhya Pradesh,23,Barwani,393,Barwani,0,1,12,0,0,0,17,22,0,0,2,0,0,0,0,0,0,0,26,12,0,52,36,0,4,30,0,0,0,0,0,0,0,0,0,0,0,0,0,0,0,0
1152,2018,Madhya Pradesh,23,Betul,394,Betul,1,13,13,0,0,0,68,0,0,0,4,0,0,0,0,1,0,0,70,184,0,0,122,0,3,0,3,0,0,0,0,0,0,0,0,41,64,0,0,0,0,0
1153,2018,Madhya Pradesh,23,Bhind,395,Bhind,0,24,0,0,0,0,116,67,0,0,4,0,0,0,0,0,0,0,30,0,2,28,141,0,5,0,0,0,0,0,0,0,0,0,0,0,0,0,0,0,0,0
1154,2018,Madhya Pradesh,23,Bhopal,396,Bhopal,1,17,10,0,0,0,309,261,0,0,3,3,4,1,3,3,1,0,190,16,4,166,442,3,25,191,40,15,0,4,0,0,0,0,3,166,191,3,0,0,0,0
1155,2018,Madhya Pradesh,23,Bhopal,396,Bhopal Railway,0,0,2,0,0,0,1,5,0,0,0,0,0,0,0,1,0,0,4,0,0,5,37,0,0,3,0,0,0,0,0,0,0,0,0,5,3,0,0,0,0,0
1156,2018,Madhya Pradesh,23,Burhanpur,397,Burhanpur,1,7,4,0,0,0,13,19,0,0,0,3,0,0,0,0,0,0,12,0,0,33,33,0,5,23,1,0,0,0,0,0,0,1,0,0,0,0,0,0,0,0
1157,2018,Madhya Pradesh,23,Chhatarpur,398,Chhatarpur,1,19,16,0,0,0,34,127,0,0,0,7,0,0,0,0,0,0,28,63,0,36,130,0,4,96,0,0,0,0,0,0,0,4,0,36,96,0,0,0,0,0
1158,2018,Madhya Pradesh,23,Chhindwara,399,Chhindwara,1,18,19,0,0,0,41,348,0,0,0,0,0,0,0,5,0,0,123,0,0,76,158,0,1,72,4,0,0,0,0,0,0,0,0,0,0,0,0,0,0,0
1159,2018,Madhya Pradesh,23,Damoh,400,Damoh,0,20,12,0,0,0,45,99,0,0,1,0,0,0,8,0,0,0,22,1,1,12,63,0,0,45,0,0,0,0,0,0,0,0,0,0,0,0,0,0,0,0
1160,2018,Madhya Pradesh,23,Datia,401,Datia,0,7,8,0,0,0,27,33,0,0,8,0,0,0,0,0,0,0,19,0,0,12,44,0,0,23,0,0,0,0,0,0,0,1,0,9,22,0,0,0,0,0
1161,2018,Madhya Pradesh,23,Dewas,402,Dewas,0,15,12,0,0,0,222,100,0,0,0,0,0,0,1,1,0,0,66,10,4,105,174,2,16,82,1,0,0,0,0,0,49,0,0,0,0,0,0,0,0,0
1162,2018,Madhya Pradesh,23,Dhar,403,Dhar,0,3,18,4,0,0,72,151,0,0,6,1,0,0,2,1,1,0,86,42,2,186,181,1,6,78,1,0,0,1,0,0,0,0,0,186,78,1,0,0,1,0
1163,2018,Madhya Pradesh,23,Dindori,404,Dindori,0,3,3,0,1,0,84,75,0,0,1,0,0,0,0,0,0,0,21,2,0,22,58,1,2,3,0,0,0,0,0,0,0,0,0,0,28,0,0,0,0,0
1164,2018,Madhya Pradesh,23,Guna,406,Guna,0,8,13,0,1,0,94,69,0,0,7,1,1,0,2,0,0,0,52,8,0,55,128,0,0,76,0,0,0,0,0,0,0,0,0,55,76,0,0,0,0,0
1165,2018,Madhya Pradesh,23,Gwalior,407,Gwalior,1,28,16,0,0,0,250,159,0,0,2,2,2,0,4,0,0,0,126,15,4,85,250,4,7,112,3,0,0,1,0,0,0,4,0,85,112,2,0,0,0,0
1166,2018,Madhya Pradesh,23,Harda,408,Harda,0,2,5,0,0,0,44,33,0,0,0,1,0,0,0,0,0,0,29,0,1,63,62,1,2,28,0,0,0,0,0,0,1,1,0,0,0,0,0,0,0,0
1167,2018,Madhya Pradesh,23,Narmadapuram,409,Hoshangabad,1,8,4,0,0,0,134,108,0,0,0,1,1,0,1,2,0,0,60,8,1,65,133,1,12,69,0,0,0,0,0,0,0,0,0,0,0,0,0,0,0,0
1168,2018,Madhya Pradesh,23,Indore,410,Indore,3,22,36,0,3,1,397,389,0,0,2,0,0,0,6,3,0,0,161,21,6,0,402,0,37,0,1,5,0,1,1,0,1,1,1,227,201,6,0,0,0,0
1169,2018,Madhya Pradesh,23,Indore,410,Indore Railway,0,1,0,0,0,0,0,0,0,0,0,0,0,0,0,0,0,0,0,0,1,0,6,0,0,0,0,0,0,0,0,0,0,0,0,1,2,0,0,0,0,0
1170,2018,Madhya Pradesh,23,Jabalpur,411,Jabalpur,0,22,27,0,0,0,190,321,0,0,3,0,0,0,0,2,1,0,101,9,0,115,286,0,7,106,0,0,0,0,0,0,222,0,0,0,0,0,0,0,0,0
1171,2018,Madhya Pradesh,23,Jabalpur,411,Jabalpur Railway,0,0,2,0,0,0,0,0,0,0,0,0,0,0,0,0,0,0,1,0,0,7,9,0,0,3,0,0,0,0,0,0,0,0,0,0,0,0,0,0,0,0
1172,2018,Madhya Pradesh,23,Jhabua,412,Jhabua,0,0,17,0,0,0,23,178,0,0,5,0,0,0,0,0,0,0,52,22,0,32,86,0,0,25,0,0,0,0,0,0,0,0,0,32,25,0,0,0,0,0
1173,2018,Madhya Pradesh,23,Katni,413,Katni,1,10,14,0,0,0,28,99,0,0,0,0,0,0,1,0,0,0,41,0,0,57,94,0,0,41,0,0,0,0,0,0,0,0,0,0,0,0,0,0,0,0
1174,2018,Madhya Pradesh,23,Khandwa (East Nimar),405,Khandwa,0,4,8,0,0,0,43,0,0,0,2,0,0,0,0,0,0,0,42,123,0,65,134,0,4,74,1,0,0,0,0,0,0,0,0,0,0,0,0,0,0,0
1175,2018,Madhya Pradesh,23,Khargone (West Nimar),414,Khargone,0,2,6,0,0,0,60,44,0,0,3,1,0,0,0,1,0,0,45,27,0,168,151,1,7,91,0,0,0,0,0,0,0,0,0,0,0,0,0,0,0,0
1176,2018,Madhya Pradesh,23,Mandla,415,Mandla,0,5,15,0,0,0,21,108,0,0,1,1,0,0,0,3,0,0,27,2,1,25,41,0,1,14,1,0,0,0,0,0,0,0,0,0,0,0,0,0,0,0
1177,2018,Madhya Pradesh,23,Mandsaur,416,Mandsaur,0,2,8,6,0,0,16,16,0,0,35,0,0,0,0,0,0,0,34,0,0,56,118,0,3,48,0,0,0,0,0,0,0,0,0,0,0,0,0,0,0,0
1178,2018,Madhya Pradesh,23,Morena,417,Morena,0,20,18,0,0,0,114,46,0,0,6,0,0,0,0,0,0,0,46,0,0,49,136,0,6,57,1,0,0,0,0,0,0,0,0,0,0,0,0,0,0,0
1179,2018,Madhya Pradesh,23,Narsimhapur,418,Narsinghpur,0,13,15,0,0,0,72,64,0,0,2,1,0,0,2,0,0,0,43,6,0,48,149,0,2,60,1,0,0,0,0,0,0,8,0,50,46,21,0,1,0,0
1180,2018,Madhya Pradesh,23,Neemuch,419,Neemuch,0,3,5,0,0,0,13,21,0,0,0,0,0,0,2,0,1,0,12,0,0,21,33,0,1,21,0,0,0,0,0,0,0,0,0,0,0,0,0,0,0,0
1181,2018,Madhya Pradesh,23,Panna,420,Panna,0,12,12,4,0,0,23,0,0,0,0,0,0,0,0,0,0,1,18,0,0,17,49,0,1,36,4,0,0,0,0,0,0,0,0,0,1,0,0,0,0,0
1182,2018,Madhya Pradesh,23,Raisen,421,Raisen,0,8,13,0,0,0,35,113,0,0,0,4,0,0,0,0,0,0,111,7,1,52,168,0,0,41,0,0,0,0,0,0,0,0,0,0,41,2,0,3,0,0
1183,2018,Madhya Pradesh,23,Rajgarh,422,Rajgarh,0,9,12,0,0,0,47,96,0,0,0,0,0,0,0,1,0,0,55,0,1,13,180,0,1,17,0,0,0,0,0,0,0,0,0,0,17,0,0,0,0,0
1184,2018,Madhya Pradesh,23,Ratlam,423,Ratlam,1,2,14,0,0,0,113,126,0,0,1,4,0,0,1,0,1,0,63,11,0,116,110,0,11,72,0,0,1,0,0,1,0,0,1,0,0,0,0,0,0,0
1185,2018,Madhya Pradesh,23,Rewa,424,Rewa,0,31,17,9,0,0,66,210,0,5,0,1,0,0,1,0,0,0,56,24,1,101,128,0,1,54,2,0,0,0,0,0,0,0,0,0,0,0,0,0,0,0
1186,2018,Madhya Pradesh,23,Sagar,425,Sagar,22,29,24,0,0,0,133,0,0,0,0,0,0,0,0,0,1,0,70,222,1,106,211,1,10,118,4,0,0,0,0,0,0,0,0,0,118,0,0,0,1,0
1187,2018,Madhya Pradesh,23,Satna,426,Satna,0,29,14,0,0,0,58,0,0,0,3,0,0,0,0,0,0,0,55,180,0,88,93,4,0,56,0,0,0,0,0,0,0,0,0,0,0,0,0,0,0,0
1188,2018,Madhya Pradesh,23,Seoni,428,Seoni,3,8,6,0,0,0,93,40,0,0,0,0,0,0,0,0,0,0,36,74,1,24,63,1,4,34,0,0,0,0,0,0,0,0,0,0,0,0,0,0,0,0
1189,2018,Madhya Pradesh,23,Shahdol,429,Shahdol,2,6,2,2,0,0,100,103,0,0,2,2,2,0,0,1,1,0,61,4,0,60,77,1,5,35,2,0,0,0,0,2,0,0,0,7,0,0,0,0,0,0
1190,2018,Madhya Pradesh,23,Shajapur,430,Shajapur,0,5,4,0,0,0,43,21,0,0,0,0,0,0,0,2,0,0,23,8,1,51,75,0,1,53,0,0,0,1,0,0,0,0,0,51,53,0,0,0,0,0
1191,2018,Madhya Pradesh,23,Sheopur,431,Sheopur,0,3,3,0,0,0,15,9,0,0,5,1,0,0,0,0,0,0,18,1,0,10,27,1,2,11,0,0,0,0,0,0,0,0,0,10,11,1,0,0,0,0
1192,2018,Madhya Pradesh,23,Shivpuri,432,Shivpuri,0,9,7,0,0,0,32,96,0,0,0,0,0,0,0,1,0,0,63,0,0,42,130,2,2,47,0,0,3,0,0,0,0,0,0,0,0,0,0,0,0,0
1193,2018,Madhya Pradesh,23,Sidhi,433,Sidhi,1,13,19,0,0,0,37,120,0,0,5,0,0,0,0,0,0,0,19,0,0,2,64,0,2,0,2,0,0,0,0,0,0,0,0,20,24,0,0,0,0,0
1194,2018,Madhya Pradesh,23,Sehore,427,Sehore,1,6,7,0,0,0,130,0,0,0,11,3,0,0,0,1,0,0,47,68,1,83,133,1,0,66,0,0,0,0,0,0,0,0,0,0,0,0,0,0,0,0
1195,2018,Madhya Pradesh,23,Singrauli,638,Singrauli,0,12,22,0,0,0,51,47,0,0,0,0,0,0,0,0,2,0,26,17,0,42,33,0,0,15,0,0,0,0,0,0,1,0,0,0,0,0,0,0,0,0
1196,2018,Madhya Pradesh,23,Tikamgarh,434,Tikamgarh,0,11,11,0,0,0,36,31,0,0,3,2,0,0,0,1,0,0,23,75,0,93,95,2,1,61,0,0,0,0,0,0,0,0,0,0,0,0,0,0,0,0
1197,2018,Madhya Pradesh,23,Ujjain,435,Ujjain,0,10,7,0,0,0,237,146,0,0,5,2,0,0,1,0,0,0,71,16,0,38,267,0,12,113,1,0,0,0,0,3,1,0,0,0,0,0,0,0,0,0
1198,2018,Madhya Pradesh,23,Umaria,436,Umaria,1,4,4,0,0,0,12,43,0,0,1,0,0,0,0,0,0,0,14,10,0,16,34,0,1,13,1,0,0,0,0,0,0,0,0,0,0,0,0,0,0,0
1199,2018,Madhya Pradesh,23,Vidisha,437,Vidisha,3,13,15,0,0,0,113,114,0,0,4,0,1,0,0,3,0,0,61,30,0,0,186,0,2,0,0,1,0,0,0,0,0,0,0,63,96,0,0,0,0,0
1200,2018,Madhya Pradesh,23,Indore,410,Cyber Crime Cell,0,0,0,0,0,0,0,0,0,0,0,0,0,0,0,0,0,0,0,0,0,0,0,0,0,0,0,0,0,0,0,0,0,32,0,0,0,0,0,0,0,0
1201,2018,Maharashtra,27,Ahmednagar,466,Ahmednagar,0,18,47,0,2,0,252,253,0,0,10,0,0,0,0,0,0,0,87,57,0,0,476,0,8,0,0,0,5,0,0,0,0,0,5,71,163,0,0,0,0,0
1202,2018,Maharashtra,27,Akola,467,Akola,0,4,21,0,0,0,272,77,0,0,4,0,0,0,1,0,0,0,37,14,0,0,202,0,2,0,2,0,0,0,0,0,1,0,0,50,65,0,0,0,0,0
1203,2018,Maharashtra,27,Amravati,468,Amravati Commissionerate,0,0,5,0,1,0,183,0,0,0,2,0,0,0,1,0,0,0,50,2,0,0,241,0,4,0,2,0,0,0,0,0,0,0,0,29,89,0,1,0,0,0
1204,2018,Maharashtra,27,Amravati,468,Amravati Rural,2,2,25,0,0,0,154,99,0,0,0,0,0,0,0,1,0,0,28,6,0,0,178,0,6,0,2,0,0,0,0,0,0,3,0,84,88,0,0,0,0,0
1205,2018,Maharashtra,27,Chhatrapati Sambhajinagar,469,Aurangabad Commissionerate,0,1,16,0,0,0,226,110,0,0,2,0,1,0,0,0,0,0,39,7,0,0,279,0,7,0,0,3,0,0,2,0,0,1,0,37,72,0,0,0,0,0
1206,2018,Maharashtra,27,Chhatrapati Sambhajinagar,469,Aurangabad Rural,0,6,40,0,0,0,194,11,0,1,0,0,0,0,0,0,0,0,19,18,0,0,114,0,1,0,0,1,0,0,0,0,0,0,0,28,23,0,0,0,0,0
1207,2018,Maharashtra,27,Beed,470,Beed,0,14,34,0,0,0,295,3,0,4,3,0,10,0,1,7,0,0,35,7,0,0,249,0,6,0,0,1,0,3,0,0,0,0,0,54,44,1,0,0,0,0
1208,2018,Maharashtra,27,Bhandara,471,Bhandara,0,1,12,0,0,0,50,92,0,0,2,0,1,0,0,0,0,0,25,0,0,0,96,0,20,0,3,2,0,0,0,0,0,1,0,29,21,0,0,0,0,0
1209,2018,Maharashtra,27,Buldhana,472,Buldhana,1,9,29,0,0,0,164,57,0,0,5,0,2,0,2,0,1,0,25,11,0,0,275,0,11,0,0,0,0,0,0,0,0,0,0,51,111,1,0,0,0,0
1210,2018,Maharashtra,27,Chandrapur,473,Chandrapur,0,4,14,0,0,0,114,97,0,0,1,0,0,0,0,2,0,0,41,42,0,0,168,0,37,0,2,0,0,0,0,0,0,1,0,71,63,0,0,0,0,0
1211,2018,Maharashtra,27,Dhule,474,Dhule,0,5,10,0,0,0,220,7,0,0,0,0,0,0,0,0,0,0,21,20,0,0,82,0,9,0,0,0,0,0,0,0,0,0,0,10,17,0,0,0,0,0
1212,2018,Maharashtra,27,Gadchiroli,475,Gadchiroli,0,3,4,0,0,0,13,39,0,0,1,0,3,0,0,0,0,0,18,0,0,0,40,0,6,0,0,0,0,0,0,0,0,0,0,27,12,0,0,0,0,0
1213,2018,Maharashtra,27,Gondia,476,Gondia,0,4,7,0,0,0,44,78,0,0,0,0,0,0,0,0,0,0,16,1,1,0,110,0,21,0,5,0,0,0,0,0,0,0,0,49,35,0,0,0,0,0
1214,2018,Maharashtra,27,Hingoli,477,Hingoli,0,4,17,0,1,0,88,16,0,0,1,1,3,0,0,0,0,0,13,1,0,0,78,0,0,0,0,0,0,0,0,0,0,0,0,15,23,0,0,0,0,0
1215,2018,Maharashtra,27,Jalgaon,478,Jalgaon,0,0,26,0,0,0,214,24,0,0,28,0,0,0,1,0,0,0,26,100,0,0,228,0,13,0,1,0,0,0,4,0,0,1,0,41,77,0,0,0,0,0
1216,2018,Maharashtra,27,Jalna,479,Jalna,0,8,6,0,0,0,275,0,0,0,26,0,2,0,8,0,0,0,32,8,0,0,215,0,0,0,0,0,0,0,0,0,0,0,0,11,17,0,0,0,0,0
1217,2018,Maharashtra,27,Kolhapur,480,Kolhapur,0,6,17,0,0,0,98,129,0,0,3,0,0,0,6,15,0,0,45,19,0,0,184,0,8,0,0,9,0,0,0,0,0,0,1,69,72,0,0,0,0,0
1218,2018,Maharashtra,27,Latur,481,Latur,0,4,15,0,0,0,157,103,0,0,2,0,0,0,0,0,0,0,16,24,0,0,149,0,1,0,0,0,0,7,0,0,0,0,0,26,34,0,0,0,0,0
1219,2018,Maharashtra,27,Mumbai,482,Mumbai Commissionerate,0,8,41,0,0,0,520,1344,0,0,2,0,1,0,3,28,0,0,319,0,1,0,2038,0,532,0,7,4,0,6,49,6,1,2,4,570,548,21,3,0,0,0
1220,2018,Maharashtra,27,Mumbai,482,Mumbai Railway,0,0,2,0,0,0,0,1,0,0,0,0,0,0,0,0,0,0,1,1,0,0,141,0,9,0,0,0,0,0,0,0,0,0,0,10,17,2,0,0,0,0
1221,2018,Maharashtra,27,Nagpur,484,Nagpur Commissionerate,0,6,17,0,0,0,129,320,0,0,10,0,0,0,0,18,0,0,69,12,0,0,274,0,9,0,5,0,0,3,15,0,0,3,0,89,102,2,0,0,1,0
1222,2018,Maharashtra,27,Nagpur,484,Nagpur Railway,0,0,0,0,0,0,0,1,0,0,0,0,0,0,0,0,0,0,0,0,0,0,15,0,0,0,0,0,0,0,0,0,0,0,0,2,0,0,0,0,0,0
1223,2018,Maharashtra,27,Nagpur,484,Nagpur Rural,0,2,19,0,0,0,30,0,0,0,0,0,1,0,0,1,0,0,55,0,0,0,170,0,12,0,2,0,0,0,0,1,1,4,0,58,71,0,0,0,0,0
1224,2018,Maharashtra,27,Nanded,485,Nanded,0,2,29,0,0,0,243,63,0,0,8,0,0,0,6,1,0,0,23,14,0,0,140,0,13,0,0,0,0,0,0,1,0,0,0,47,52,0,0,0,0,0
1225,2018,Maharashtra,27,Nandurbar,486,Nandurbar,0,0,8,0,0,0,53,41,0,0,2,0,0,0,2,0,0,0,16,3,0,0,45,0,3,0,0,0,0,0,0,0,0,0,0,18,17,0,0,0,0,0
1226,2018,Maharashtra,27,Nashik,487,Nasik Commissionerate,0,3,19,0,0,0,186,185,0,0,1,0,1,0,0,0,0,0,23,1,0,0,126,0,5,0,0,6,0,0,3,0,0,0,0,31,54,0,0,0,0,0
1227,2018,Maharashtra,27,Nashik,487,Nasik Rural,0,9,29,0,0,0,229,133,0,0,7,0,26,0,1,0,0,0,39,14,0,0,223,0,5,0,0,0,0,0,0,0,1,1,0,67,52,3,3,0,0,0
1228,2018,Maharashtra,27,Mumbai Suburban,483,Navi Mumbai,0,1,18,1,0,0,150,262,0,0,0,0,0,0,0,3,0,0,61,0,1,0,169,0,30,0,0,4,0,0,13,0,0,0,0,91,57,1,3,0,0,0
1229,2018,Maharashtra,27,Dharashiv,488,Osmanabad,0,4,15,0,0,0,71,32,0,0,4,0,0,0,2,0,0,0,16,23,0,0,134,0,6,0,1,0,0,0,0,0,0,0,0,38,38,2,0,0,0,0
1230,2018,Maharashtra,27,Palghar,665,Palghar,1,4,23,0,0,0,63,316,0,0,1,0,1,0,0,9,3,0,100,0,0,0,227,0,25,0,0,2,0,0,0,3,1,1,2,125,93,5,0,0,0,0
1231,2018,Maharashtra,27,Parbhani,489,Parbhani,1,9,19,0,0,0,227,35,0,0,4,0,0,0,0,0,0,0,23,4,0,0,142,0,0,0,0,0,0,0,0,0,0,0,0,29,30,0,0,0,0,0
1232,2018,Maharashtra,27,Pune,490,Pune Commissionerate,8,6,30,0,0,0,268,312,0,0,0,0,3,0,3,41,0,0,103,2,0,0,406,0,44,0,0,8,0,2,0,4,0,0,3,130,110,0,0,0,0,0
1233,2018,Maharashtra,27,Pune,490,Pune Railway,0,0,0,0,0,0,0,0,0,0,0,0,0,0,0,0,0,0,0,1,0,0,1,0,0,0,0,0,0,0,0,0,0,0,0,1,1,0,0,0,0,0
1234,2018,Maharashtra,27,Pune,490,Pune Rural,0,9,44,0,0,0,214,279,1,1,0,0,2,0,3,0,0,0,91,4,0,0,504,0,19,0,0,4,0,2,2,0,0,0,0,87,152,1,0,0,0,0
1235,2018,Maharashtra,27,Raigad,491,Raigad,0,2,11,0,0,0,26,67,0,0,2,0,0,0,0,0,0,0,35,2,0,0,105,0,13,0,0,2,0,0,0,0,2,0,0,29,22,2,1,0,0,0
1236,2018,Maharashtra,27,Ratnagiri,492,Ratnagiri,1,0,5,0,0,0,10,60,0,0,0,0,0,0,0,0,0,0,17,1,0,0,63,0,37,0,0,0,0,0,0,0,0,0,1,39,15,0,0,0,0,0
1237,2018,Maharashtra,27,Sangli,493,Sangli,0,15,31,6,0,0,78,142,0,0,3,0,0,0,5,9,0,0,54,42,0,0,212,0,5,0,0,0,0,1,0,7,0,0,1,65,79,2,0,0,0,1
1238,2018,Maharashtra,27,Satara,494,Satara,2,2,32,0,0,0,112,177,0,0,4,0,2,0,4,11,0,0,54,7,1,0,284,0,14,0,0,0,0,1,0,0,0,0,0,92,107,0,0,0,0,0
1239,2018,Maharashtra,27,Sindhudurg,495,Sindhudurg,0,0,4,0,0,0,4,15,0,0,0,0,1,0,0,2,0,0,4,0,0,0,52,0,7,0,0,0,0,0,0,0,0,0,0,9,10,0,0,0,0,0
1240,2018,Maharashtra,27,Solapur,496,Solapur Commissionerate,0,1,5,1,0,0,95,4,0,0,4,0,0,0,0,3,0,0,13,6,0,0,99,0,4,0,0,0,0,0,0,1,0,0,0,42,39,0,0,0,0,0
1241,2018,Maharashtra,27,Solapur,496,Solapur Rural,0,5,40,0,0,0,116,106,0,0,1,0,0,0,2,0,0,0,52,33,0,0,366,0,5,0,0,0,0,0,0,0,0,0,0,89,76,0,0,1,0,0
1242,2018,Maharashtra,27,Thane,497,Thane Commissionerate,0,6,25,2,0,0,317,511,0,0,1,0,1,0,3,39,0,0,150,7,0,0,465,0,53,0,0,4,0,0,0,7,0,7,0,157,169,7,0,0,1,0
1243,2018,Maharashtra,27,Thane,497,Thane Rural,0,3,22,0,0,0,127,12,0,0,0,0,1,0,1,13,0,0,67,0,0,0,212,0,8,0,0,0,0,0,0,0,1,0,0,41,67,0,0,0,2,0
1244,2018,Maharashtra,27,Wardha,498,Wardha,1,0,14,0,0,0,36,93,0,0,1,0,0,0,0,0,0,0,24,7,0,0,147,0,8,0,2,0,0,0,0,0,0,3,0,20,51,0,0,0,0,0
1245,2018,Maharashtra,27,Washim,499,Washim,0,3,8,0,0,0,118,0,1,0,1,0,0,0,0,0,0,0,12,14,0,0,120,0,0,0,1,0,0,0,0,1,0,0,0,11,27,0,0,0,0,0
1246,2018,Maharashtra,27,Yavatmal,500,Yavatmal,0,4,6,0,1,0,288,62,0,0,11,0,0,0,0,0,0,0,46,69,0,0,263,0,31,0,1,1,0,0,0,0,0,2,0,53,104,0,0,0,0,0
1247,2018,Maharashtra,27,Pune,490,Pimpri Chinchwad City,0,3,20,0,0,0,139,161,0,0,3,0,1,0,0,5,0,0,102,0,0,0,302,0,16,0,0,0,0,0,0,0,1,1,1,39,46,2,0,1,1,0
1248,2018,Maharashtra,27,Chhatrapati Sambhajinagar,469,Aurangabad Railway,0,0,0,0,0,0,0,6,0,0,0,0,0,0,0,0,0,0,0,0,0,0,26,0,0,0,0,0,0,0,0,0,0,0,0,1,1,0,0,0,0,0
1249,2018,Manipur,14,Bishnupur,252,Bishnupur,0,0,0,0,0,0,0,0,0,0,6,2,0,0,0,0,0,0,4,12,0,0,1,0,0,0,0,0,0,0,0,0,0,0,0,6,0,2,0,0,0,0
1250,2018,Manipur,14,Chandel,253,Chandel,0,0,0,0,0,0,0,0,0,0,0,0,0,0,0,1,0,0,1,0,0,0,1,0,0,0,0,0,0,0,0,0,0,0,0,3,0,0,0,0,0,0
1251,2018,Manipur,14,Churachandpur,254,Churachandpur,0,0,0,0,0,0,0,0,0,0,0,0,0,0,0,0,0,0,1,2,0,0,0,0,0,1,0,0,0,0,0,0,0,0,0,1,0,0,0,0,0,0
1252,2018,Manipur,14,Imphal West,256,Cid,0,0,0,0,0,0,0,0,0,0,0,0,0,0,0,0,0,0,0,0,0,0,3,0,4,0,0,0,0,0,0,0,0,0,0,0,0,0,0,0,0,0
1253,2018,Manipur,14,Imphal East,255,Imphal East,0,0,0,0,0,0,1,0,0,0,6,0,0,0,0,1,0,0,2,2,0,10,13,0,0,0,0,0,0,0,0,0,0,1,0,0,5,0,0,0,0,0
1254,2018,Manipur,14,Imphal West,256,Imphal West,0,0,3,0,0,0,9,0,0,0,13,0,6,0,1,1,0,0,15,15,1,2,31,1,1,0,0,0,0,0,0,0,0,0,0,9,3,0,0,0,0,0
1255,2018,Manipur,14,Senapati,257,Senapati,0,0,0,0,0,0,0,0,0,0,0,0,0,0,0,0,0,0,1,0,1,0,0,0,0,0,0,0,0,0,0,0,0,0,0,0,0,0,0,0,0,0
1256,2018,Manipur,14,Tamenglong,258,Tamenglong,0,0,0,0,0,0,0,0,0,0,0,0,0,0,0,0,0,0,0,0,0,0,0,0,0,0,0,0,0,0,0,0,0,0,0,1,0,0,0,0,0,0
1257,2018,Manipur,14,Thoubal,259,Thoubal,0,0,0,0,0,0,3,0,0,0,12,0,6,1,2,0,0,0,11,0,3,5,6,0,1,0,0,0,0,0,0,0,0,0,0,5,5,0,0,0,0,0
1258,2018,Manipur,14,Ukhrul,260,Ukhrul,0,0,0,0,0,0,1,0,0,0,0,0,0,0,1,0,0,0,0,0,0,0,0,0,0,0,0,0,0,0,0,0,0,0,0,3,0,0,0,0,0,0
1259,2018,Meghalaya,17,East Garo Hills,273,East Garo Hills,0,0,0,0,0,0,0,0,0,0,0,0,0,0,0,0,0,0,0,0,0,0,5,0,0,0,0,0,0,0,0,0,0,0,0,4,0,0,0,0,0,0
1260,2018,Meghalaya,17,South Garo Hills,277,South Garo Hills,0,0,0,0,0,0,2,0,0,0,1,0,0,0,0,0,0,0,3,0,0,0,0,0,0,0,0,0,0,0,0,0,0,0,0,3,1,1,0,1,0,0
1261,2018,Meghalaya,17,South West Garo Hills,663,South West Garo Hills,0,0,0,0,0,0,0,0,0,0,0,0,0,0,0,0,0,0,3,0,0,0,14,0,1,0,0,0,0,0,0,0,0,0,0,0,0,0,0,0,0,0
1262,2018,Meghalaya,17,West Garo Hills,278,West Garo Hills,0,0,0,0,0,0,5,0,0,0,0,0,14,0,0,0,0,0,6,0,5,1,9,0,2,0,0,0,0,0,0,0,0,0,0,7,4,0,0,0,0,0
1263,2018,Meghalaya,17,West Jaintia Hills,275,West Jaintia Hills,0,0,0,0,0,0,2,1,0,0,1,0,1,0,0,0,0,0,13,0,3,0,9,1,2,2,0,0,0,0,0,0,0,0,0,29,13,0,0,0,0,0
1264,2018,Meghalaya,17,East Jaintia Hills,657,East Jaintia Hills,0,0,0,0,0,0,0,6,1,0,0,0,1,0,4,0,0,0,5,0,0,0,4,0,0,0,0,0,0,0,0,0,0,0,0,15,9,0,0,0,0,0
1265,2018,Meghalaya,17,East Khasi Hills,274,East Khasi Hills,4,1,0,0,0,0,6,0,1,0,1,0,2,0,0,0,0,0,7,0,4,0,30,0,9,0,0,2,0,0,0,0,0,1,0,73,31,1,0,0,0,0
1266,2018,Meghalaya,17,South West Khasi Hills,658,South West Khasi Hills,0,0,0,0,0,0,0,0,0,0,0,0,0,0,0,0,0,0,1,0,1,0,2,0,0,0,0,0,0,0,0,0,0,0,0,9,4,0,1,0,0,0
1267,2018,Meghalaya,17,West Khasi Hills,279,West Khasi Hills,0,0,0,0,0,0,2,1,0,0,1,0,0,0,0,0,0,0,8,0,1,0,3,0,0,0,0,0,0,0,0,0,0,0,0,27,6,1,0,0,0,0
1268,2018,Meghalaya,17,Ri Bhoi,276,Ri-Bhoi,0,0,0,0,0,0,0,12,0,0,0,0,0,0,0,1,0,0,16,0,2,24,7,5,0,3,0,0,0,0,0,0,0,0,0,0,3,1,0,3,0,0
1269,2018,Meghalaya,17,East Khasi Hills,274,Cyber Cell,0,0,0,0,0,0,0,0,0,0,0,0,0,0,0,0,0,0,0,0,0,0,0,0,0,0,0,0,0,0,0,0,0,0,3,0,0,0,0,0,0,0
1270,2018,Mizoram,15,Aizawl,261,Aizawl,0,0,0,0,0,0,3,0,0,0,0,0,0,0,0,0,0,0,8,0,0,13,32,0,1,0,0,0,0,0,0,0,1,0,0,23,26,2,0,0,0,0
1271,2018,Mizoram,15,Champhai,262,Champhai,1,0,0,0,0,0,1,0,0,0,0,0,0,0,0,0,0,0,5,0,0,4,7,0,0,0,0,0,0,0,0,0,0,0,0,10,5,1,0,0,0,0
1272,2018,Mizoram,15,Kolasib,263,Kolasib,0,0,0,0,0,0,1,0,0,0,0,0,0,0,0,0,0,0,6,0,0,3,9,0,0,0,0,0,0,0,0,0,0,0,0,9,9,0,0,0,0,0
1273,2018,Mizoram,15,Lawngtlai,264,Lawngtlai,0,0,0,0,0,0,0,0,0,0,0,0,0,0,0,0,0,0,0,0,0,0,0,0,0,0,0,0,0,0,0,0,0,0,0,0,0,0,0,0,0,0
1274,2018,Mizoram,15,Lunglei,265,Lunglei,0,0,0,0,0,0,1,0,0,0,0,0,0,0,0,0,0,0,0,0,0,0,9,0,0,0,0,0,0,0,0,0,0,0,0,6,1,0,0,0,0,0
1275,2018,Mizoram,15,Mamit,266,Mamit,0,0,0,0,0,0,0,0,0,0,0,0,0,0,0,0,0,0,2,0,0,1,4,0,0,0,0,0,0,0,0,0,0,0,0,8,7,0,0,0,0,0
1276,2018,Mizoram,15,Siaha,267,Saiha,0,0,0,0,0,0,0,0,0,0,0,0,0,0,0,0,0,0,1,0,0,0,2,0,0,0,0,0,0,0,0,0,0,0,0,5,3,0,0,0,0,0
1277,2018,Mizoram,15,Serchhip,268,Serchhip,0,0,0,0,0,0,0,0,0,0,0,0,0,0,1,0,0,0,5,0,0,2,4,0,0,0,0,0,0,0,0,0,0,0,0,6,1,0,0,0,0,0
1278,2018,Mizoram,15,Aizawl,261,Spl Narcotic,0,0,0,0,0,0,0,0,0,0,0,0,0,0,0,0,0,0,0,0,0,0,0,0,0,0,0,0,0,0,0,0,0,0,0,0,0,0,0,0,0,0
1279,2018,Nagaland,13,Dimapur,244,Dimapur,0,0,0,0,0,0,0,32,0,2,0,1,0,0,0,0,0,0,2,0,0,0,4,0,4,0,0,0,0,1,0,0,0,0,0,0,2,0,0,0,0,0
1280,2018,Nagaland,13,Kiphire,614,Kiphire,0,0,0,0,0,0,0,0,0,0,0,0,0,0,0,0,0,0,1,0,0,0,0,0,0,0,0,0,0,0,0,0,0,0,0,0,0,0,0,0,0,0
1281,2018,Nagaland,13,Kohima,245,Kohima,0,0,0,0,0,0,0,0,0,0,0,0,0,0,0,0,0,0,2,0,0,3,3,0,0,3,0,0,0,0,0,0,0,0,0,0,0,0,0,0,0,0
1282,2018,Nagaland,13,Longleng,615,Longleng,0,0,0,0,0,0,0,0,0,0,0,0,0,0,0,0,0,0,0,0,0,0,0,0,0,0,0,0,0,0,0,0,0,0,0,1,0,0,0,0,0,0
1283,2018,Nagaland,13,Mokokchung,246,Mokokchung,0,0,0,0,0,0,1,0,0,0,0,0,0,0,0,0,0,0,0,0,0,0,0,0,0,0,0,0,0,0,0,0,0,0,0,2,0,0,0,0,0,0
1284,2018,Nagaland,13,Mon,247,Mon,0,0,0,1,0,0,1,0,0,0,1,0,0,0,0,0,0,0,1,0,0,0,0,0,0,0,0,0,0,0,0,0,0,0,0,2,1,0,0,0,0,0
1285,2018,Nagaland,13,Peren,613,Peren,0,0,0,0,0,0,0,0,0,0,0,0,0,0,0,0,0,0,0,0,0,0,0,0,0,0,0,0,0,0,0,0,0,0,0,0,0,0,0,0,0,0
1286,2018,Nagaland,13,Phek,248,Phek,0,0,0,0,0,0,0,0,0,0,0,0,0,0,0,0,0,0,0,0,0,0,0,0,0,0,0,0,0,0,0,0,0,0,0,0,0,0,0,0,0,0
1287,2018,Nagaland,13,Tuensang,249,Tuensang,0,0,0,0,0,0,0,0,0,0,0,0,0,0,0,0,0,0,0,0,0,0,0,0,0,0,0,0,0,0,0,0,0,0,1,0,0,0,0,0,0,0
1288,2018,Nagaland,13,Wokha,250,Wokha,0,0,0,0,0,0,0,0,0,0,0,0,0,0,0,0,0,0,1,0,0,0,0,0,0,0,0,0,0,0,0,0,0,0,0,0,0,0,0,0,0,0
1289,2018,Nagaland,13,Zunheboto,251,Zunheboto,0,0,0,0,0,0,1,0,0,0,0,0,0,0,0,0,0,0,0,0,0,0,0,0,0,0,0,0,0,0,0,0,0,0,0,1,0,0,0,0,0,0
1290,2018,Odisha,21,Anugul,344,Angul,0,13,0,0,0,0,114,96,0,0,0,0,0,0,0,2,0,0,56,0,0,0,458,0,13,0,127,0,0,0,0,3,0,0,0,20,0,0,0,0,0,0
1291,2018,Odisha,21,Baleshwar,346,Balasore,0,40,1,0,1,0,99,200,1,0,8,0,67,0,0,2,0,0,48,48,22,0,714,2,29,0,0,0,0,0,0,1,0,4,0,78,10,0,6,0,0,0
1292,2018,Odisha,21,Bargarh,347,Baragarh,0,14,0,0,0,0,35,0,0,0,0,0,0,0,0,0,0,0,22,0,6,0,357,0,8,0,96,0,0,0,0,0,0,8,0,33,0,0,15,0,0,0
1293,2018,Odisha,21,Baleshwar,346,Berhampur,0,2,0,0,0,0,18,67,0,0,0,0,0,0,0,0,0,0,8,0,1,0,348,0,67,0,0,0,0,0,0,0,0,8,0,22,0,0,14,0,0,0
1294,2018,Odisha,21,Bhadrak,348,Bhadrak,0,26,0,0,0,0,57,175,0,0,20,0,0,0,7,3,0,0,49,0,4,0,494,0,21,0,290,0,0,0,0,0,0,14,0,65,26,0,0,0,0,0
1295,2018,Odisha,21,Balangir,345,Bolangir,0,11,0,0,0,0,57,0,0,0,0,0,0,0,0,0,0,0,23,0,1,0,306,0,29,0,0,0,0,0,0,0,0,0,0,32,0,0,17,0,0,0
1296,2018,Odisha,21,Boudh,349,Boudh,0,4,0,0,0,0,16,18,0,0,0,0,0,0,7,0,0,0,16,0,1,11,133,0,7,0,0,0,0,0,0,0,0,0,0,0,0,0,0,0,0,0
1297,2018,Odisha,21,Cuttack,350,Cuttack,0,29,0,0,0,0,36,131,0,0,0,0,0,0,0,0,0,0,28,0,4,0,157,0,8,0,137,0,0,0,0,0,0,11,0,41,0,0,14,0,0,0
1298,2018,Odisha,21,Khordha,362,Dcp Bhubaneswar,0,5,0,0,0,0,120,0,0,0,0,0,0,0,0,0,0,0,32,0,9,0,285,0,14,0,170,0,0,0,0,0,0,4,0,81,0,0,12,0,0,0
1299,2018,Odisha,21,Cuttack,350,Dcp Cuttack,0,9,0,0,0,0,52,126,0,0,0,0,0,0,0,0,0,0,23,0,1,0,120,0,8,0,181,0,0,0,0,1,0,17,0,46,0,0,15,0,0,0
1300,2018,Odisha,21,Deogarh,351,Deogarh,0,1,0,2,0,0,14,23,0,0,0,0,0,0,0,0,0,0,13,0,0,0,110,0,3,0,0,0,0,0,0,0,0,3,0,14,1,3,3,0,0,0
1301,2018,Odisha,21,Dhenkanal,352,Dhenkanal,0,8,0,0,0,0,41,0,0,0,0,0,0,0,0,0,0,0,10,0,12,0,446,0,25,0,0,0,0,0,0,0,0,1,0,42,0,0,23,0,0,0
1302,2018,Odisha,21,Gajapati,353,Gajapati,0,1,0,0,0,0,36,20,0,0,0,0,0,0,0,0,0,0,11,0,0,0,117,0,0,0,0,0,0,0,0,0,0,0,2,20,3,0,0,0,0,0
1303,2018,Odisha,21,Ganjam,354,Ganjam,0,13,0,0,0,0,78,127,0,0,0,0,0,0,0,0,0,0,38,0,2,0,486,0,0,0,0,0,0,0,0,0,0,15,0,52,0,0,29,0,0,0
1304,2018,Odisha,21,Jagatsinghapur,355,Jagatsinghpur,0,16,0,0,2,0,35,90,0,0,0,0,0,0,0,0,0,0,23,0,9,0,349,0,21,0,129,0,0,0,0,1,0,0,0,31,0,0,0,0,0,1
1305,2018,Odisha,21,Jajapur,356,Jajpur,0,37,0,0,0,0,64,156,0,0,0,0,0,0,0,0,0,0,50,0,4,0,334,0,17,0,186,0,0,0,0,1,0,0,32,60,0,0,46,0,0,0
1306,2018,Odisha,21,Jharsuguda,357,Jharsuguda,0,3,0,0,0,0,24,37,0,0,0,0,0,0,0,0,0,0,13,0,0,0,159,0,4,0,0,0,0,0,0,0,0,12,0,32,0,0,10,0,0,0
1307,2018,Odisha,21,Kalahandi,358,Kalahandi,0,0,1,0,1,0,39,108,0,0,0,0,0,0,0,0,0,0,32,0,2,0,461,0,0,0,0,0,0,0,0,2,0,0,0,39,0,0,17,0,0,2
1308,2018,Odisha,21,Kandhamal,359,Kandhamal,0,1,0,0,0,0,55,73,0,0,0,0,0,0,0,5,0,0,37,0,0,0,172,0,3,0,0,0,0,0,0,0,0,0,0,52,0,0,15,0,0,0
1309,2018,Odisha,21,Kendrapara,360,Kendrapara,0,0,5,0,0,0,243,127,0,0,1,0,5,0,0,0,0,0,23,0,13,0,516,0,25,0,0,0,0,0,0,0,0,0,0,48,0,0,0,24,0,0
1310,2018,Odisha,21,Kendujhar,361,Keonjhar,0,15,0,0,0,0,53,115,0,0,0,0,0,0,0,0,0,0,27,0,5,0,408,0,15,0,0,0,0,0,0,0,0,16,0,64,0,0,20,0,0,0
1311,2018,Odisha,21,Khordha,362,Khurda,0,15,0,0,1,0,37,86,0,0,0,0,0,0,0,1,0,0,23,0,5,26,160,0,11,0,0,0,0,0,0,0,0,0,0,0,0,0,0,0,0,0
1312,2018,Odisha,21,Koraput,363,Koraput,0,3,0,0,0,0,77,99,0,0,0,0,0,0,0,0,0,0,27,0,6,0,249,0,16,0,95,0,0,0,0,0,0,0,0,80,4,0,0,0,0,0
1313,2018,Odisha,21,Malkangiri,364,Malkangiri,0,3,0,0,0,0,36,0,0,0,0,0,0,0,0,10,0,0,18,0,0,0,107,0,12,0,0,0,0,0,0,0,0,6,0,27,0,0,13,0,0,0
1314,2018,Odisha,21,Mayurbhanj,365,Mayurbhanj,0,24,0,0,0,0,73,0,0,0,4,0,5,0,0,0,0,0,55,0,8,0,369,0,21,0,0,0,0,0,0,0,0,0,0,108,0,4,14,0,0,0
1315,2018,Odisha,21,Nayagarh,367,Nayagarh,0,17,0,0,0,0,35,100,0,0,0,0,0,0,0,0,0,0,20,0,2,0,225,0,0,0,112,0,0,0,0,1,0,5,0,40,0,0,9,0,0,0
1316,2018,Odisha,21,Nabarangpur,366,Nabarangpur,1,2,2,0,0,0,81,33,1,0,21,0,6,0,4,1,0,0,20,27,0,0,193,3,6,3,31,0,0,0,0,0,0,2,0,61,4,3,0,1,0,0
1317,2018,Odisha,21,Nuapada,368,Nuapada,0,6,0,0,0,0,29,40,0,0,0,0,0,0,0,0,0,0,3,0,3,0,205,0,13,0,41,0,0,0,0,0,0,5,0,15,0,0,6,0,0,0
1318,2018,Odisha,21,Puri,369,Puri,0,23,0,0,0,0,54,0,0,0,0,0,0,0,0,2,0,0,37,0,10,0,675,0,50,0,0,0,0,0,0,0,0,12,0,46,37,0,0,0,0,0
1319,2018,Odisha,21,Rayagada,370,Rayagada,0,2,0,0,0,0,65,89,0,0,0,0,0,0,0,0,0,0,15,0,5,0,137,0,11,0,0,0,0,0,0,0,1,6,0,50,0,0,10,0,0,0
1320,2018,Odisha,21,Sundargarh,373,Rourkela,0,7,0,0,0,0,58,108,0,0,0,0,0,0,0,0,0,0,33,0,2,0,185,0,16,0,0,0,0,0,0,0,0,7,0,34,0,0,12,0,0,0
1321,2018,Odisha,21,Sambalpur,371,Sambalpur,0,12,0,0,0,0,63,63,0,0,0,0,0,0,0,0,0,0,19,0,8,0,290,0,24,0,0,0,0,0,0,0,0,16,0,52,0,0,11,0,0,0
1322,2018,Odisha,21,Sonepur,372,Sonepur,0,6,0,0,0,0,11,23,0,0,0,0,0,0,0,0,0,0,4,0,4,0,115,0,6,0,0,0,0,0,0,0,0,0,2,12,1,0,2,0,0,0
1323,2018,Odisha,21,Cuttack,350,Srp(Cuttack),0,1,0,0,0,0,0,6,0,0,0,0,0,0,0,0,0,0,1,0,0,0,7,0,0,1,0,0,0,0,0,0,0,0,0,0,0,0,0,0,0,0
1324,2018,Odisha,21,Sundargarh,373,Srp(Rourkela),0,0,0,0,0,0,0,1,0,0,0,0,0,0,0,3,0,0,0,0,0,0,0,0,0,0,0,0,0,0,0,0,0,0,0,0,0,0,0,0,0,0
1325,2018,Odisha,21,Sundargarh,373,Sundargarh,0,3,0,1,0,0,79,39,0,0,2,0,0,0,1,3,0,0,23,0,2,0,120,0,3,0,0,0,0,0,0,0,0,0,0,30,5,0,0,0,0,0
1326,2018,Punjab,3,Amritsar,27,Amritsar Rural,0,3,12,0,1,0,29,0,0,0,0,0,0,0,5,0,0,0,11,53,2,19,43,2,0,0,1,0,0,0,0,0,0,2,0,0,0,0,0,0,0,0
1327,2018,Punjab,3,Barnala,605,Barnala,0,0,6,0,0,0,28,0,0,0,17,0,0,0,3,0,0,0,13,19,1,15,24,0,0,0,0,0,0,0,0,2,0,2,1,0,4,0,0,0,0,0
1328,2018,Punjab,3,Gurdaspur,32,Batala,0,2,6,1,0,0,32,0,0,0,14,0,0,0,0,0,0,0,8,27,1,18,31,4,0,7,0,0,0,0,0,0,0,0,0,0,0,0,0,1,0,0
1329,2018,Punjab,3,Bathinda,28,Bathinda,0,6,11,0,1,0,75,0,0,0,5,0,0,0,3,0,0,0,31,34,2,3,55,1,1,0,0,0,0,0,0,0,0,0,0,28,8,0,0,0,0,0
1330,2018,Punjab,3,Amritsar,27,Cp Amritsar,0,5,8,1,0,0,80,6,0,0,5,0,0,0,8,0,0,0,8,53,2,22,29,2,1,9,1,0,0,0,0,0,0,0,3,0,5,0,0,0,0,0
1331,2018,Punjab,3,Jalandhar,34,Cp Jalandhar,0,3,2,0,0,0,78,4,0,0,0,0,0,0,10,0,0,0,15,78,2,24,46,1,2,12,0,0,0,0,0,0,0,1,0,0,0,0,0,0,0,0
1332,2018,Punjab,3,Ludhiana,36,Cp Ludhiana,0,8,13,0,0,0,167,0,0,0,42,0,0,0,0,0,0,0,55,180,3,21,81,9,8,10,0,0,0,0,0,0,0,1,4,53,7,0,0,0,0,0
1333,2018,Punjab,3,Faridkot,29,Faridkot,0,2,3,0,0,0,23,0,0,0,1,0,0,0,0,0,0,0,11,18,0,4,19,0,0,3,0,0,0,0,0,2,0,0,0,5,5,0,0,0,0,0
1334,2018,Punjab,3,Fatehgarh Sahib,30,Fatehgarh Sahib,0,0,0,0,0,0,41,0,0,0,26,0,0,0,0,0,0,0,7,0,0,0,8,0,0,0,0,0,0,0,0,0,0,2,0,10,3,0,0,0,0,0
1335,2018,Punjab,3,Fazilka,651,Fazilka,0,4,6,1,1,0,18,0,0,0,10,0,0,0,0,0,0,0,25,14,1,13,18,0,1,1,1,0,0,0,0,0,0,0,0,30,12,0,0,0,0,0
1336,2018,Punjab,3,Patiala,41,Grp,0,1,1,0,0,0,0,0,0,0,0,0,0,0,0,0,0,0,0,1,0,1,4,0,0,0,0,0,0,0,0,0,0,0,0,2,0,0,0,0,0,0
1337,2018,Punjab,3,Gurdaspur,32,Gurdaspur,3,3,6,0,1,0,50,0,0,0,3,0,0,0,0,0,0,0,15,19,3,6,7,2,0,3,0,0,0,0,0,0,0,3,0,0,0,0,0,0,0,0
1338,2018,Punjab,3,Hoshiarpur,33,Hoshiarpur,0,4,11,0,0,0,50,0,0,0,1,0,0,0,0,0,0,0,23,56,3,0,40,0,0,1,0,0,0,0,0,1,0,3,0,27,3,0,0,0,0,0
1339,2018,Punjab,3,Jalandhar,34,Jalandhar Rural,1,2,6,1,0,0,52,0,0,0,1,0,0,0,6,0,0,0,19,31,3,23,37,3,0,6,0,1,0,0,0,0,0,0,0,0,0,0,0,0,0,0
1340,2018,Punjab,3,Kapurthala,35,Kapurthala,0,1,8,0,0,0,57,0,0,0,8,0,0,0,6,0,0,0,12,29,3,8,38,3,0,5,0,0,0,0,0,0,0,0,2,2,0,1,0,0,0,0
1341,2018,Punjab,3,Ludhiana,36,Khanna,0,0,15,0,0,0,18,0,0,0,3,0,0,0,0,0,0,0,6,23,1,6,15,2,0,0,0,0,0,0,0,0,0,1,0,3,0,0,0,0,0,0
1342,2018,Punjab,3,Ludhiana,36,Ludhiana Rural,0,0,1,0,0,0,20,0,0,0,0,0,0,0,0,0,0,0,17,0,0,13,28,1,0,0,0,0,0,0,0,0,0,0,0,0,3,0,0,0,0,0
1343,2018,Punjab,3,Mansa,37,Mansa,0,2,7,0,0,0,30,0,0,0,2,0,0,0,0,0,0,0,14,11,1,17,19,0,0,2,0,0,0,0,0,0,0,0,0,16,6,0,0,0,0,0
1344,2018,Punjab,3,Moga,38,Moga,0,0,5,0,0,0,40,0,1,0,5,0,0,0,0,0,0,0,20,32,1,0,42,0,1,0,0,0,0,0,0,0,1,0,0,14,2,0,0,0,0,0
1345,2018,Punjab,3,Sri Muktsar Sahib,39,Muktsar,0,5,2,0,0,0,15,0,0,0,8,0,0,0,0,0,0,0,14,30,3,1,35,3,2,0,0,0,0,0,0,0,0,1,0,36,10,0,0,0,0,0
1346,2018,Punjab,3,Pathankot,662,Pathankot,0,2,0,0,0,0,21,0,0,0,6,0,0,0,0,0,0,0,3,5,0,2,5,0,0,0,0,0,0,0,0,0,0,2,0,8,1,0,0,0,0,0
1347,2018,Punjab,3,Patiala,41,Patiala,0,5,14,0,0,0,143,0,0,0,22,0,0,0,5,0,0,0,30,66,2,32,54,4,0,23,2,0,0,0,0,0,0,3,1,12,0,0,0,0,0,0
1348,2018,Punjab,3,Rupnagar,42,Ropar,0,0,4,0,0,0,50,0,0,0,1,0,0,0,0,0,0,0,11,8,0,20,27,1,0,3,0,0,0,0,0,0,0,0,0,0,0,0,0,0,0,0
1349,2018,Punjab,3,Sangrur,43,Sangrur,0,5,0,2,0,0,76,0,0,0,8,0,0,0,0,0,0,0,39,42,1,23,38,1,2,17,0,0,0,0,0,0,0,0,0,0,0,0,0,0,0,0
1350,2018,Punjab,3,Tarn Taran,609,Tarn Taran,0,1,9,0,0,0,48,0,0,0,9,0,0,0,0,1,0,0,13,40,0,14,30,1,0,10,0,0,0,0,0,0,0,0,0,0,0,0,0,0,0,0
1351,2018,Punjab,3,S.A.S Nagar,608,Bureau Of Investigation,0,0,0,0,0,0,0,0,0,0,0,0,0,0,0,0,0,0,1,0,0,0,0,0,0,0,0,0,0,0,0,0,0,1,0,0,0,0,0,0,0,0
1352,2018,Punjab,3,S.A.S Nagar,608,Intelligence Wing,0,0,0,0,0,0,0,0,0,0,0,0,0,0,0,0,0,0,0,0,0,0,0,0,0,0,0,0,0,0,0,0,0,0,0,0,0,0,0,0,0,0
1353,2018,Punjab,3,S.A.S Nagar,608,Nri Wing,0,0,0,0,0,0,79,0,0,0,0,0,0,0,0,0,0,0,0,0,0,0,0,0,1,0,0,0,0,0,0,0,0,0,0,0,0,0,0,0,0,0
1354,2018,Punjab,3,Amritsar,27,Special Task Force,0,0,0,0,0,0,0,0,0,0,0,0,0,0,0,0,0,0,0,0,0,0,0,0,0,0,0,0,0,0,0,0,0,0,0,0,0,0,0,0,0,0
1355,2018,Rajasthan,8,Ajmer,86,Ajmer,0,14,5,0,0,0,704,109,0,1,27,0,0,0,8,0,0,0,112,28,21,44,265,2,4,18,1,0,0,0,0,1,0,1,0,0,0,0,0,7,0,2
1356,2018,Rajasthan,8,Alwar,87,Alwar,0,54,4,0,0,0,763,73,0,0,82,2,5,0,54,0,0,0,261,13,93,90,238,0,1,18,0,0,0,0,0,3,0,0,0,0,0,0,0,86,0,0
1357,2018,Rajasthan,8,Banswara,88,Banswara,0,6,2,0,0,0,114,3,0,0,59,0,0,0,22,0,0,0,63,28,7,13,82,0,0,1,0,1,0,0,0,16,0,0,0,0,0,0,0,1,0,0
1358,2018,Rajasthan,8,Baran,89,Baran,0,5,4,0,0,0,341,0,0,0,2,0,0,0,142,0,0,0,64,0,6,42,172,2,3,52,0,0,0,0,0,0,0,0,0,0,0,0,0,0,0,0
1359,2018,Rajasthan,8,Barmer,90,Barmer,1,27,2,4,0,0,181,8,0,0,17,0,0,0,5,0,0,0,79,13,19,27,167,3,0,36,0,0,0,0,0,0,0,0,0,0,0,0,2,0,0,0
1360,2018,Rajasthan,8,Bharatpur,91,Bharatpur,0,22,5,0,0,0,553,36,0,0,37,0,0,0,117,2,0,0,163,1,81,40,54,0,0,23,0,0,0,0,0,0,1,6,3,0,0,0,0,53,0,0
1361,2018,Rajasthan,8,Bhilwara,92,Bhilwara,0,10,8,0,0,0,514,30,0,0,21,0,7,0,149,0,0,0,159,11,2,0,275,0,1,0,0,0,0,0,0,0,0,0,0,35,10,0,0,16,0,1
1362,2018,Rajasthan,8,Bikaner,93,Bikaner,0,14,8,0,0,0,353,10,0,0,19,0,0,0,17,0,0,0,101,10,15,35,81,0,0,14,0,0,0,0,0,1,0,0,0,0,0,0,0,19,0,0
1363,2018,Rajasthan,8,Bundi,94,Bundi,0,2,0,0,0,0,271,19,0,0,5,1,0,0,94,0,0,0,69,0,9,6,182,0,0,8,0,0,0,0,0,2,0,0,0,0,0,0,13,0,0,0
1364,2018,Rajasthan,8,Chittorgarh,95,Chittorgarh,0,3,10,0,1,0,388,31,0,0,35,0,0,0,46,0,0,0,69,0,3,29,160,0,0,10,0,0,0,0,0,1,0,0,0,0,0,1,0,0,0,0
1365,2018,Rajasthan,8,Churu,96,Churu,0,12,4,0,0,0,417,0,0,0,0,0,0,0,53,1,0,0,102,0,3,39,18,0,0,16,0,0,0,0,0,1,0,0,0,0,0,2,0,19,0,0
1366,2018,Rajasthan,8,Dausa,97,Dausa,0,7,2,0,0,0,190,0,0,0,0,0,0,0,73,0,0,0,91,0,6,0,26,0,0,0,0,0,0,0,0,0,0,0,0,6,3,0,5,0,0,0
1367,2018,Rajasthan,8,Dholpur,98,Dholpur,0,33,2,0,0,0,231,30,0,0,2,0,0,0,63,0,0,0,49,1,6,27,74,0,0,26,0,0,0,0,0,0,0,0,0,0,0,0,10,0,0,0
1368,2018,Rajasthan,8,Dungarpur,99,Dungarpur,0,6,1,4,0,0,85,0,0,0,114,0,0,0,0,0,0,0,42,0,1,38,91,0,0,4,0,0,0,0,0,0,0,0,0,0,0,0,0,0,0,0
1369,2018,Rajasthan,8,Ajmer,86,Grp Ajmer,0,1,1,0,0,0,0,4,0,0,0,0,0,0,0,0,0,0,2,1,0,1,10,0,1,3,0,0,0,0,0,0,0,0,0,0,0,0,0,0,0,0
1370,2018,Rajasthan,8,Jodhpur,107,Grp Jodhpur,0,0,0,0,0,0,0,0,0,0,0,0,0,0,0,0,0,0,1,0,0,0,4,0,0,0,0,0,0,0,0,0,0,0,0,1,0,0,0,0,0,0
1371,2018,Rajasthan,8,Ganganagar,100,Ganganagar,0,8,4,0,0,0,631,50,0,0,11,0,3,0,36,0,0,0,151,20,22,37,130,4,2,39,0,0,0,6,0,0,0,0,0,0,0,0,7,0,0,0
1372,2018,Rajasthan,8,Hanumangarh,101,Hanumangarh,0,4,7,0,0,0,473,49,0,0,4,1,7,0,0,0,0,0,96,1,23,58,128,5,0,26,0,0,0,4,0,0,0,0,1,0,0,0,0,0,0,0
1373,2018,Rajasthan,8,Jaipur,102,Jaipur East,0,5,3,0,0,0,245,81,0,0,12,0,0,0,10,0,0,0,68,10,4,15,119,5,1,11,0,0,0,0,0,0,0,0,0,3,2,1,5,0,0,0
1374,2018,Rajasthan,8,Jaipur,102,Jaipur North,0,4,0,0,0,0,200,0,0,0,36,0,0,0,0,0,0,0,46,0,1,0,50,0,1,0,0,0,0,3,0,0,0,0,0,10,0,0,0,0,0,0
1375,2018,Rajasthan,8,Jaipur,102,Jaipur Rural,0,10,6,0,0,0,234,19,0,0,9,0,0,0,41,0,0,0,71,8,13,28,89,4,0,9,0,0,0,1,0,0,0,1,0,0,0,0,0,18,0,0
1376,2018,Rajasthan,8,Jaipur,102,Jaipur South,0,3,2,0,0,0,204,69,0,0,0,0,0,0,18,0,0,0,71,0,1,16,30,0,0,16,0,0,0,0,0,0,0,0,4,0,0,0,0,8,0,0
1377,2018,Rajasthan,8,Jaipur,102,Jaipur West,0,7,6,0,0,0,344,95,0,0,3,0,0,0,0,0,0,0,63,1,5,20,63,1,0,12,1,0,0,6,0,1,0,0,0,0,0,0,7,0,0,1
1378,2018,Rajasthan,8,Jaisalmer,103,Jaisalmer,0,7,1,0,0,0,36,3,0,0,8,0,0,0,3,0,0,0,12,2,5,7,82,2,1,6,0,1,0,0,0,0,0,2,0,0,0,0,0,0,0,0
1379,2018,Rajasthan,8,Jalore,104,Jalore,0,5,4,0,0,0,200,0,0,0,49,0,1,0,0,0,0,0,51,6,11,4,114,0,0,0,0,0,1,0,0,0,0,0,0,1,7,0,0,0,0,0
1380,2018,Rajasthan,8,Jhalawar,105,Jhalawar,4,6,5,0,0,0,335,106,0,0,35,0,0,0,3,0,0,0,89,0,16,33,199,1,3,63,0,2,0,0,0,0,0,0,0,0,1,0,0,0,0,1
1381,2018,Rajasthan,8,Jhunjhunu,106,Jhunjhunu,0,11,1,0,0,0,332,72,0,1,4,0,0,0,49,0,0,0,121,4,10,7,101,0,0,1,0,0,0,0,0,0,0,0,0,0,0,0,0,0,0,0
1382,2018,Rajasthan,8,Jodhpur,107,Jodhpur East,0,4,3,0,0,0,155,3,0,0,42,0,0,0,0,0,0,0,41,0,3,0,94,0,0,0,0,0,0,0,0,3,0,0,0,7,9,3,0,13,0,0
1383,2018,Rajasthan,8,Jodhpur,107,Jodhpur West,1,4,2,0,0,0,238,19,0,0,1,0,0,0,36,0,0,0,30,0,1,25,127,2,8,23,0,0,0,0,0,1,0,0,0,0,0,0,0,0,0,0
1384,2018,Rajasthan,8,Jodhpur,107,Jodhpur Rural,0,19,4,0,0,0,117,5,0,0,2,0,0,0,44,0,0,0,35,0,6,26,68,3,0,10,0,0,0,0,0,0,0,0,0,0,0,1,1,0,0,1
1385,2018,Rajasthan,8,Karauli,108,Karauli,0,13,1,0,0,0,148,56,0,0,12,0,0,0,41,0,0,0,81,6,39,17,29,0,0,5,0,0,0,0,0,0,0,0,0,0,0,0,0,0,0,0
1386,2018,Rajasthan,8,Kota,109,Kota City,0,1,6,0,0,1,420,120,0,0,10,0,0,0,5,1,0,0,65,9,5,23,110,0,1,24,3,3,0,0,0,0,0,0,0,2,0,4,0,0,0,0
1387,2018,Rajasthan,8,Kota,109,Kota Rural,0,5,1,0,0,0,205,8,0,0,3,0,0,0,73,0,0,0,38,0,4,5,98,0,0,16,0,0,0,0,0,0,1,0,0,3,0,1,0,0,0,0
1388,2018,Rajasthan,8,Nagaur,110,Nagaur,0,13,5,0,0,0,438,40,0,0,31,0,0,0,44,0,0,0,96,1,22,36,101,0,0,19,0,0,0,0,0,0,0,0,0,0,0,3,1,0,0,0
1389,2018,Rajasthan,8,Pali,111,Pali,0,12,7,0,0,0,380,14,0,0,20,0,1,0,101,0,0,0,118,0,7,10,232,0,0,2,0,0,0,0,0,0,0,0,0,0,0,0,0,22,0,0
1390,2018,Rajasthan,8,Pratapgarh,629,Pratapgarh,0,5,2,0,0,0,152,19,0,0,57,0,0,0,11,0,0,0,101,1,17,43,116,0,0,6,0,0,0,0,0,0,0,0,0,1,0,0,0,8,0,0
1391,2018,Rajasthan,8,Rajsamand,112,Rajsamand,0,6,4,0,0,0,209,26,0,0,18,0,0,0,18,0,0,0,38,30,9,16,130,0,1,7,0,0,0,0,0,0,0,0,8,0,0,0,0,0,0,0
1392,2018,Rajasthan,8,Sawai Madhopur,113,Sawai Madhopur,0,6,3,0,0,0,241,20,0,0,64,0,0,0,21,0,0,0,73,1,21,9,127,0,0,10,0,0,0,0,4,0,0,0,0,0,0,0,0,0,2,0
1393,2018,Rajasthan,8,Sikar,114,Sikar,0,16,0,0,0,0,426,65,0,0,9,0,0,0,40,0,0,0,87,0,18,31,123,0,1,16,0,0,0,0,0,0,0,0,1,0,0,0,0,0,0,0
1394,2018,Rajasthan,8,Sirohi,115,Sirohi,0,1,2,1,0,0,116,21,0,0,17,0,0,0,9,0,0,0,45,8,11,17,71,3,0,2,0,0,0,0,0,0,1,0,0,4,2,0,3,0,0,0
1395,2018,Rajasthan,8,Tonk,116,Tonk,0,7,0,0,0,0,288,19,0,0,14,0,0,0,63,0,0,0,31,0,14,31,45,0,0,15,0,0,0,0,0,0,0,0,0,0,0,0,0,0,0,0
1396,2018,Rajasthan,8,Udaipur,117,Udaipur,0,6,16,0,0,0,378,118,0,0,90,0,0,0,28,0,0,0,159,39,22,85,195,0,1,12,0,0,0,0,0,0,0,0,0,0,0,0,0,0,0,1
1397,2018,Rajasthan,8,Jaipur,102,Jaipur Metro,0,0,0,0,0,0,0,0,0,0,0,0,0,0,0,0,0,0,0,0,1,0,0,0,0,0,0,0,0,0,0,0,0,0,0,0,0,0,0,0,0,0
1398,2018,Rajasthan,8,Jaipur,102,Scrb,0,0,0,0,0,0,0,0,0,0,0,0,0,0,0,0,0,0,0,0,0,0,0,0,0,0,0,0,0,0,0,0,0,0,0,0,0,0,0,0,0,0
1399,2018,Rajasthan,8,Jaipur,102,Sog,0,0,0,0,0,0,0,0,0,0,0,0,0,0,0,0,0,0,1,0,0,0,0,0,0,0,0,0,0,0,0,0,0,0,0,0,0,0,0,0,0,0
1400,2018,Rajasthan,8,Jaipur,102,Ssb,0,0,0,0,0,0,0,0,0,0,0,0,0,0,0,0,0,0,0,0,0,0,0,0,0,0,0,0,0,0,0,0,0,0,0,0,0,0,0,0,0,0
1401,2018,Sikkim,11,Gangtok,225,East,0,1,0,0,0,0,1,6,0,0,0,0,1,0,0,0,0,0,8,0,1,1,14,0,5,0,0,0,0,0,0,0,0,0,0,29,19,0,0,0,0,0
1402,2018,Sikkim,11,Mangan,226,North,0,0,0,0,0,0,0,0,0,0,0,0,0,0,0,0,0,0,1,0,0,0,0,0,0,0,0,0,0,0,0,0,0,1,0,3,0,0,0,0,0,0
1403,2018,Sikkim,11,Namchi,227,South,0,0,0,0,0,0,0,0,0,0,0,0,0,0,0,1,0,0,3,0,0,0,7,0,0,1,0,0,0,0,0,0,0,0,0,28,15,2,0,0,0,0
1404,2018,Sikkim,11,Gyalshing,228,West,0,0,0,0,0,0,0,0,0,0,0,0,0,0,0,0,0,0,0,0,0,3,1,0,0,0,0,0,0,0,0,0,0,0,0,17,3,0,0,0,0,0
1405,2018,Tamil Nadu,33,Ariyalur,610,Ariyalur,0,1,9,0,0,0,3,1,0,0,8,0,2,0,0,0,0,0,4,0,0,0,10,0,0,0,1,0,0,0,0,0,0,0,0,32,4,2,0,1,0,0
1406,2018,Tamil Nadu,33,Chennai,568,Chennai,0,7,34,0,1,2,116,9,0,1,5,0,6,0,2,1,0,0,32,3,0,3,81,0,5,2,4,0,4,0,2,230,0,0,0,136,56,13,0,3,0,3
1407,2018,Tamil Nadu,33,Coimbatore,569,Coimbatore,0,0,0,0,0,0,13,0,0,0,5,0,0,0,0,0,0,0,1,0,0,0,9,0,0,0,0,0,0,0,0,0,0,0,0,25,7,0,0,0,0,0
1408,2018,Tamil Nadu,33,Coimbatore,569,Coimbatore City,0,0,0,0,0,0,19,0,0,0,0,0,0,0,0,0,0,0,2,1,0,0,7,0,0,0,0,21,7,3,2,18,0,0,0,20,7,0,0,0,0,0
1409,2018,Tamil Nadu,33,Cuddalore,570,Cuddalore,0,9,4,0,0,0,23,0,0,0,10,0,0,0,0,0,0,0,19,4,0,0,100,0,0,0,0,0,0,1,0,0,0,3,0,72,10,0,0,0,0,0
1410,2018,Tamil Nadu,33,Dharmapuri,571,Dharmapuri,1,0,8,0,0,0,4,11,0,0,19,0,0,0,0,0,0,0,1,22,0,0,9,0,0,0,0,2,0,0,0,0,0,1,0,17,5,4,0,0,0,0
1411,2018,Tamil Nadu,33,Dindigul,572,Dindigul,1,1,6,0,0,0,32,15,0,0,19,0,15,0,2,0,0,0,8,0,0,0,31,0,0,0,0,0,0,0,0,16,0,0,0,46,6,4,0,1,0,0
1412,2018,Tamil Nadu,33,Erode,573,Erode,0,1,0,0,0,0,20,2,0,0,11,0,8,0,1,0,0,0,2,22,0,0,13,0,0,0,2,0,0,0,0,0,0,0,0,35,10,0,0,0,0,0
1413,2018,Tamil Nadu,33,Kanchipuram,574,Kanchipuram,0,2,0,0,0,0,3,0,0,0,14,0,0,0,0,0,0,0,13,0,0,0,6,0,0,0,0,0,0,0,10,0,0,0,0,20,14,0,0,0,0,0
1414,2018,Tamil Nadu,33,Kanniyakumari,575,Kanyakumari,0,0,4,0,0,0,5,0,0,0,12,0,0,0,1,0,0,0,9,21,1,0,17,0,0,0,61,0,0,0,0,3,0,5,0,49,12,11,0,0,0,0
1415,2018,Tamil Nadu,33,Karur,576,Karur,0,0,8,0,0,0,1,0,0,0,4,0,0,0,0,0,0,0,4,0,0,0,2,0,0,0,2,0,0,0,0,0,0,0,0,11,2,2,0,0,0,0
1416,2018,Tamil Nadu,33,Krishnagiri,577,Krishnagiri,0,2,13,0,1,0,5,9,0,0,2,0,0,0,0,0,0,0,3,9,0,0,19,0,0,0,0,3,0,0,0,0,0,0,0,39,5,1,0,0,0,1
1417,2018,Tamil Nadu,33,Madurai,578,Madurai,0,0,0,0,0,0,39,0,0,0,35,0,26,0,0,0,0,0,11,12,4,0,13,0,0,0,8,0,0,0,1,0,0,3,0,42,19,13,0,1,0,0
1418,2018,Tamil Nadu,33,Madurai,578,Madurai City,0,2,11,0,0,0,102,0,0,0,1,0,0,0,0,10,0,0,2,0,0,0,11,0,0,0,0,0,0,0,0,0,0,0,0,41,10,0,0,0,0,0
1419,2018,Tamil Nadu,33,Nagapattinam,579,Nagapattinam,0,4,0,0,0,0,14,0,0,0,23,0,0,0,0,0,0,0,19,0,0,0,38,0,0,0,2,0,0,0,0,0,0,0,0,24,9,0,0,0,0,0
1420,2018,Tamil Nadu,33,Namakkal,580,Namakkal,0,0,6,0,0,0,13,0,0,0,2,0,0,0,0,0,0,0,4,7,0,0,18,0,0,0,2,0,0,0,0,3,0,0,0,21,8,2,0,0,0,0
1421,2018,Tamil Nadu,33,The Nilgiris,587,Nilgiris,0,0,1,0,0,0,5,0,0,0,0,0,0,0,0,0,0,0,3,2,0,0,2,0,1,0,0,0,0,0,0,0,0,0,0,24,7,0,0,0,0,0
1422,2018,Tamil Nadu,33,Perambalur,581,Perambalur,0,1,7,0,0,0,5,0,0,0,1,0,1,0,0,0,0,0,6,1,0,0,27,0,0,0,1,0,0,0,0,0,0,0,0,19,4,2,0,0,0,0
1423,2018,Tamil Nadu,33,Pudukkottai,582,Pudukottai,0,1,7,0,0,0,6,0,0,0,11,0,4,0,0,0,0,0,6,0,1,0,12,0,2,1,0,0,0,0,0,0,0,0,0,29,5,3,0,0,0,0
1424,2018,Tamil Nadu,33,Ramanathapuram,583,Ramnathapuram,0,0,0,0,0,1,2,5,0,0,5,0,3,0,0,0,0,0,7,0,0,0,1,0,0,0,13,1,0,0,0,0,0,0,0,23,17,2,0,0,0,0
1425,2018,Tamil Nadu,33,Chennai,568,Railway Chennai,0,2,0,0,0,0,1,1,0,0,0,0,0,0,0,0,0,0,2,0,0,0,3,0,0,0,0,0,0,0,0,0,0,0,0,0,7,0,0,0,0,0
1426,2018,Tamil Nadu,33,Tiruchirappalli,591,Railway Trichy,0,0,0,0,0,0,0,0,0,0,0,0,0,0,0,0,0,0,0,1,0,0,0,0,0,0,0,0,0,0,0,0,0,0,0,0,1,0,0,0,0,0
1427,2018,Tamil Nadu,33,Salem,584,Salem,0,3,9,0,0,0,5,10,0,1,4,0,7,0,0,0,0,0,3,8,0,0,62,0,0,0,0,1,0,0,0,0,0,0,0,55,13,8,0,0,0,0
1428,2018,Tamil Nadu,33,Salem,584,Salem City,0,1,1,0,0,0,9,0,0,0,3,0,0,0,0,0,0,0,3,0,0,0,5,0,0,0,0,0,0,0,0,0,0,0,0,24,4,0,0,0,0,0
1429,2018,Tamil Nadu,33,Sivaganga,585,Sivagangai,0,2,10,0,0,0,32,0,0,0,69,0,18,0,0,0,0,0,6,0,0,0,17,0,1,0,1,0,0,0,0,0,0,0,0,27,11,2,0,0,0,0
1430,2018,Tamil Nadu,33,Thanjavur,586,Thanjavur,0,3,10,0,0,0,21,10,0,0,18,0,0,0,6,0,0,0,9,0,0,0,42,0,0,2,9,0,0,0,0,0,0,0,0,25,8,0,0,1,0,0
1431,2018,Tamil Nadu,33,Theni,588,Theni,0,3,10,0,0,0,48,0,0,0,6,0,0,0,0,0,0,0,3,0,0,0,10,0,0,0,0,0,7,0,0,0,0,0,0,48,13,9,0,0,0,0
1432,2018,Tamil Nadu,33,Tirunelveli,592,Thirunelveli,0,0,6,0,0,0,26,0,0,0,13,0,0,0,7,0,0,0,25,0,4,3,36,0,0,1,15,6,0,0,0,0,0,3,1,91,22,11,2,1,0,0
1433,2018,Tamil Nadu,33,Tirunelveli,592,Thirunelveli City,0,0,4,0,0,0,3,0,0,1,0,0,0,0,3,0,0,0,3,0,0,0,3,0,0,0,7,3,0,0,0,0,0,2,0,16,5,4,0,0,0,0
1434,2018,Tamil Nadu,33,Thiruvallur,589,Thiruvallur,1,0,0,0,0,0,11,2,0,0,0,0,0,0,0,0,0,0,11,0,0,0,2,0,0,0,0,0,1,0,0,0,0,6,0,31,10,5,0,0,0,0
1435,2018,Tamil Nadu,33,Tiruvannamalai,593,Thiruvannamalai,0,1,6,0,0,0,13,11,0,1,10,0,17,0,0,0,0,0,16,0,1,0,14,0,0,0,12,0,0,0,1,0,0,0,0,73,18,0,0,0,0,0
1436,2018,Tamil Nadu,33,Thiruvarur,590,Thiruvarur,0,1,1,0,0,0,18,7,0,0,23,0,8,0,2,0,0,0,4,0,0,0,14,0,0,0,1,0,0,0,0,2,0,1,0,20,0,0,7,0,0,0
1437,2018,Tamil Nadu,33,Tuticorin,594,Thoothukudi,1,0,5,0,0,0,31,0,0,0,5,0,4,0,0,0,0,0,14,3,0,0,45,0,0,0,5,12,0,0,0,0,0,0,1,62,14,17,0,0,0,0
1438,2018,Tamil Nadu,33,Tiruppur,634,Tiruppur,0,0,0,0,0,0,9,1,0,0,0,0,0,0,0,0,0,0,2,1,0,0,12,0,0,0,1,0,0,0,0,0,0,0,0,25,4,2,0,0,0,0
1439,2018,Tamil Nadu,33,Tiruppur,634,Tiruppur City,0,0,3,0,0,0,8,0,0,0,0,0,0,0,0,0,0,0,0,4,0,0,3,0,0,0,0,0,0,0,0,0,0,1,0,7,5,1,0,0,0,0
1440,2018,Tamil Nadu,33,Tiruchirappalli,591,Trichy,0,3,4,0,0,0,20,2,0,0,9,0,0,0,0,2,0,0,14,6,0,0,16,0,2,0,0,0,0,4,0,0,0,0,0,15,8,0,0,0,0,0
1441,2018,Tamil Nadu,33,Tiruchirappalli,591,Trichy City,0,1,9,1,0,0,45,0,0,0,0,0,1,0,0,0,0,0,1,0,0,0,16,0,2,0,2,0,0,0,0,10,0,0,0,15,8,2,0,0,0,0
1442,2018,Tamil Nadu,33,Vellore,595,Vellore,0,0,18,1,0,0,23,39,0,4,5,0,10,0,0,1,0,0,7,0,0,0,29,0,1,0,0,0,0,0,0,2,0,0,0,81,19,0,0,0,0,0
1443,2018,Tamil Nadu,33,Villupuram,596,Villupuram,0,4,24,0,0,0,25,47,0,0,52,0,15,0,0,0,0,0,29,0,1,0,42,0,0,0,28,0,0,0,0,7,0,0,0,64,21,7,1,2,0,0
1444,2018,Tamil Nadu,33,Virudhunagar,597,Virudhunagar,0,0,6,0,0,0,11,1,0,0,2,0,3,0,0,0,0,0,17,0,1,0,11,0,0,0,29,0,0,0,1,2,0,0,0,38,10,8,1,0,0,0
1445,2018,Tamil Nadu,33,Coimbatore,569,Cyber Cell,0,0,0,0,0,0,0,0,0,0,0,0,0,0,0,0,0,0,0,0,0,0,0,0,0,0,0,0,0,0,0,0,0,1,1,0,0,0,0,0,0,0
1446,2018,Tamil Nadu,33,Chennai,568,Other Units,0,0,0,0,0,0,0,0,0,0,0,0,0,0,0,0,0,0,0,0,0,0,0,0,0,0,0,0,0,0,0,0,0,0,0,0,0,0,0,0,0,0
1447,2018,Telangana,36,Hyderabad,507,Cyberabad Commissionerate,3,31,56,0,3,2,818,170,0,1,10,0,0,1,5,58,0,0,89,67,0,0,868,0,211,13,0,0,0,8,0,12,0,0,8,171,139,1,0,0,0,0
1448,2018,Telangana,36,Hyderabad,507,Hyderabad Commissionerate,0,17,28,0,3,3,1343,129,0,2,2,0,0,0,0,0,0,0,89,1,2,0,317,0,129,0,1,0,0,0,0,3,0,32,0,172,56,3,0,0,0,0
1449,2018,Telangana,36,Karimnagar,508,Karimnagar Commissionerate,0,7,20,0,0,0,349,10,0,0,4,0,0,0,0,0,0,0,20,1,0,0,184,0,12,20,0,0,0,10,0,0,0,7,0,20,0,0,0,0,0,0
1450,2018,Telangana,36,Khammam,509,Khammam Commissionerate,1,4,31,0,0,0,185,57,0,0,2,0,0,0,10,0,0,0,10,0,0,0,211,0,49,0,0,0,0,0,0,14,0,0,4,49,12,36,0,0,0,0
1451,2018,Telangana,36,Nizamabad,516,Nizamabad Commissionerate,0,9,14,0,1,0,275,9,0,0,0,0,4,0,0,0,0,0,9,5,1,0,106,2,52,0,0,0,0,0,0,0,0,0,0,21,14,0,0,0,0,0
1452,2018,Telangana,36,Yadadri Bhuvanagiri,697,Rachakonda Commissionerate,0,22,31,0,1,0,699,0,0,0,0,10,0,0,50,0,0,0,154,0,0,0,695,0,0,0,0,0,0,0,0,14,0,0,8,144,0,0,0,0,0,0
1453,2018,Telangana,36,Peddapalli,682,Ramagundam Commissionerate,0,10,27,2,0,0,324,5,1,0,3,0,6,0,1,5,0,0,16,6,0,0,201,0,27,58,0,3,0,0,0,0,0,0,2,40,0,0,0,0,0,0
1454,2018,Telangana,36,Siddipet,692,Siddipet Commissionerate,0,4,12,0,0,0,215,8,0,0,1,0,0,0,0,0,0,0,7,7,1,0,113,0,8,27,0,0,0,0,0,2,0,1,0,27,0,0,0,0,0,0
1455,2018,Telangana,36,Warangal,522,Warangal Commissionerate,0,13,40,0,0,0,270,92,0,0,0,1,2,0,0,4,0,0,18,8,3,0,189,1,45,11,9,0,0,0,0,3,0,0,0,33,41,1,0,0,0,0
1456,2018,Telangana,36,Adilabad,501,Adilabad,0,2,7,0,0,0,129,8,0,0,3,0,8,0,0,0,0,0,11,0,2,0,48,0,4,6,0,0,0,0,0,0,0,0,0,17,0,0,0,0,0,0
1457,2018,Telangana,36,Bhadradri Kothagudem,690,Bhadradri Kothagudem,0,5,18,0,0,0,91,48,0,0,0,0,5,0,3,0,0,0,19,0,1,0,113,0,15,0,0,1,0,0,0,0,0,0,0,36,7,28,0,1,0,0
1458,2018,Telangana,36,Jayashankar Bhupalapally,687,Jayashankar Bhupalpalli,0,5,14,0,0,0,76,18,0,0,19,0,0,0,0,0,0,0,3,0,0,0,80,0,0,0,0,0,0,0,0,0,0,0,0,20,8,0,0,0,0,0
1459,2018,Telangana,36,Jogulamba Gadwal,695,Jogulamba Gadwal,0,1,3,0,0,0,24,3,0,0,1,0,4,0,0,0,0,0,4,3,0,0,62,0,0,10,0,0,0,0,0,0,0,0,0,17,0,0,0,0,0,0
1460,2018,Telangana,36,Kamareddy,685,Kamareddy,0,4,5,0,0,0,129,16,0,0,4,0,6,0,0,1,0,0,9,2,3,0,31,2,7,14,0,0,0,0,0,0,0,1,0,12,0,0,0,0,0,0
1461,2018,Telangana,36,Kumuram Bheem Asifabad,699,Kumaram Bheem Asifabad,1,3,9,0,0,0,41,1,0,0,1,0,0,0,1,0,0,0,14,1,4,0,92,0,4,0,0,0,0,0,0,0,0,0,0,13,17,2,0,0,0,0
1462,2018,Telangana,36,Mahabubabad,688,Mahabubabad,0,5,16,0,0,0,83,32,0,0,0,1,4,0,1,0,0,0,5,12,3,0,100,2,21,18,2,0,0,0,0,0,0,0,0,17,0,0,0,0,0,0
1463,2018,Telangana,36,Mahabubnagar,512,Mahabubnagar,0,4,15,0,0,0,103,0,0,0,8,0,2,0,0,0,0,0,30,61,0,0,35,0,27,66,0,0,0,0,0,5,0,0,0,81,0,3,0,0,0,0
1464,2018,Telangana,36,Medak,513,Medak,0,4,6,0,0,0,123,13,0,0,0,0,0,0,0,0,0,0,0,10,0,0,54,0,15,0,0,0,0,0,0,0,0,0,0,33,20,0,0,0,0,0
1465,2018,Telangana,36,Nagarkurnool,694,Nagarkurnool,0,2,16,0,0,0,77,0,0,0,3,0,0,0,0,0,0,0,6,25,0,0,67,0,6,0,0,0,0,0,0,0,0,0,0,29,0,0,0,0,0,0
1466,2018,Telangana,36,Nalgonda,514,Nalgonda,0,5,22,3,1,0,259,11,0,0,1,0,2,0,0,3,1,0,20,5,3,0,170,2,110,0,0,0,0,0,0,1,0,1,0,32,47,0,33,1,0,0
1467,2018,Telangana,36,Nirmal,680,Nirmal,1,1,5,0,0,0,53,3,0,0,0,0,0,0,0,0,0,0,8,2,0,0,48,0,9,0,0,0,0,0,0,0,0,0,0,19,12,0,0,0,0,0
1468,2018,Telangana,36,Rajanna Sircilla,683,Rajanna Siricilla,0,3,4,0,0,0,62,8,0,1,0,0,1,0,0,0,0,0,5,3,0,0,63,0,0,0,0,0,0,0,0,0,0,0,0,7,0,0,0,0,0,0
1469,2018,Telangana,36,Sangareddy,691,Sangareddy,0,6,15,0,1,0,140,0,0,0,0,0,7,0,3,0,0,0,9,10,1,0,100,0,16,6,0,0,0,0,0,0,0,0,0,31,0,0,0,0,0,0
1470,2018,Telangana,36,Suryapet,696,Suryapet,0,4,8,3,0,0,179,0,0,0,0,0,0,0,27,0,0,0,20,0,3,0,170,0,84,0,0,0,0,0,0,0,0,0,0,38,18,0,0,0,0,0
1471,2018,Telangana,36,Vikarabad,698,Vikarabad,0,7,4,0,0,0,92,0,0,0,0,0,0,0,0,0,0,0,0,13,0,0,43,0,8,0,0,0,0,0,0,0,0,0,0,20,0,0,0,0,0,0
1472,2018,Telangana,36,Wanaparthy,693,Wanaparthy,0,1,5,0,0,0,39,0,0,0,0,0,0,0,0,0,0,0,7,7,0,0,30,0,0,4,0,0,0,0,0,0,0,0,0,29,0,0,0,0,0,0
1473,2018,Telangana,36,Hyderabad,507,Railway Police Secunderabad,0,0,1,0,0,0,0,0,0,0,0,0,0,0,0,0,0,0,0,0,0,0,4,0,3,0,0,0,0,0,0,0,0,0,0,2,0,0,0,0,0,0
1474,2018,Tripura,16,Dhalai,269,Dhalai,0,1,0,0,0,0,37,4,0,0,0,0,3,0,0,0,0,0,9,1,2,0,24,0,0,0,0,0,0,0,0,0,0,0,0,11,9,0,0,0,0,0
1475,2018,Tripura,16,Gomati,654,Gomati,0,1,1,0,0,0,44,7,0,0,0,0,0,0,1,0,0,0,11,2,2,0,17,0,0,0,0,0,0,2,0,0,0,2,0,4,0,1,0,0,0,0
1476,2018,Tripura,16,West Tripura,272,Grp,0,0,0,0,0,0,0,0,0,0,0,0,0,0,0,0,0,0,0,0,0,0,0,0,0,0,0,0,0,0,0,0,0,0,0,0,0,0,0,0,0,0
1477,2018,Tripura,16,Khowai,652,Kowai,0,1,2,0,0,0,10,2,0,0,0,0,0,0,1,0,0,0,4,3,0,0,6,0,0,0,0,0,0,0,0,0,0,0,0,9,5,0,0,0,0,0
1478,2018,Tripura,16,North Tripura,270,North,0,2,0,0,0,0,22,13,1,0,1,0,0,0,6,0,0,0,14,1,4,0,17,0,0,0,0,0,0,0,0,0,0,1,1,13,2,1,0,0,0,0
1479,2018,Tripura,16,Unakoti,655,Sipahijala,0,3,2,0,0,0,39,2,0,0,2,0,0,0,0,0,0,0,8,10,2,0,15,0,0,0,0,0,0,0,0,0,0,0,0,6,5,0,0,0,0,0
1480,2018,Tripura,16,South Tripura,271,South,0,2,3,0,0,0,51,5,1,0,0,0,0,0,10,0,0,0,14,9,13,0,19,0,1,0,0,0,0,0,0,0,0,0,0,11,6,0,0,0,0,0
1481,2018,Tripura,16,Unakoti,655,Unakoti,0,5,1,0,0,0,23,11,0,1,1,1,0,0,3,0,0,0,14,1,4,0,10,1,0,0,0,0,0,0,0,0,0,1,0,12,4,0,0,0,0,0
1482,2018,Tripura,16,West Tripura,272,West,0,3,5,0,0,0,77,11,0,2,4,0,10,0,0,0,0,0,23,10,2,0,57,3,4,0,0,0,0,0,0,0,0,0,0,10,16,0,0,0,0,0
1483,2018,Uttar Pradesh,9,Agra,118,Agra,2,70,2,0,1,1,556,62,3,0,257,0,0,0,0,0,0,0,68,109,0,21,388,0,0,103,0,0,0,0,0,8,0,0,0,53,97,0,0,0,0,0
1484,2018,Uttar Pradesh,9,Aligarh,119,Aligarh,1,54,11,0,1,0,431,391,0,0,32,0,0,0,0,2,0,0,52,0,10,40,216,9,1,102,0,0,0,0,0,0,0,0,0,63,81,0,0,0,0,0
1485,2018,Uttar Pradesh,9,Prayagraj,120,Prayagraj,1,72,11,0,1,0,1014,0,2,0,337,0,0,0,0,0,0,0,59,65,0,13,349,0,0,26,0,0,0,0,0,0,0,0,0,0,0,0,0,0,0,0
1486,2018,Uttar Pradesh,9,Ambedkar Nagar,121,Ambedkar Nagar,1,9,0,0,0,0,29,0,0,0,14,0,0,0,0,0,0,0,32,70,0,0,38,0,0,52,54,0,0,0,0,0,0,0,0,29,0,0,0,0,0,0
1487,2018,Uttar Pradesh,9,Amethi,640,Amethi,0,17,0,3,0,0,122,179,0,0,83,0,0,0,0,0,0,0,12,0,4,14,100,0,0,74,0,0,0,0,0,0,0,10,0,0,0,0,0,0,0,0
1488,2018,Uttar Pradesh,9,Amroha,154,Amroha,0,23,0,0,0,0,151,0,0,0,92,0,0,0,0,0,0,0,49,13,0,0,60,0,0,29,0,0,0,0,0,0,0,7,0,13,27,0,0,0,0,0
1489,2018,Uttar Pradesh,9,Auraiya,122,Auraiya,0,28,9,0,0,0,193,4,0,1,66,0,0,0,0,0,0,0,16,83,1,19,86,0,0,58,3,0,0,0,0,0,0,0,0,19,53,2,0,0,0,0
1490,2018,Uttar Pradesh,9,Azamgarh,123,Azamgarh,0,32,0,0,1,0,145,0,0,0,76,0,0,0,0,0,0,0,38,61,0,9,157,0,0,0,145,0,0,1,0,0,0,0,0,15,36,0,0,0,0,0
1491,2018,Uttar Pradesh,9,Budaun,133,Badaun,0,41,6,1,0,0,332,0,3,0,240,0,0,0,0,0,0,0,26,19,12,26,133,0,0,54,12,0,0,0,0,0,0,0,0,15,37,0,0,0,0,0
1492,2018,Uttar Pradesh,9,Baghpat,124,Baghpat,1,7,0,0,0,0,81,0,0,0,36,0,0,0,0,0,0,0,16,76,9,15,24,4,0,34,0,0,0,0,0,0,0,0,0,8,24,0,0,0,0,0
1493,2018,Uttar Pradesh,9,Bahraich,125,Bahraich,0,53,0,0,0,0,31,0,0,0,210,0,0,0,0,0,0,0,29,58,0,0,159,7,0,0,384,0,0,0,0,0,0,0,0,0,45,0,0,0,0,0
1494,2018,Uttar Pradesh,9,Ballia,126,Ballia,0,26,6,0,0,0,99,30,2,0,163,0,0,0,0,0,0,0,9,54,3,20,100,8,0,53,0,0,0,0,0,0,0,0,0,30,90,15,1,0,0,0
1495,2018,Uttar Pradesh,9,Balrampur,127,Balrampur,0,16,3,1,0,0,3,0,0,0,20,0,0,0,0,0,0,0,18,22,4,0,29,0,0,0,50,0,0,0,0,0,0,0,0,8,28,1,0,25,0,0
1496,2018,Uttar Pradesh,9,Banda,128,Banda,0,32,14,2,0,0,77,8,0,0,84,0,0,0,0,0,0,0,16,18,3,27,56,0,0,54,3,0,0,0,0,0,0,1,0,0,0,0,0,0,0,0
1497,2018,Uttar Pradesh,9,Bara Banki,129,Barabanki,1,37,0,0,0,0,316,0,0,0,40,0,0,0,0,0,0,0,31,150,0,32,155,0,0,52,0,0,0,0,0,0,0,0,0,30,53,0,0,2,0,0
1498,2018,Uttar Pradesh,9,Bareilly,130,Bareilly,1,64,0,0,4,0,42,0,0,0,368,0,0,0,0,0,0,0,72,0,0,0,423,0,0,0,589,0,0,0,0,7,0,0,0,83,96,0,0,9,0,0
1499,2018,Uttar Pradesh,9,Basti,131,Basti,1,16,0,0,0,0,137,24,0,0,37,0,0,0,0,0,0,0,22,107,0,25,77,0,0,0,0,0,0,0,0,0,0,0,0,6,44,1,0,2,0,0
1500,2018,Uttar Pradesh,9,Bijnor,132,Bijnor,0,28,0,0,2,0,177,20,0,0,155,0,0,0,0,0,0,0,66,0,19,0,161,0,0,0,326,0,0,0,0,0,0,0,0,42,78,3,0,5,0,0
1501,2018,Uttar Pradesh,9,Bulandshahr,134,Bulandshahar,3,58,1,1,2,0,493,0,0,0,210,0,0,0,0,0,0,0,39,0,28,42,145,0,0,65,0,0,0,0,0,0,0,1,0,42,61,2,1,1,0,0
1502,2018,Uttar Pradesh,9,Chandauli,135,Chandoli,0,20,7,1,0,0,11,2,1,0,27,0,0,0,1,0,1,0,9,67,2,16,44,0,0,4,73,0,0,0,0,0,0,1,0,3,35,1,0,0,0,0
1503,2018,Uttar Pradesh,9,Chitrakoot,136,Chitrakoot,1,14,6,0,0,0,40,20,0,0,37,0,0,0,0,0,0,0,17,0,0,11,96,0,0,0,40,0,0,0,0,0,0,0,0,0,0,0,0,0,0,0
1504,2018,Uttar Pradesh,9,Deoria,137,Deoria,0,20,0,0,0,0,48,0,0,0,72,0,0,0,0,0,0,0,32,94,0,0,0,0,0,41,0,0,0,0,0,0,0,0,0,35,0,0,0,0,0,0
1505,2018,Uttar Pradesh,9,Etah,138,Etah,0,41,0,0,0,0,149,0,0,0,130,0,0,0,12,0,0,0,31,0,8,14,158,0,0,0,10,0,0,0,0,0,0,0,0,30,76,2,0,0,0,0
1506,2018,Uttar Pradesh,9,Etawah,139,Etawah,0,40,6,0,0,0,173,23,0,0,57,0,0,0,0,0,0,0,9,52,0,14,60,0,0,37,6,0,0,1,0,0,0,0,0,14,37,1,0,0,0,0
1507,2018,Uttar Pradesh,9,Ayodhya,140,Ayodhya,1,20,6,1,0,0,14,0,1,0,92,0,0,0,1,0,0,0,31,166,9,34,131,10,0,66,196,0,0,0,0,0,1,3,0,133,0,0,0,0,0,0
1508,2018,Uttar Pradesh,9,Fatehpur,142,Fatehpur,1,32,10,0,0,0,62,60,0,0,58,0,0,0,0,0,0,0,16,69,1,24,67,0,0,76,0,0,0,0,0,0,0,0,0,0,0,0,0,0,0,0
1509,2018,Uttar Pradesh,9,Firozabad,143,Firozabad,0,44,11,0,2,0,132,26,4,0,100,0,0,0,0,0,0,0,24,162,12,27,51,0,0,72,0,0,0,0,0,0,0,6,0,21,72,2,0,0,0,0
1510,2018,Uttar Pradesh,9,Lucknow,162,Grp,0,0,1,0,0,0,0,9,0,0,12,0,0,0,0,0,0,0,5,0,1,4,78,0,1,0,0,0,0,0,0,0,0,0,0,1,0,0,0,0,0,0
1511,2018,Uttar Pradesh,9,Ghaziabad,145,Ghaziabad,3,32,6,2,2,0,483,0,0,0,363,0,0,0,0,0,0,0,113,0,10,4,342,0,0,31,0,0,0,0,0,0,0,0,0,24,23,0,0,0,0,0
1512,2018,Uttar Pradesh,9,Ghazipur,146,Ghazipur,0,34,5,3,0,0,123,53,2,0,46,0,0,0,0,0,0,0,17,102,0,34,109,2,0,54,0,0,0,0,0,0,0,0,0,34,71,0,0,6,0,0
1513,2018,Uttar Pradesh,9,Gonda,147,Gonda,2,32,0,0,0,0,43,0,0,0,108,0,0,0,0,0,0,0,29,0,0,17,114,0,0,0,0,0,0,0,0,0,0,0,0,0,47,0,0,0,0,0
1514,2018,Uttar Pradesh,9,Gorakhpur,148,Gorakhpur,1,49,12,0,0,0,56,0,0,0,345,0,0,0,8,1,0,0,47,0,30,72,269,0,0,30,381,0,0,2,0,0,0,4,0,72,108,0,0,0,0,0
1515,2018,Uttar Pradesh,9,Hamirpur,149,Hamirpur,0,16,8,0,0,0,61,0,0,0,32,0,0,0,0,0,0,0,17,80,0,25,35,0,0,52,0,0,0,0,0,0,0,0,0,0,0,0,0,0,0,0
1516,2018,Uttar Pradesh,9,Hapur,661,Hapur,0,20,0,0,0,0,76,69,0,0,70,0,0,0,0,0,0,0,34,0,19,7,71,5,0,39,0,0,0,0,0,0,0,0,0,22,39,4,0,0,0,0
1517,2018,Uttar Pradesh,9,Hardoi,150,Hardoi,0,75,0,0,0,0,416,122,58,0,132,0,0,0,0,0,0,0,32,0,0,43,286,0,0,0,9,0,0,0,0,0,0,0,0,64,25,0,0,0,0,0
1518,2018,Uttar Pradesh,9,Hathras,163,Hathras,1,24,5,0,0,0,155,141,0,0,20,0,0,0,0,0,0,0,13,0,2,19,100,0,0,50,0,0,0,0,0,0,0,7,0,17,50,0,0,0,0,0
1519,2018,Uttar Pradesh,9,Jalaun,151,Jalaun,0,31,1,0,0,0,86,86,0,0,38,0,0,0,0,0,0,0,9,0,5,14,47,1,0,72,31,0,0,0,0,0,0,0,0,4,42,1,0,0,0,0
1520,2018,Uttar Pradesh,9,Jaunpur,152,Jaunpur,1,44,11,0,0,0,82,344,0,0,0,0,0,0,0,0,0,0,41,0,0,33,94,0,0,18,0,1,0,0,0,0,0,0,0,42,78,3,0,18,0,0
1521,2018,Uttar Pradesh,9,Jhansi,153,Jhansi,0,26,12,0,1,0,187,17,0,0,42,0,0,0,0,0,0,0,22,89,1,11,153,0,0,33,0,0,0,0,0,0,0,0,0,12,69,4,0,0,0,0
1522,2018,Uttar Pradesh,9,Kannauj,155,Kannauj,0,28,0,0,0,0,0,14,0,0,86,0,0,0,0,0,0,0,36,0,0,0,115,0,0,0,164,0,0,0,0,0,0,0,0,0,37,0,0,0,0,0
1523,2018,Uttar Pradesh,9,Kanpur Dehat,156,Kanpur Dehat,0,26,7,4,0,0,172,0,0,0,179,0,0,0,0,0,0,0,10,36,10,15,129,1,4,55,2,0,0,0,0,0,0,0,0,48,58,0,0,0,0,0
1524,2018,Uttar Pradesh,9,Kanpur Nagar,157,Kanpur Nagar,0,66,0,0,0,0,816,0,0,0,470,0,0,0,0,0,0,0,88,93,2,0,433,0,1,0,0,1,0,0,0,0,0,0,0,53,112,9,0,0,4,0
1525,2018,Uttar Pradesh,9,Kasganj,633,Kasganj,1,29,3,0,1,0,90,0,0,0,0,0,0,0,0,1,0,0,34,143,0,0,131,0,0,0,0,0,0,0,0,0,0,0,0,18,19,0,0,0,0,0
1526,2018,Uttar Pradesh,9,Kaushambi,158,Kaushambi,3,33,0,0,1,0,97,92,0,0,47,0,0,0,0,0,0,0,14,0,0,5,25,0,0,58,0,0,0,0,0,0,0,0,0,0,0,0,0,0,0,0
1527,2018,Uttar Pradesh,9,Kheri,159,Khiri,2,64,0,0,0,0,168,58,0,0,323,0,0,0,0,0,0,0,30,0,0,27,227,0,0,33,0,0,0,0,0,0,0,0,0,30,50,0,0,0,0,0
1528,2018,Uttar Pradesh,9,Kushinagar,160,Kushi Nagar,0,18,0,0,0,0,32,11,2,0,89,0,0,0,0,0,0,0,20,147,41,23,72,10,0,34,0,0,0,0,0,0,0,0,0,7,22,0,0,0,0,0
1529,2018,Uttar Pradesh,9,Lalitpur,161,Lalitpur,0,19,0,0,0,0,50,15,0,0,69,0,0,0,0,0,0,0,25,0,0,13,72,0,0,66,0,0,0,0,0,0,0,0,0,11,55,0,0,0,0,0
1530,2018,Uttar Pradesh,9,Lucknow,162,Lucknow,1,36,8,4,0,0,1434,310,0,0,169,0,0,0,0,3,2,0,148,58,15,0,646,0,0,0,79,4,0,0,0,0,0,0,0,60,98,15,0,4,0,3
1531,2018,Uttar Pradesh,9,Mahrajganj,164,Maharajganj,0,26,15,0,0,0,52,6,0,0,2,0,0,0,16,0,0,0,3,0,0,0,12,0,0,0,0,1,0,0,0,0,0,6,0,22,96,2,0,123,0,0
1532,2018,Uttar Pradesh,9,Mahoba,165,Mahoba,0,19,1,0,0,0,25,11,0,0,53,0,0,0,0,0,0,0,17,34,0,19,82,0,1,46,4,0,0,0,0,0,0,0,0,19,78,0,0,0,0,0
1533,2018,Uttar Pradesh,9,Mainpuri,166,Mainpuri,1,37,0,1,0,0,158,0,0,0,78,0,0,0,0,0,0,0,10,100,0,24,67,0,0,72,37,0,0,0,0,0,0,0,0,12,0,0,0,0,0,0
1534,2018,Uttar Pradesh,9,Mathura,167,Mathura,0,40,11,0,0,0,229,0,0,0,269,0,0,0,0,0,0,0,68,0,13,20,250,0,0,0,0,0,0,0,0,0,0,0,0,3,28,0,0,0,0,0
1535,2018,Uttar Pradesh,9,Mau,168,Mau,0,15,0,0,0,0,17,0,0,0,47,0,0,0,0,0,0,0,7,48,4,4,25,1,0,15,77,0,0,0,0,0,0,0,0,6,4,0,0,2,0,0
1536,2018,Uttar Pradesh,9,Meerut,169,Meerut,0,35,0,0,2,0,544,122,0,0,34,0,0,0,0,0,0,0,86,16,94,25,121,9,2,129,0,0,0,0,0,0,0,0,0,12,13,0,0,0,0,0
1537,2018,Uttar Pradesh,9,Mirzapur,170,Mirzapur,0,28,1,0,1,0,38,0,0,0,11,0,0,0,0,0,0,0,23,7,2,11,8,0,0,4,0,0,0,0,0,0,0,0,1,5,4,0,0,0,0,0
1538,2018,Uttar Pradesh,9,Moradabad,171,Moradabad,1,36,0,0,3,0,385,0,0,0,0,0,0,0,0,0,0,0,51,268,30,47,253,15,2,54,0,0,0,0,0,0,0,9,0,44,67,2,1,7,0,0
1539,2018,Uttar Pradesh,9,Muzaffarnagar,172,Muzaffarnagar,0,22,0,0,2,0,112,0,0,0,120,0,0,0,0,0,0,0,53,117,4,8,130,0,0,0,0,0,0,1,0,0,0,0,0,28,15,2,0,0,0,0
1540,2018,Uttar Pradesh,9,Pilibhit,173,Pilibhit,0,38,4,0,1,0,275,0,0,0,212,0,0,0,0,0,0,0,46,0,19,2,150,0,0,0,14,0,0,0,0,0,0,0,0,13,69,2,0,0,0,0
1541,2018,Uttar Pradesh,9,Pratapgarh,174,Pratapgarh,0,32,1,6,0,0,235,6,0,0,272,0,0,0,0,0,0,0,37,0,0,17,107,0,0,36,0,0,0,0,0,0,0,0,0,0,0,0,0,0,0,0
1542,2018,Uttar Pradesh,9,Rae Bareli,175,Raibareilly,1,28,0,0,0,0,0,0,0,0,272,0,0,0,0,0,0,0,62,0,13,0,165,0,0,0,144,0,0,0,0,0,0,0,0,8,29,0,0,0,0,0
1543,2018,Uttar Pradesh,9,Rampur,176,Rampur,2,13,5,0,0,0,0,0,0,0,157,0,0,0,0,0,0,0,52,42,5,0,136,0,0,10,421,0,0,0,0,0,0,0,1,25,23,0,0,0,0,0
1544,2018,Uttar Pradesh,9,Saharanpur,177,Saharanpur,2,28,0,0,0,0,117,35,0,0,80,0,0,0,0,0,0,0,20,19,0,26,112,0,1,48,0,0,0,0,0,0,0,0,0,68,49,1,0,9,4,0
1545,2018,Uttar Pradesh,9,Sambhal,659,Sambhal,1,22,0,0,0,0,133,0,0,0,101,0,0,0,0,2,0,0,22,91,5,28,116,4,0,66,42,0,0,0,0,0,0,2,3,28,48,1,0,0,0,0
1546,2018,Uttar Pradesh,9,Sant Kabir Nagar,178,Sant Kabirnagar,0,15,5,0,0,0,79,0,0,0,21,0,0,0,0,0,0,0,27,95,4,10,21,0,0,76,0,0,0,0,0,0,0,0,0,19,38,0,0,10,0,0
1547,2018,Uttar Pradesh,9,Shahjahanpur,180,Shahjahanpur,0,55,0,0,0,0,230,0,0,0,168,0,0,0,0,0,0,0,17,16,12,25,54,0,0,59,376,0,0,0,0,0,0,0,0,74,0,0,0,0,0,0
1548,2018,Uttar Pradesh,9,Shamli,660,Shamli,0,8,0,0,0,0,119,0,0,0,90,0,0,0,0,0,0,0,27,25,0,17,102,0,0,0,0,0,0,0,0,0,0,0,0,35,50,0,0,1,0,0
1549,2018,Uttar Pradesh,9,Shrawasti,181,Shrawasti,0,13,4,0,1,0,3,0,0,0,53,0,0,0,0,0,0,0,13,5,4,8,24,0,0,8,112,0,0,0,0,0,0,0,0,0,1,0,0,0,0,0
1550,2018,Uttar Pradesh,9,Siddharthnagar,182,Sidharthnagar,0,14,4,0,0,0,5,4,0,0,33,0,0,0,0,0,0,0,12,101,0,25,80,0,0,0,41,0,0,0,0,0,0,0,0,16,39,0,0,0,0,0
1551,2018,Uttar Pradesh,9,Sitapur,183,Sitapur,0,84,0,0,0,0,252,0,0,0,27,0,0,0,0,0,0,0,149,363,0,41,146,0,0,193,252,0,0,0,0,0,0,2,0,235,0,0,0,0,0,0
1552,2018,Uttar Pradesh,9,Sonbhadra,184,Sonbhadra,0,15,14,0,0,0,6,0,0,0,0,0,0,0,0,0,0,0,20,67,0,34,63,0,0,0,49,0,0,0,0,0,0,0,0,0,0,0,0,0,0,0
1553,2018,Uttar Pradesh,9,Bhadohi,179,Bhadohi,0,10,7,0,0,0,5,12,0,0,42,0,0,0,0,0,0,0,2,0,0,12,10,0,0,20,69,0,0,0,0,0,0,0,0,8,0,0,0,0,0,0
1554,2018,Uttar Pradesh,9,Sultanpur,185,Sultanpur,0,22,9,0,0,0,34,0,0,0,83,0,0,0,0,0,0,0,22,144,5,22,96,2,0,40,176,0,0,0,0,0,0,0,0,12,22,0,0,0,0,0
1555,2018,Uttar Pradesh,9,Unnao,186,Unnao,0,58,2,0,1,0,280,80,39,0,197,0,0,0,0,0,0,0,29,116,0,47,104,0,0,117,0,0,0,0,0,0,0,1,3,0,80,0,0,0,0,0
1556,2018,Uttar Pradesh,9,Varanasi,187,Varanasi,2,36,5,1,0,0,539,0,0,0,113,0,0,0,0,0,0,0,28,124,0,58,93,36,0,116,0,0,0,0,0,0,0,31,0,58,125,5,0,0,0,0
1557,2018,Uttarakhand,5,Almora,45,Almora,0,1,1,0,0,0,5,2,0,0,0,0,0,0,12,0,0,0,1,0,0,9,12,0,2,3,0,0,0,0,0,0,0,0,0,0,0,0,0,0,0,0
1558,2018,Uttarakhand,5,Bageshwar,46,Bageshwar,0,1,1,0,0,0,0,0,0,0,1,0,1,0,10,1,0,0,1,1,0,4,7,0,0,1,0,0,0,0,0,0,0,0,0,0,0,0,0,0,0,0
1559,2018,Uttarakhand,5,Chamoli,47,Chamoli,0,1,0,0,0,0,0,0,0,0,0,0,0,0,0,0,0,0,2,0,1,0,3,0,0,0,1,0,0,0,0,0,0,0,0,6,0,0,0,0,0,0
1560,2018,Uttarakhand,5,Champawat,48,Champawat,0,2,0,0,0,0,0,0,0,0,0,0,1,0,11,0,0,0,5,0,0,8,5,0,0,1,0,0,0,0,0,0,0,0,0,0,0,0,0,0,0,0
1561,2018,Uttarakhand,5,Dehradun,49,Dehradun,0,12,0,0,0,0,216,0,0,0,38,0,0,0,0,0,0,0,88,51,0,60,103,0,0,0,0,0,0,0,0,0,0,7,12,0,0,0,0,0,0,0
1562,2018,Uttarakhand,5,Haridwar,50,Haridwar,1,22,5,0,1,0,201,117,0,0,0,0,0,0,33,0,2,0,56,0,7,99,151,5,5,44,0,0,0,0,0,0,0,0,10,93,0,0,0,0,0,0
1563,2018,Uttarakhand,5,Nainital,51,Nainital,0,7,3,0,0,0,49,7,0,0,8,0,1,0,60,0,0,0,11,5,1,37,34,2,0,14,0,0,0,0,0,0,0,2,0,39,15,4,0,1,0,0
1564,2018,Uttarakhand,5,Pauri Garhwal,52,Pauri Garhwal,1,1,2,0,0,0,18,3,0,0,1,0,1,0,19,0,0,0,5,0,0,0,11,0,0,0,0,0,0,0,0,0,0,0,1,1,0,0,0,1,6,0
1565,2018,Uttarakhand,5,Pithoragarh,53,Pithoragarh,0,2,5,0,0,0,11,2,0,0,0,0,0,0,25,0,1,0,5,0,3,0,11,0,0,0,0,0,0,0,0,0,0,1,0,8,3,0,2,0,0,0
1566,2018,Uttarakhand,5,Rudra Prayag,54,Rudra Prayag,0,0,0,0,0,0,2,0,0,0,0,0,0,0,0,0,0,0,3,0,0,0,1,0,0,0,0,0,0,0,0,0,0,0,0,2,0,0,0,0,0,0
1567,2018,Uttarakhand,5,Tehri Garhwal,55,Tehri Garhwal,0,3,0,0,0,0,1,0,0,0,6,0,0,0,0,0,0,0,7,0,0,0,0,0,0,0,0,0,0,0,0,0,0,0,0,3,0,0,0,0,0,0
1568,2018,Uttarakhand,5,Uttar Kashi,57,Uttarkashi,0,0,3,0,0,0,17,4,0,0,1,0,0,0,0,0,0,0,0,0,0,0,5,0,0,0,1,0,0,0,0,0,0,0,1,6,3,0,0,0,0,0
1569,2018,Uttarakhand,5,Dehradun,49,Grp,0,0,0,0,0,0,0,0,0,0,0,0,0,0,2,0,0,0,0,0,0,0,2,0,0,0,0,0,0,0,0,0,0,0,0,0,0,0,0,0,0,0
1570,2018,West Bengal,19,Alipurduar,664,Alipurduar,0,10,22,0,0,0,160,128,0,0,0,0,0,0,2,1,0,0,35,3,27,0,42,0,3,0,0,0,0,0,0,1,0,0,0,46,35,2,0,0,0,0
1571,2018,West Bengal,19,Paschim Bardhaman,704,Asansol-Durgapur Pc,1,12,16,0,1,0,517,23,2,0,9,0,0,0,0,0,0,0,15,4,10,0,52,0,2,0,0,0,0,0,0,1,0,0,0,26,17,0,0,0,0,0
1572,2018,West Bengal,19,Bankura,305,Bankura,1,18,11,1,0,0,189,20,0,0,2,0,3,0,11,0,0,0,13,28,10,0,39,0,14,0,0,0,0,2,0,0,0,0,0,20,11,0,0,0,0,0
1573,2018,West Bengal,19,North 24 Parganas,303,Barrackpur Pc,0,18,12,3,1,2,1338,53,0,0,21,0,3,0,40,3,1,0,54,27,29,0,553,0,20,0,0,0,0,0,0,2,0,0,7,47,30,9,0,0,0,0
1574,2018,West Bengal,19,North 24 Parganas,303,Bidhannagar Pc,0,3,6,0,1,0,219,32,0,0,0,0,1,0,0,3,0,0,6,17,3,0,69,0,5,0,0,0,0,0,0,2,0,0,0,20,5,3,0,0,0,0
1575,2018,West Bengal,19,Birbhum,307,Birbhum,1,9,16,0,1,1,228,48,0,0,4,0,4,0,0,1,1,0,49,27,33,2,52,0,0,2,0,0,0,0,0,5,0,0,0,45,24,34,0,0,0,0
1576,2018,West Bengal,19,Cooch Behar,308,Coochbehar,0,28,19,6,0,1,337,42,0,0,0,0,0,0,236,0,0,0,47,0,31,0,51,0,1,0,0,0,0,0,0,0,0,0,0,35,18,0,0,0,0,0
1577,2018,West Bengal,19,Dakshin Dinajpur,310,Dakshin Dinajpur,0,9,0,0,0,0,67,8,0,0,0,0,1,0,44,0,0,0,13,0,18,0,38,0,0,0,0,0,0,0,0,2,0,0,0,15,1,0,0,0,0,0
1578,2018,West Bengal,19,Darjeeling,309,Darjeeling,0,5,0,0,0,0,84,36,0,0,0,0,0,0,0,0,0,0,8,0,11,0,68,0,1,0,5,0,0,0,0,0,0,0,0,26,12,2,0,0,0,0
1579,2018,West Bengal,19,Hooghly,312,Hooghly Rural Police,0,21,38,0,4,0,535,89,0,1,2,0,0,0,4,0,0,0,17,28,12,0,58,0,0,0,0,0,0,0,0,4,0,0,0,32,34,0,0,0,0,0
1580,2018,West Bengal,19,Howrah,313,Howrah Grp,0,1,4,0,0,0,0,1,0,0,0,0,0,0,1,2,0,0,0,0,0,0,11,0,0,0,0,0,0,0,0,0,0,0,0,1,0,0,0,0,0,0
1581,2018,West Bengal,19,Howrah,313,Howrah Pc,0,7,7,0,0,0,354,25,0,0,3,0,1,0,13,7,0,0,11,0,6,0,72,0,14,0,0,0,0,0,0,0,0,0,0,22,25,8,0,0,0,0
1582,2018,West Bengal,19,Howrah,313,Howrah Rural,1,5,7,0,1,1,689,27,0,0,0,0,1,0,0,1,0,0,15,1,18,0,49,0,1,0,0,0,0,0,0,1,0,0,0,27,9,2,0,1,0,0
1583,2018,West Bengal,19,Jalpaiguri,314,Jalpaiguri,0,20,5,0,2,0,125,114,0,0,0,0,1,0,7,1,0,0,32,0,28,0,71,0,1,0,0,0,0,0,0,0,0,0,0,66,31,18,0,0,0,0
1584,2018,West Bengal,19,Jhargram,703,Jhargram,0,2,5,0,0,0,72,31,0,0,1,0,0,0,0,0,0,0,8,3,4,0,41,0,1,0,0,0,0,0,0,0,0,0,1,14,13,1,0,1,0,0
1585,2018,West Bengal,19,Paschim Medinipur,318,Kharagpur Grp,0,0,0,0,0,0,1,0,0,0,0,0,0,0,0,0,0,0,0,0,0,0,1,0,0,0,0,0,0,0,0,0,0,0,0,0,0,0,0,0,0,0
1586,2018,West Bengal,19,Kolkata,315,Kolkata,0,7,27,0,1,2,946,227,2,0,9,0,54,1,4,2,0,0,14,13,0,0,372,0,232,0,0,0,0,0,0,35,0,1,0,107,77,38,4,1,0,0
1587,2018,West Bengal,19,Malda,316,Malda,0,15,45,8,0,0,883,197,0,0,1,0,0,0,4,2,0,0,77,0,66,2,225,0,8,14,0,0,0,0,0,0,0,0,0,98,44,19,17,18,0,0
1588,2018,West Bengal,19,Murshidabad,319,Murshidabad,0,39,14,4,3,1,1206,141,2,0,33,0,5,0,17,5,1,0,192,56,255,0,150,0,6,0,0,0,0,0,0,12,0,1,0,141,38,18,0,3,0,0
1589,2018,West Bengal,19,Nadia,320,Nadia,0,49,22,0,5,0,883,134,0,0,20,0,2,0,12,1,1,0,42,105,107,0,93,0,0,0,0,0,0,0,0,7,0,0,0,60,27,0,0,0,0,0
1590,2018,West Bengal,19,Paschim Medinipur,318,Paschim Medinipur,0,9,16,0,0,0,447,20,0,0,0,0,0,0,104,0,0,0,50,0,30,0,306,0,8,0,0,0,0,0,0,1,4,0,0,52,29,5,0,0,0,0
1591,2018,West Bengal,19,Purba Medinipur,317,Purab Medinipur,1,12,18,2,5,0,697,129,1,0,21,0,6,0,4,5,0,0,42,2,31,0,94,0,3,0,0,0,0,0,0,0,0,0,0,16,22,0,0,0,0,0
1592,2018,West Bengal,19,Purulia,321,Purulia,1,4,8,0,0,0,166,49,0,0,0,0,0,0,0,0,0,0,9,0,13,0,104,0,2,0,0,0,0,0,0,0,0,0,0,13,9,1,0,0,0,0
1593,2018,West Bengal,19,Kolkata,315,Sealdah Grp,0,1,2,0,0,0,2,2,0,0,0,0,1,0,0,0,0,0,1,0,0,0,11,0,3,0,0,0,0,0,0,0,0,0,0,2,2,1,0,0,0,0
1594,2018,West Bengal,19,Darjeeling,309,Siliguri Grp,0,0,0,0,0,0,0,7,0,0,0,0,0,0,0,2,0,0,0,0,0,0,9,0,0,0,0,0,0,0,0,0,0,0,0,0,1,0,0,0,0,0
1595,2018,West Bengal,19,Darjeeling,309,Siliguri Pc,0,5,5,0,0,0,575,20,0,0,0,0,0,0,13,3,0,0,44,0,6,0,117,0,33,0,0,0,0,0,0,9,0,0,0,49,16,9,0,0,0,0
1596,2018,West Bengal,19,Uttar Dinajpur,311,Uttar Dinajpur,0,10,19,1,1,0,244,29,0,0,0,0,0,0,120,3,0,0,42,4,39,0,16,0,1,0,0,0,0,0,0,4,0,0,1,55,8,4,0,0,0,0
1597,2018,West Bengal,19,South 24 Parganas,304,Baruipur Police,0,31,11,0,2,0,1697,150,0,0,2,0,3,0,19,0,0,0,53,92,41,0,179,0,0,0,0,0,0,0,0,2,0,0,0,84,0,0,0,0,0,0
1598,2018,West Bengal,19,Hooghly,312,Chandannagar Pc,0,8,8,0,0,0,421,0,0,0,3,0,1,0,4,1,0,0,4,3,1,0,37,0,1,0,0,0,0,0,0,3,2,0,2,23,13,1,0,0,0,0
1599,2018,West Bengal,19,South 24 Parganas,304,Diamond Harbour Police,0,10,12,0,2,0,720,123,0,1,0,0,0,0,0,1,1,0,42,5,15,0,76,0,9,0,0,0,0,0,0,1,0,0,0,36,15,5,0,0,0,0
1600,2018,West Bengal,19,Kalimpong,702,Kalimpong,0,0,2,0,0,0,38,17,0,0,0,0,1,0,0,0,0,0,2,0,2,0,20,0,0,0,2,0,0,0,0,0,0,0,0,11,2,2,0,4,0,0
1601,2018,West Bengal,19,Purba Bardhaman,306,Purba Bardhaman,0,30,30,0,1,0,471,173,1,0,8,0,4,0,10,3,0,0,28,23,38,0,118,0,0,0,0,0,0,0,0,1,0,0,0,50,12,1,0,0,0,0
1602,2018,West Bengal,19,South 24 Parganas,304,Sundarban Police,0,10,5,2,1,0,631,9,0,0,1,0,0,0,20,0,3,0,16,14,13,0,25,0,1,0,0,0,0,0,0,0,0,0,0,25,21,3,0,0,0,0
1603,2018,West Bengal,19,North 24 Parganas,303,Barasat,0,24,33,0,2,0,1315,467,0,0,0,0,0,0,0,4,1,0,45,0,37,0,122,0,20,0,0,0,0,0,0,2,0,0,0,80,22,12,0,0,0,0
1604,2018,West Bengal,19,North 24 Parganas,303,Basirhat,0,12,0,0,2,1,694,260,0,0,22,0,0,0,9,1,0,0,39,0,10,0,42,0,1,0,0,0,0,0,0,0,0,0,0,21,2,3,0,0,0,0
1605,2018,Andaman And Nicobar Islands,35,South Andamans,602,South Andaman,0,0,1,0,0,0,1,0,0,0,0,0,0,0,0,0,0,0,8,0,0,12,19,0,3,7,0,0,0,0,0,0,0,1,0,12,12,1,0,0,0,0
1606,2018,Andaman And Nicobar Islands,35,Nicobars,603,Nicobar,0,0,0,0,0,0,0,0,0,0,0,0,0,0,0,0,0,0,0,0,0,0,0,0,0,0,0,0,0,0,0,0,0,0,0,20,1,0,0,0,0,0
1607,2018,Chandigarh,4,Chandigarh,44,Chandigarh,0,6,3,0,0,1,93,98,0,1,6,1,2,0,3,0,0,0,33,29,3,53,78,6,2,22,1,0,0,0,0,0,0,0,0,0,1,0,0,0,0,0
1608,2018,The Dadra And Nagar Haveli And Daman And Diu,38,Dadra And Nagar Haveli,465,Dadra And Nagar Haveli,0,0,1,0,0,0,1,0,0,0,0,0,0,0,0,0,0,0,7,0,0,0,6,0,2,0,0,0,0,0,0,0,0,0,0,18,2,1,0,0,0,0
1609,2018,The Dadra And Nagar Haveli And Daman And Diu,38,Daman,463,Daman,0,0,0,0,0,0,2,0,0,0,0,0,0,0,0,0,0,0,2,0,0,1,4,0,1,0,0,0,0,0,0,0,0,0,0,0,1,0,0,0,0,0
1610,2018,The Dadra And Nagar Haveli And Daman And Diu,38,Diu,464,Diu,0,0,0,0,0,0,2,0,0,0,0,0,0,0,0,0,0,0,0,0,0,0,1,0,0,0,0,0,0,0,0,0,0,0,0,0,1,1,0,0,0,0
1611,2018,Delhi,7,Central,77,Central,0,9,0,0,1,0,101,151,0,0,2,0,0,0,7,2,0,0,67,0,0,0,171,0,44,0,0,0,0,0,0,0,0,0,0,57,28,5,0,0,1,0
1612,2018,Delhi,7,North West,82,Crime Branch,0,0,0,0,0,0,0,0,0,0,0,0,0,0,0,0,0,0,2,0,0,0,1,0,0,0,0,0,0,0,0,0,0,0,0,0,0,0,0,0,0,0
1613,2018,Delhi,7,East,78,East,0,4,3,0,0,0,269,218,0,0,0,0,0,0,25,1,0,0,110,0,0,0,173,0,35,0,1,0,0,0,0,0,0,0,0,77,58,1,0,0,0,0
1614,2018,Delhi,7,New Delhi,79,Economic Offences Wing,0,0,0,0,0,0,0,0,0,0,0,0,0,0,0,0,0,0,0,0,0,0,0,0,0,0,0,0,0,0,0,0,0,0,0,0,0,0,0,0,0,0
1615,2018,Delhi,7,New Delhi,79,Igi Airport,0,0,0,0,0,0,0,0,0,0,0,0,0,0,0,0,0,0,0,0,1,0,14,0,7,0,0,0,0,0,0,0,0,0,0,0,1,2,0,0,0,0
1616,2018,Delhi,7,North West,82,Metro,0,0,0,0,0,0,0,1,0,0,0,0,0,0,0,0,0,0,0,0,0,0,18,0,10,0,0,0,0,0,0,0,0,0,0,0,0,1,0,0,0,0
1617,2018,Delhi,7,New Delhi,79,New Delhi,0,0,0,0,0,0,21,22,0,0,0,0,0,0,6,0,0,0,13,0,0,0,51,0,22,0,0,0,0,0,0,0,0,1,0,8,5,0,0,0,0,0
1618,2018,Delhi,7,North,80,North,0,3,1,1,0,0,164,138,0,0,0,0,0,0,7,0,0,0,52,0,0,0,138,0,22,0,0,0,0,0,0,0,0,2,0,26,19,2,0,0,0,0
1619,2018,Delhi,7,North East,81,North-East,0,18,4,0,0,1,287,332,0,0,0,0,0,0,18,0,0,0,81,1,1,0,180,0,8,0,0,0,0,0,0,0,0,0,1,71,58,2,0,0,0,0
1620,2018,Delhi,7,North West,82,North-West,1,14,3,0,2,1,353,316,0,0,1,0,0,0,6,11,0,0,138,0,0,0,191,0,24,0,0,0,0,0,0,0,0,3,0,93,71,4,0,0,0,0
1621,2018,Delhi,7,North West,82,Outer,0,24,5,2,1,3,409,472,0,1,2,0,0,0,45,4,0,0,108,0,0,0,274,0,37,0,4,0,0,0,0,0,0,1,3,122,97,19,0,0,0,0
1622,2018,Delhi,7,New Delhi,79,Railway,0,0,0,0,0,0,0,5,0,0,0,0,0,0,0,0,0,0,1,0,0,0,9,0,0,0,0,0,0,0,0,0,0,0,0,2,1,0,0,0,0,0
1623,2018,Delhi,7,South,83,South,0,15,5,0,0,0,250,290,0,0,0,0,0,0,0,0,0,0,95,0,2,0,212,0,49,0,3,0,0,0,0,0,0,1,0,57,36,3,0,0,0,0
1624,2018,Delhi,7,South East,670,South-East,0,16,2,1,0,1,174,299,0,0,0,0,0,0,13,0,0,0,105,0,3,0,244,0,57,0,2,0,0,0,0,0,1,2,0,83,54,4,0,0,0,0
1625,2018,Delhi,7,South West,84,South-West,0,7,0,0,0,0,109,182,0,0,0,0,0,0,47,2,0,0,95,0,1,0,199,0,63,0,1,0,0,0,0,0,0,0,1,66,42,1,0,0,0,0
1626,2018,Delhi,7,North West,82,Spl Cell,0,0,0,0,0,0,0,0,0,0,0,0,0,0,1,0,0,0,1,0,0,0,3,0,0,0,0,0,0,0,0,0,0,0,0,0,0,0,0,0,0,0
1627,2018,Delhi,7,New Delhi,79,Spuwac,0,0,0,0,0,0,87,0,0,0,0,0,0,0,0,0,0,0,0,0,0,0,0,0,0,0,0,0,0,0,0,0,0,0,0,0,0,0,0,0,0,0
1628,2018,Delhi,7,New Delhi,79,Vigilance,0,0,0,0,0,0,0,0,0,0,0,0,0,0,0,0,0,0,0,0,0,0,0,0,0,0,0,0,0,0,0,0,0,0,0,0,0,0,0,0,0,0
1629,2018,Delhi,7,West,85,West,1,7,5,0,0,2,381,199,0,0,0,0,0,0,10,7,0,0,92,0,1,0,216,0,55,0,0,1,0,0,0,0,1,0,0,77,38,1,0,0,0,0
1630,2018,Delhi,7,North West,82,Rohini,0,10,7,0,1,0,345,368,0,0,0,0,0,0,8,6,0,0,93,0,1,0,214,0,58,0,1,0,0,0,0,0,0,3,0,101,61,5,0,0,1,0
1631,2018,Delhi,7,Shahdara,671,Shahdara,1,8,4,0,0,1,162,155,0,0,3,0,1,0,9,2,0,0,59,1,0,0,152,0,33,0,3,0,0,0,0,0,0,0,0,42,45,4,0,0,0,0
1632,2018,Delhi,7,South West,84,Dwarka,0,18,5,0,0,1,304,332,0,0,0,0,0,0,21,0,0,0,103,0,1,0,245,0,28,0,0,0,0,0,0,0,0,0,0,101,67,16,0,0,0,0
1633,2018,Lakshadweep,31,Lakshadweep District,553,Lakshadweep,0,0,0,0,0,0,1,0,0,0,0,0,0,0,0,0,0,0,2,0,0,0,0,0,1,0,0,0,0,0,0,0,0,1,0,1,2,3,0,0,0,0
1634,2018,Puducherry,34,Karaikal,598,Karaikal,0,0,0,0,0,0,0,0,0,0,0,0,0,0,0,0,0,0,0,0,0,0,0,0,0,0,0,0,0,0,0,0,0,0,0,0,0,0,0,0,0,0
1635,2018,Puducherry,34,Pondicherry,600,Puducherry,0,0,1,0,0,0,8,14,0,0,0,9,0,0,0,0,0,0,0,0,9,0,60,0,0,0,5,4,0,0,0,0,0,0,0,47,9,0,0,0,0,0
1636,2019,Andhra Pradesh,28,Ananthapuramu,502,Anantapur,1,11,38,0,0,0,394,3,1,,9,0,13,0,0,3,0,0,28,18,20,55,311,4,70,29,1,9,0,3,0,0,0,1,3,1,2,1,0,0,0,0
1637,2019,Andhra Pradesh,28,Chittoor,503,Chittoor,0,4,35,0,0,0,274,1,0,,1,0,0,0,0,0,0,0,21,9,7,11,200,2,40,18,0,0,0,0,0,3,0,0,0,7,1,0,0,0,0,0
1638,2019,Andhra Pradesh,28,Y.S.R.,504,Cuddapah,1,7,16,0,0,1,337,1,0,,2,0,3,0,1,0,0,0,33,2,8,8,242,2,65,8,41,1,0,0,0,0,0,0,1,13,1,2,1,0,0,0
1639,2019,Andhra Pradesh,28,East Godavari,505,East Godavari,2,11,22,0,0,1,476,21,4,,1,3,1,0,1,1,0,0,51,4,5,41,331,1,45,18,1,0,0,0,0,1,0,2,0,5,6,1,0,0,0,0
1640,2019,Andhra Pradesh,28,Ananthapuramu,502,Guntakal Railway,0,0,2,0,0,0,1,0,0,,0,0,0,0,0,0,0,0,0,0,0,0,7,0,1,0,0,0,0,0,0,0,0,0,0,1,0,0,0,0,0,0
1641,2019,Andhra Pradesh,28,Guntur,506,Guntur,0,5,37,2,1,0,869,54,0,,1,2,13,0,0,1,0,0,29,11,15,75,375,11,354,49,0,0,0,0,0,3,0,1,5,0,0,0,0,0,0,0
1642,2019,Andhra Pradesh,28,Guntur,506,Guntur Urban,0,5,28,0,0,0,524,20,0,,0,6,1,0,1,6,0,0,14,1,2,38,194,2,78,22,0,16,0,0,0,0,0,2,2,0,0,1,0,0,0,0
1643,2019,Andhra Pradesh,28,Krishna,510,Krishna,0,11,22,2,0,0,791,102,0,,0,1,0,0,4,0,0,0,32,4,23,55,275,6,178,42,0,0,0,0,0,0,0,0,7,0,0,0,0,0,0,0
1644,2019,Andhra Pradesh,28,Kurnool,511,Kurnool,0,8,69,0,0,0,199,0,0,,11,0,3,0,0,0,0,0,18,1,5,38,402,1,364,0,400,0,0,0,0,16,0,0,0,38,14,28,0,0,0,0
1645,2019,Andhra Pradesh,28,Sri Potti Sriramulu Nellore,515,Nellore,1,2,15,0,0,0,447,4,0,,4,8,0,0,0,17,0,0,15,3,6,38,196,5,28,16,0,0,0,0,0,0,0,0,0,0,1,0,0,0,0,0
1646,2019,Andhra Pradesh,28,Prakasam,517,Prakasham,0,9,29,6,2,0,627,3,1,,1,0,5,0,2,0,0,0,31,2,21,0,191,0,118,0,0,0,0,0,0,0,0,0,0,65,8,39,0,0,0,0
1647,2019,Andhra Pradesh,28,East Godavari,505,Rajahmundry,0,2,11,0,0,0,238,7,0,,0,3,4,0,2,18,0,0,21,0,3,30,130,1,74,15,0,0,0,0,0,7,0,0,0,0,1,0,0,0,0,0
1648,2019,Andhra Pradesh,28,Srikakulam,519,Srikakulam,0,4,15,1,0,0,212,10,0,,2,0,1,0,0,4,0,0,19,2,0,32,143,0,43,15,0,0,0,0,0,1,0,0,0,0,0,0,0,0,0,0
1649,2019,Andhra Pradesh,28,Tirupati,752,Tirupathi Urban,0,2,5,0,0,0,89,1,0,,2,0,0,0,0,0,0,0,5,1,3,16,70,0,0,10,0,0,0,0,0,1,0,0,2,0,0,0,0,0,0,0
1650,2019,Andhra Pradesh,28,Ntr,749,Vijayawada City,1,5,2,0,0,0,594,21,0,,0,3,4,1,5,14,0,0,22,4,2,35,175,5,100,41,0,1,0,0,0,0,0,3,4,0,0,0,0,0,0,0
1651,2019,Andhra Pradesh,28,Ntr,749,Vijayawada Railway,0,0,2,0,0,0,0,0,0,,0,0,0,0,0,0,0,0,1,0,0,0,7,0,3,0,0,0,0,0,0,0,0,0,0,0,0,0,0,0,0,0
1652,2019,Andhra Pradesh,28,Visakhapatnam,520,Visakha Rural,0,6,17,0,0,0,141,33,0,,0,0,0,0,0,0,0,0,23,0,0,21,145,1,0,10,0,0,0,0,0,0,0,0,0,0,0,0,0,0,0,0
1653,2019,Andhra Pradesh,28,Visakhapatnam,520,Visakhapatnam,0,9,8,0,0,0,585,67,1,,0,0,0,0,1,4,0,0,72,0,1,26,235,0,137,17,26,0,0,0,0,3,0,0,1,21,3,0,0,0,0,0
1654,2019,Andhra Pradesh,28,Vizianagaram,521,Vizianagaram,0,4,12,2,0,1,274,12,0,,0,8,0,0,0,0,0,0,42,0,0,25,115,0,46,2,1,0,0,0,0,0,0,2,0,27,1,13,0,0,0,0
1655,2019,Andhra Pradesh,28,West Godavari,523,West Godavari,0,7,22,0,0,0,779,21,0,,6,4,0,0,24,1,0,0,65,3,11,0,388,4,110,0,2,1,1,2,0,19,0,0,0,85,24,87,0,0,0,0
1656,2019,Arunachal Pradesh,12,Anjaw,628,Anjaw,0,0,0,0,0,0,0,0,0,,0,0,3,0,0,0,0,0,0,0,0,0,0,0,0,0,0,0,0,0,0,0,0,0,0,0,0,0,0,0,0,0
1657,2019,Arunachal Pradesh,12,Changlang,229,Changlang,0,0,1,0,0,0,3,1,0,,1,0,0,0,0,1,0,0,2,0,0,3,2,0,0,0,0,0,0,0,0,0,0,1,0,0,0,0,0,0,0,0
1658,2019,Arunachal Pradesh,12,Papum Pare,237,Crime Branch,0,0,0,0,0,0,0,0,0,,0,0,0,0,0,0,0,0,0,0,0,0,1,0,0,0,0,0,0,0,0,0,0,0,0,0,0,0,0,0,0,0
1659,2019,Arunachal Pradesh,12,Dibang Valley,230,Dibang Valley,0,0,0,0,0,0,0,0,0,,0,0,0,0,0,0,0,0,0,0,0,0,0,0,0,0,0,0,0,0,0,0,0,0,0,0,0,0,0,0,0,0
1660,2019,Arunachal Pradesh,12,East Kameng,231,Kameng East,0,0,0,0,0,0,3,0,0,,0,0,0,0,0,0,0,0,0,0,0,0,3,0,0,0,0,0,0,0,0,0,0,0,0,5,0,0,0,0,0,0
1661,2019,Arunachal Pradesh,12,West Kameng,242,Kameng West,0,0,0,0,0,0,1,1,0,,0,0,0,0,0,0,0,0,2,0,0,0,5,0,0,0,0,0,0,0,0,0,0,0,0,0,1,0,0,0,0,0
1662,2019,Arunachal Pradesh,12,Kurung Kumey,233,Kurung Kumey,0,0,0,0,0,0,0,0,0,,0,0,0,0,0,0,0,0,3,0,0,0,0,0,0,0,0,0,0,0,0,0,0,0,0,0,0,0,0,0,0,0
1663,2019,Arunachal Pradesh,12,Lohit,234,Lohit,0,1,0,0,0,0,3,6,0,,0,0,0,0,0,0,0,0,1,0,0,2,3,0,0,2,0,0,0,0,0,0,0,0,0,0,0,0,0,0,0,0
1664,2019,Arunachal Pradesh,12,Longding,666,Longding,0,0,0,0,0,0,3,0,0,,0,0,0,0,0,0,0,0,3,0,0,3,3,0,0,0,0,0,0,0,0,0,0,0,0,0,0,0,0,0,0,0
1665,2019,Arunachal Pradesh,12,Lower Dibang Valley,235,Lower Dibang Valley,0,0,0,0,0,0,0,0,0,,0,0,0,0,0,0,0,0,0,0,0,0,0,0,0,0,0,0,0,0,0,0,0,0,0,1,1,0,0,0,0,0
1666,2019,Arunachal Pradesh,12,Papum Pare,237,Papum Pare City,0,0,1,0,0,0,23,25,0,,3,0,1,0,1,0,0,0,16,0,1,1,15,0,6,0,0,0,0,0,0,0,0,3,0,9,6,0,0,0,0,0
1667,2019,Arunachal Pradesh,12,Papum Pare,237,Papum Pare Rural,0,0,0,0,0,0,0,0,0,,0,0,0,0,0,0,0,0,0,0,0,1,0,0,0,0,0,0,0,0,0,0,0,0,0,1,0,0,0,0,0,0
1668,2019,Arunachal Pradesh,12,Lower Subansiri,236,Subansiri Lower,0,0,0,0,0,0,0,0,0,,0,0,0,0,0,0,0,0,0,0,0,0,0,0,0,0,0,0,0,0,0,0,0,0,0,0,0,0,0,0,0,0
1669,2019,Arunachal Pradesh,12,Upper Subansiri,241,Subansiri Upper,0,0,1,0,0,0,5,0,0,,0,0,0,0,0,0,0,0,3,0,0,0,10,1,0,0,0,0,0,0,0,0,0,0,0,2,2,0,0,0,0,0
1670,2019,Arunachal Pradesh,12,Tawang,238,Tawang,0,0,0,0,0,0,0,0,0,,0,0,0,0,0,0,0,0,1,0,0,0,3,0,0,0,0,0,0,0,0,0,0,0,0,0,0,0,0,0,0,0
1671,2019,Arunachal Pradesh,12,Tirap,239,Tirap,0,0,0,0,0,0,1,0,0,,0,0,0,0,0,0,0,0,0,0,0,0,2,0,0,0,0,0,0,0,0,0,0,0,0,1,0,0,0,0,0,0
1672,2019,Arunachal Pradesh,12,Namsai,678,Namsai,1,0,0,0,0,0,0,1,0,,1,0,0,0,1,0,0,0,3,0,0,1,2,0,0,0,0,0,0,0,0,0,0,0,0,1,0,0,0,0,0,0
1673,2019,Arunachal Pradesh,12,Siang,679,Siang,0,0,0,0,0,0,0,0,0,,0,0,0,0,1,0,0,0,0,1,0,0,2,0,0,0,0,0,0,0,0,0,0,0,0,0,0,0,0,0,0,0
1674,2019,Arunachal Pradesh,12,Kamle,718,Kamle,0,0,0,0,0,0,0,0,0,,0,0,0,0,1,0,0,0,0,0,0,0,0,0,0,0,0,0,0,0,0,0,0,0,0,0,0,0,0,0,0,0
1675,2019,Arunachal Pradesh,12,Kra Daadi,677,Kra Dadi,0,0,0,0,0,0,0,0,0,,0,0,0,0,0,0,0,0,0,0,0,2,0,0,0,0,0,0,0,0,0,0,0,0,0,0,0,0,0,0,0,0
1676,2019,Arunachal Pradesh,12,Lower Siang,719,Lower Siang,0,0,0,0,0,0,2,0,0,,0,0,0,0,0,0,0,0,1,0,0,0,2,0,0,0,0,0,0,0,0,0,0,0,0,0,0,0,0,0,0,0
1677,2019,Arunachal Pradesh,12,Leparada,724,Leparada,0,0,0,0,0,0,0,0,0,,0,0,0,0,0,0,0,0,0,0,0,0,3,0,0,0,0,0,0,0,0,0,0,0,0,0,0,0,0,0,0,0
1678,2019,Arunachal Pradesh,12,Shi Yomi,725,Shiyomi,0,0,0,0,0,0,0,0,0,,1,0,0,0,0,0,0,0,0,0,0,0,0,0,0,0,0,0,0,0,0,0,0,0,0,0,0,0,0,0,0,0
1679,2019,Assam,18,Kamrup Metro,618,Bieo,0,0,0,0,0,0,0,0,0,,0,0,0,0,0,0,0,0,0,0,0,0,0,0,0,0,0,0,0,0,0,0,0,0,0,0,0,0,0,0,0,0
1680,2019,Assam,18,Barpeta,280,Barpeta,0,15,0,0,1,0,0,0,0,,270,0,73,0,0,15,0,0,137,120,0,0,557,0,0,0,994,0,0,0,0,0,0,0,0,102,12,0,0,0,0,0
1681,2019,Assam,18,Baksa,616,Baksa,0,5,0,0,0,0,152,0,0,,99,0,41,0,1,0,0,0,31,0,11,0,108,0,0,0,21,0,0,0,0,0,0,2,0,27,17,0,0,2,0,0
1682,2019,Assam,18,Bongaigaon,281,Bongaigaon,0,3,0,0,0,0,319,13,2,,107,0,68,0,0,0,0,0,61,0,25,0,114,0,0,21,0,0,0,0,0,0,0,0,0,42,9,6,0,0,0,0
1683,2019,Assam,18,Kamrup Metro,618,Cid,0,0,0,0,0,0,0,0,0,,0,0,0,0,0,0,0,0,0,0,0,0,0,0,0,0,0,0,0,0,0,0,0,0,0,0,0,0,0,0,0,0
1684,2019,Assam,18,Cachar,282,Cachar,0,20,3,0,0,0,664,21,0,,0,0,295,0,0,0,0,0,58,0,1,0,49,0,0,0,0,0,0,0,0,0,0,0,0,54,0,0,0,0,0,0
1685,2019,Assam,18,Chirang,612,Chirang,0,5,0,0,0,0,115,0,0,,108,0,0,0,0,2,0,0,19,0,1,0,18,0,1,0,0,0,0,0,0,0,0,0,0,40,0,0,0,0,0,0
1686,2019,Assam,18,Darrang,283,Darrang,0,15,0,0,0,0,664,45,0,,183,0,0,0,49,7,0,0,97,63,33,0,248,0,0,0,15,0,0,0,0,0,0,48,0,48,10,6,0,0,0,0
1687,2019,Assam,18,Dhemaji,284,Dhemaji,0,6,4,0,0,0,139,3,0,,57,0,13,0,6,1,0,0,27,26,3,0,83,0,1,0,4,0,0,0,0,0,0,0,0,29,12,0,0,0,0,0
1688,2019,Assam,18,Dhubri,285,Dhubri,0,12,0,1,0,0,1230,29,0,,169,0,98,0,151,2,0,0,111,0,98,0,716,0,10,0,5,0,0,0,0,2,0,0,0,105,26,20,0,0,0,0
1689,2019,Assam,18,Dibrugarh,286,Dibrugarh,0,6,0,0,0,0,396,0,0,,194,0,2,0,0,1,0,0,41,0,4,0,81,0,0,0,81,0,0,0,0,0,0,5,12,53,19,3,0,0,0,0
1690,2019,Assam,18,Kamrup Metro,618,Grp,0,0,0,0,0,0,0,0,0,,4,0,0,0,0,13,0,0,1,0,0,0,15,0,0,1,0,0,0,0,0,0,0,0,0,0,0,0,0,0,0,0
1691,2019,Assam,18,Goalpara,287,Goalpara,0,6,0,0,0,0,394,0,0,,41,0,90,0,80,4,0,0,40,0,19,0,123,0,0,0,0,0,0,0,0,0,0,0,0,21,16,16,0,0,0,0
1692,2019,Assam,18,Golaghat,288,Golaghat,0,5,0,0,0,0,406,55,0,,184,0,8,0,19,4,0,0,34,36,6,0,64,0,0,0,0,0,0,0,0,0,0,0,0,38,14,1,0,0,0,0
1693,2019,Assam,18,Kamrup Metro,618,Guwahati City,1,8,8,0,0,1,878,133,0,,267,0,35,0,38,17,2,0,72,0,11,0,342,0,0,0,42,0,0,0,0,6,0,8,162,51,41,19,0,0,0,0
1694,2019,Assam,18,Hailakandi,289,Hailakandi,0,6,0,0,0,0,436,0,0,,112,0,15,0,0,0,0,0,145,0,23,0,214,0,0,0,0,0,0,0,0,0,0,0,0,25,12,4,0,0,0,0
1695,2019,Assam,18,West Karbi Anglong,710,Hamren,0,0,0,0,0,0,6,0,0,,0,0,0,0,0,3,0,0,6,0,0,0,10,0,0,0,0,0,0,0,0,0,0,0,0,0,0,0,0,0,0,0
1696,2019,Assam,18,Jorhat,290,Jorhat,0,0,0,0,0,0,618,0,0,,147,0,62,0,0,0,0,0,30,0,20,0,191,0,0,0,0,0,0,0,0,0,0,0,0,27,13,8,0,6,0,0
1697,2019,Assam,18,Kamrup,291,Kamrup,5,10,0,0,0,0,553,59,7,,124,0,0,0,167,10,0,0,130,37,17,0,271,0,330,11,13,0,0,0,0,2,0,5,0,65,26,6,1,0,0,0
1698,2019,Assam,18,Karbi Anglong,292,Karbi Anglong,0,0,1,0,0,0,66,0,0,,12,0,6,0,0,0,0,0,19,23,0,0,9,0,0,0,1,0,0,2,0,0,0,0,0,12,6,5,1,0,0,0
1699,2019,Assam,18,Karimganj,293,Karimganj,0,8,0,22,3,0,298,11,5,,71,0,7,0,0,1,0,0,53,0,17,0,105,0,4,0,3,0,0,0,0,0,0,4,0,24,17,0,0,0,0,0
1700,2019,Assam,18,Kokrajhar,294,Kokrajhar,3,3,0,0,0,0,179,0,0,,12,0,100,0,0,0,0,0,36,9,0,0,84,0,0,0,10,0,0,0,0,0,0,5,0,36,8,4,0,0,0,0
1701,2019,Assam,18,Lakhimpur,295,Lakhimpur,0,3,3,0,0,0,558,22,0,,94,0,6,0,3,0,0,0,52,0,10,0,63,0,1,0,11,0,0,0,0,0,0,15,0,24,10,5,0,0,0,0
1702,2019,Assam,18,Marigaon,296,Morigaon,0,0,0,0,0,0,549,62,0,,100,0,151,0,17,11,0,0,69,0,28,0,45,0,0,0,63,0,0,0,0,0,0,0,0,62,10,15,0,0,0,0
1703,2019,Assam,18,Dima Hasao,299,Dima Hasao,0,0,0,0,0,0,10,0,0,,4,0,5,0,1,0,0,0,3,4,0,0,5,0,0,0,2,0,0,0,0,0,0,0,0,2,4,1,0,0,0,0
1704,2019,Assam,18,Nagaon,297,Nagaon,0,0,3,0,2,1,972,103,10,,130,0,147,0,216,6,0,0,110,0,23,0,233,0,0,0,81,0,0,0,0,0,0,0,0,97,0,0,0,0,0,0
1705,2019,Assam,18,Nalbari,298,Nalbari,0,1,11,0,0,0,268,0,0,,91,0,21,0,0,0,0,0,46,0,0,0,77,0,15,0,0,0,0,0,0,0,0,0,0,31,0,0,0,0,0,0
1706,2019,Assam,18,Kamrup Metro,618,Rpo,0,0,0,0,0,0,10,0,0,,4,0,0,0,0,0,0,0,1,0,0,0,0,0,0,0,0,0,0,0,0,0,0,0,0,2,0,0,0,0,0,0
1707,2019,Assam,18,Kamrup Metro,618,Sou,0,0,0,0,0,0,0,0,0,,0,0,0,0,0,0,0,0,0,0,0,0,0,0,0,0,0,0,0,0,0,0,0,0,0,0,0,0,0,0,0,0
1708,2019,Assam,18,Kamrup Metro,618,Stf,0,0,0,0,0,0,0,0,0,,0,0,0,0,0,0,0,0,0,0,0,0,0,0,0,0,0,0,0,0,0,0,0,0,0,0,0,0,0,0,0,0
1709,2019,Assam,18,Sivasagar,300,Sibsagar,0,1,0,0,0,0,345,153,0,,232,0,0,0,0,3,0,0,20,103,10,0,131,0,9,0,2,0,0,0,0,0,0,2,11,26,12,9,0,0,0,0
1710,2019,Assam,18,Sonitpur,301,Sonitpur,0,0,0,0,0,0,462,82,0,,165,0,0,0,0,24,0,0,36,45,0,0,50,0,0,0,11,0,0,0,0,0,0,0,0,27,19,0,0,0,0,0
1711,2019,Assam,18,Tinsukia,302,Tinsukia,0,5,9,0,0,1,292,0,0,,126,0,91,0,0,0,0,0,3,0,13,69,107,0,5,0,1,0,0,0,0,0,0,21,0,50,12,7,0,0,0,0
1712,2019,Assam,18,Udalguri,617,Udalguri,5,3,0,0,0,0,83,8,0,,97,0,0,0,16,0,0,0,30,0,4,0,64,0,0,0,0,0,0,0,0,0,0,0,0,35,0,0,0,0,0,0
1713,2019,Assam,18,Tinsukia,302,Sadia,0,0,0,0,0,0,18,0,0,,0,0,0,0,17,3,0,0,7,0,0,0,10,0,0,0,0,0,0,0,0,0,0,0,0,9,0,0,0,0,0,0
1714,2019,Assam,18,Majuli,706,Majuli,0,0,0,0,0,0,38,0,0,,8,0,2,0,0,0,0,0,3,0,2,0,8,0,0,0,0,0,0,0,0,0,0,0,0,5,2,0,0,0,0,0
1715,2019,Assam,18,Biswanath,705,Biswanath,0,2,1,0,0,0,177,0,0,,21,0,39,0,25,17,0,0,30,0,5,0,71,0,0,0,9,0,0,0,0,0,0,0,0,19,10,0,0,0,0,0
1716,2019,Assam,18,Hojai,709,Hojai,6,5,4,0,0,0,570,54,0,,114,0,40,0,31,3,0,0,52,0,16,0,231,0,9,0,0,0,0,0,0,0,0,8,0,38,13,8,0,0,0,0
1717,2019,Assam,18,South Salmara Mancachar,707,South Salmara,0,0,0,0,0,0,0,0,0,,0,0,0,0,0,0,0,0,48,0,0,19,36,0,0,21,0,0,0,0,0,0,0,0,0,19,0,0,0,0,0,0
1718,2019,Assam,18,Charaideo,708,Charaideo,6,3,6,0,0,0,78,0,0,,18,0,0,0,0,6,0,0,27,0,0,0,32,0,0,0,8,0,0,0,0,0,0,21,0,16,12,0,0,0,0,0
1719,2019,Bihar,10,Araria,188,Araria,1,12,0,0,0,0,60,27,0,,100,0,0,0,19,0,0,0,25,84,0,0,3,0,0,0,90,1,0,0,0,0,0,0,0,55,0,0,0,0,0,0
1720,2019,Bihar,10,Arwal,611,Arwal,0,8,0,0,0,0,9,4,0,,15,0,0,0,0,0,0,0,10,10,1,0,5,0,1,0,17,0,0,0,0,0,0,2,0,0,12,0,0,0,0,1
1721,2019,Bihar,10,Aurangabad,189,Aurangabad,0,27,0,0,0,0,32,17,1,,17,0,0,0,2,0,0,0,15,76,0,0,0,0,0,0,57,0,0,0,0,0,0,0,0,13,17,2,0,0,0,0
1722,2019,Bihar,10,Pashchim Champaran,211,Bagaha,0,6,0,0,0,0,27,6,0,,62,0,0,0,6,0,0,0,4,0,0,0,0,0,0,0,31,0,1,0,0,0,0,0,0,4,4,0,0,0,0,0
1723,2019,Bihar,10,Banka,190,Banka,0,18,0,0,0,0,32,12,0,,72,0,0,0,10,0,0,0,10,79,0,0,0,0,0,0,75,0,0,0,0,0,0,0,2,18,0,0,0,0,0,0
1724,2019,Bihar,10,Begusarai,191,Begusarai,0,20,0,0,0,0,20,8,0,,7,0,0,0,8,0,0,0,10,115,17,0,12,0,3,0,62,3,0,0,0,0,0,0,0,18,5,0,0,0,0,0
1725,2019,Bihar,10,Pashchim Champaran,211,Bettiah,0,34,0,0,0,0,56,34,0,,25,0,0,0,24,0,0,0,11,112,0,0,0,0,0,0,113,0,0,0,0,0,0,0,0,19,0,0,48,0,0,0
1726,2019,Bihar,10,Bhagalpur,192,Bhagalpur,0,16,0,0,1,0,99,24,0,,106,0,0,0,63,0,0,0,33,137,11,0,6,0,0,0,190,2,0,0,0,0,0,0,0,31,26,4,0,0,0,0
1727,2019,Bihar,10,Bhojpur,193,Bhojpur,0,35,0,0,0,0,51,5,0,,40,0,0,0,13,0,0,0,8,113,11,0,2,0,0,0,207,0,0,0,0,0,0,0,0,15,5,26,0,0,0,0
1728,2019,Bihar,10,Buxar,194,Buxar,0,14,0,0,0,0,42,11,0,,20,0,0,0,6,0,0,0,13,101,0,0,0,0,0,3,66,0,0,0,0,0,0,0,0,6,18,0,0,0,0,0
1729,2019,Bihar,10,Darbhanga,195,Darbhanga,0,35,0,0,0,0,39,22,0,,82,0,0,0,16,0,0,0,33,153,10,0,22,0,0,0,124,0,0,0,0,0,0,0,0,19,19,0,0,0,0,0
1730,2019,Bihar,10,Gaya,196,Gaya,0,42,0,0,0,0,106,0,0,,112,0,0,0,0,0,0,0,49,249,0,0,5,0,0,0,127,0,0,0,0,0,0,0,0,27,62,0,0,0,0,0
1731,2019,Bihar,10,Gopalganj,197,Gopalganj,0,29,0,0,0,0,55,33,0,,33,0,0,0,0,0,0,0,2,83,0,0,1,0,0,0,62,0,1,0,0,0,0,0,0,6,0,0,11,0,0,0
1732,2019,Bihar,10,Munger,207,Jamalpur Railway,0,1,0,0,0,0,0,0,0,,2,0,0,0,0,0,0,0,0,0,0,0,0,0,0,0,0,0,0,0,0,0,0,0,0,0,0,0,0,0,0,0
1733,2019,Bihar,10,Jamui,198,Jamui,0,16,0,0,0,0,26,15,0,,25,0,0,0,6,0,0,0,9,70,0,0,4,0,0,0,50,0,0,0,0,0,0,0,0,16,5,0,0,0,0,0
1734,2019,Bihar,10,Jehanabad,199,Jehanabad,0,22,0,0,0,0,19,2,0,,59,0,0,0,38,0,0,0,9,2,2,0,15,1,0,0,30,0,0,0,0,0,0,0,0,12,24,0,0,0,0,0
1735,2019,Bihar,10,Katihar,201,Katihar,0,14,0,0,1,0,71,4,0,,56,0,0,0,11,0,0,0,60,163,0,0,15,0,0,0,161,0,0,0,0,0,0,0,0,37,0,0,0,0,0,0
1736,2019,Bihar,10,Katihar,201,Katihar Railway,0,0,0,0,0,0,0,0,0,,0,0,0,0,0,0,0,0,0,0,0,0,2,0,0,0,0,0,0,0,0,0,0,0,0,0,1,0,0,0,0,0
1737,2019,Bihar,10,Khagaria,202,Khagaria,0,15,0,0,0,0,31,0,0,,108,0,0,0,0,0,0,0,13,62,6,0,0,0,0,0,23,0,0,0,0,0,0,0,0,4,17,9,0,0,0,0
1738,2019,Bihar,10,Kishanganj,203,Kishanganj,0,5,4,0,0,0,20,6,0,,8,0,0,0,0,0,0,0,18,24,0,0,0,1,0,0,63,3,2,0,0,0,0,0,0,9,6,0,0,0,0,0
1739,2019,Bihar,10,Lakhisarai,204,Lakhisarai,0,5,3,0,0,0,23,12,0,,25,0,0,0,7,0,0,0,6,65,9,0,0,0,0,0,30,0,0,0,0,0,0,0,0,8,24,0,0,0,0,0
1740,2019,Bihar,10,Madhepura,205,Madhepura,0,7,0,0,0,0,28,29,0,,49,0,0,0,0,0,0,0,11,98,6,0,0,0,0,0,52,0,0,0,0,0,0,0,0,13,8,3,0,0,0,0
1741,2019,Bihar,10,Madhubani,206,Madhubani,0,26,0,0,0,0,75,0,0,,155,0,0,0,0,0,0,0,19,47,0,0,4,0,0,0,164,0,0,0,0,0,0,0,0,20,4,39,0,0,0,0
1742,2019,Bihar,10,Purbi Champaran,213,Motihari,0,74,0,0,2,0,112,59,0,,98,0,0,0,55,0,0,0,29,204,0,0,17,0,0,0,208,0,0,0,0,0,0,0,0,2,2,0,24,0,0,0
1743,2019,Bihar,10,Munger,207,Munger,0,15,0,0,1,0,91,11,0,,52,0,0,0,20,0,0,0,10,105,0,0,0,0,0,0,34,0,0,0,0,0,0,0,0,7,42,0,0,0,0,0
1744,2019,Bihar,10,Muzaffarpur,208,Muzaffarpur,0,79,0,0,0,0,192,64,0,,191,0,0,0,0,1,0,0,34,299,2,0,7,0,0,0,34,0,0,0,0,0,0,0,0,41,34,18,0,0,0,0
1745,2019,Bihar,10,Muzaffarpur,208,Muzaffarpur Railway,0,1,1,0,0,0,0,4,0,,1,0,0,0,0,0,0,0,0,0,0,0,4,0,0,2,0,0,0,0,0,0,0,0,0,3,0,0,0,0,0,0
1746,2019,Bihar,10,Nalanda,209,Nalanda,0,64,0,0,0,0,84,65,0,,81,0,0,0,51,0,0,0,37,168,3,0,15,0,0,0,148,0,0,5,0,0,0,0,0,23,0,0,40,0,0,0
1747,2019,Bihar,10,Bhagalpur,192,Naugachia,0,6,0,0,0,0,8,0,0,,0,0,0,0,5,0,0,0,0,77,0,0,0,0,0,0,31,0,0,0,0,0,0,0,0,5,4,0,0,0,0,0
1748,2019,Bihar,10,Nawada,210,Nawadah,3,26,0,0,0,0,41,45,0,,34,0,0,0,25,0,0,0,29,95,0,0,0,0,0,0,64,0,0,0,0,0,0,0,0,4,7,0,32,0,0,0
1749,2019,Bihar,10,Patna,212,Patna,0,86,0,0,0,0,295,40,0,,245,0,0,0,475,0,0,0,69,331,23,0,91,0,7,0,197,18,0,0,0,0,0,0,0,45,57,20,0,0,0,0
1750,2019,Bihar,10,Patna,212,Patna Railway,0,3,0,0,0,0,0,1,1,,3,0,1,0,9,0,0,0,1,0,0,0,9,0,0,0,0,0,0,0,0,0,0,0,0,0,0,0,0,0,0,0
1751,2019,Bihar,10,Rohtas,215,Rohtas,0,36,0,0,0,0,68,19,0,,65,0,0,0,22,0,0,0,5,149,2,0,0,0,0,0,94,2,0,0,0,0,0,0,0,36,22,0,0,0,0,0
1752,2019,Bihar,10,Saharsa,216,Saharsa,0,17,0,0,0,0,31,0,0,,104,0,0,0,0,0,0,0,14,9,0,0,0,0,0,0,31,0,0,0,0,0,0,0,0,9,2,14,0,0,0,0
1753,2019,Bihar,10,Samastipur,217,Samastipur,0,34,0,0,0,0,58,30,0,,66,0,0,0,28,0,0,0,14,169,0,0,0,0,0,0,87,0,0,0,0,0,0,0,0,20,2,0,0,0,0,0
1754,2019,Bihar,10,Saran,218,Saran,0,54,0,0,1,0,121,89,0,,118,0,0,0,0,0,0,0,26,230,0,0,0,0,0,0,204,2,0,0,0,0,0,0,0,13,12,0,0,0,0,0
1755,2019,Bihar,10,Sheikhpura,219,Sheikhpura,0,9,0,0,0,0,14,11,0,,9,0,0,0,6,0,0,0,8,4,0,0,26,0,0,0,30,0,0,0,0,0,0,0,0,2,27,0,0,0,0,0
1756,2019,Bihar,10,Sheohar,220,Sheohar,0,7,0,0,0,0,7,0,0,,11,0,0,0,0,0,0,0,2,34,0,1,10,0,0,0,11,0,0,0,0,0,0,0,0,1,0,0,0,0,0,0
1757,2019,Bihar,10,Sitamarhi,221,Sitamarhi,0,37,0,0,0,0,154,49,0,,90,0,0,0,3,0,0,0,9,204,0,0,3,0,0,0,0,0,0,0,0,0,0,0,0,13,0,0,0,0,0,0
1758,2019,Bihar,10,Siwan,222,Siwan,0,42,0,0,0,0,41,18,0,,57,0,0,0,1,0,0,0,8,138,0,0,0,0,0,0,83,0,0,0,0,0,0,2,0,18,8,0,0,0,0,0
1759,2019,Bihar,10,Supaul,223,Supaul,0,10,0,0,0,0,37,0,3,,41,0,0,0,22,0,0,0,18,80,5,0,5,0,0,0,56,0,0,0,0,0,0,0,0,24,2,0,0,0,0,0
1760,2019,Bihar,10,Vaishali,224,Vaishali,0,64,0,0,0,0,53,82,0,,83,0,0,0,70,0,0,0,0,114,0,0,13,0,0,0,83,0,0,0,0,0,0,0,0,37,15,0,9,0,0,0
1761,2019,Bihar,10,Patna,212,Economic Offences Unit,0,0,0,0,0,0,0,0,0,,0,0,0,0,0,0,0,0,0,0,0,0,0,0,0,0,0,0,0,0,0,0,0,0,1,0,0,0,0,0,0,0
1762,2019,Bihar,10,Patna,212,Anti Terrorist Squad,0,0,0,0,0,0,0,0,0,,0,0,0,0,0,0,0,0,0,0,0,0,0,0,0,0,0,0,0,0,0,0,0,0,0,0,0,0,0,0,0,0
1763,2019,Chhattisgarh,22,Balod,646,Balod,0,3,3,0,0,0,14,38,0,,0,0,0,0,0,0,0,0,33,3,3,0,50,0,2,0,0,0,0,0,0,0,0,0,0,41,18,1,0,0,0,0
1764,2019,Chhattisgarh,22,Balrampur Ramanujganj,649,Balrampur,0,1,11,0,0,0,12,27,0,,0,0,0,0,0,4,0,0,51,0,0,0,35,0,2,0,0,0,0,0,0,0,0,0,0,58,10,0,0,0,0,0
1765,2019,Chhattisgarh,22,Bemetara,650,Bemetra,0,1,8,0,0,0,12,44,0,,1,0,0,0,0,0,0,0,11,20,0,0,34,0,4,0,0,0,0,0,0,0,0,0,0,34,23,0,0,0,0,0
1766,2019,Chhattisgarh,22,Bilaspur,375,Bilaspur,0,8,10,0,0,0,89,0,0,,0,0,0,0,0,2,0,0,110,321,0,0,134,0,22,0,0,0,0,0,0,0,0,0,0,26,62,0,0,0,0,0
1767,2019,Chhattisgarh,22,Bijapur,636,Bizapur,0,0,1,0,0,0,1,11,0,,0,0,0,0,0,0,0,0,7,0,0,2,2,0,0,1,0,0,0,0,0,0,0,0,0,8,1,0,0,0,0,0
1768,2019,Chhattisgarh,22,Dakshin Bastar Dantewada,376,Dantewara,0,0,0,0,0,0,4,6,0,,0,0,0,0,0,0,0,0,2,0,0,0,5,0,0,0,0,0,0,0,0,0,0,0,1,7,0,0,0,0,0,0
1769,2019,Chhattisgarh,22,Dhamtari,377,Dhamtari,0,4,9,0,0,0,13,29,0,,1,0,0,0,0,0,0,0,20,1,0,0,40,0,6,0,0,1,0,0,0,0,0,0,1,53,24,1,0,0,0,0
1770,2019,Chhattisgarh,22,Durg,378,Durg,0,4,6,1,0,0,115,184,0,,0,0,0,0,17,2,0,0,68,6,1,0,144,0,13,0,1,0,0,0,0,0,0,2,0,74,67,0,0,0,0,0
1771,2019,Chhattisgarh,22,Gariyaband,645,Gariyaband,0,1,3,0,0,0,6,15,0,,1,0,0,0,0,1,0,0,14,1,1,0,16,0,6,0,0,0,0,0,0,0,0,0,0,42,7,0,0,0,0,0
1772,2019,Chhattisgarh,22,Raipur,387,Grp Raipur,0,1,0,0,0,0,1,1,0,,0,1,0,0,0,0,0,0,0,0,0,1,8,0,0,2,0,0,0,0,0,0,0,0,0,1,2,1,0,0,0,0
1773,2019,Chhattisgarh,22,Bastar,374,Jagdalpur,0,0,4,0,0,0,4,0,0,,0,0,0,0,40,0,0,0,38,0,0,0,24,0,7,0,0,0,0,0,0,0,0,0,0,68,5,0,0,0,0,0
1774,2019,Chhattisgarh,22,Janjgir-Champa,379,Janjgir,0,11,4,0,0,0,48,117,0,,0,0,0,0,1,0,0,0,34,5,0,0,83,0,13,0,0,0,0,0,0,0,0,0,0,57,38,1,0,0,0,0
1775,2019,Chhattisgarh,22,Jashpur,380,Jashpur,0,0,3,0,0,0,4,41,0,,0,0,0,0,0,4,0,0,55,2,0,0,28,0,7,0,0,0,0,0,0,0,0,0,0,65,10,0,0,0,0,0
1776,2019,Chhattisgarh,22,Kabeerdham,382,Kabirdham,0,2,6,0,0,0,17,52,0,,0,0,0,0,1,0,0,0,22,2,0,0,29,0,4,0,0,0,0,0,0,0,0,0,0,33,15,2,0,0,0,0
1777,2019,Chhattisgarh,22,Uttar Bastar Kanker,381,Kanker,0,1,3,0,0,0,5,0,0,,0,0,0,0,0,0,0,0,22,0,1,0,28,0,6,0,0,0,0,0,0,0,0,0,0,52,11,0,0,0,0,0
1778,2019,Chhattisgarh,22,Kondagaon,643,Kondagaon,0,0,2,0,0,0,6,0,0,,0,0,0,0,0,3,0,0,12,0,0,0,8,0,4,0,0,0,0,0,0,0,0,1,0,25,5,0,0,0,0,0
1779,2019,Chhattisgarh,22,Korba,383,Korba,0,4,4,0,0,0,35,64,0,,0,1,0,0,1,0,0,0,34,2,0,0,54,0,10,0,0,0,0,0,0,0,0,0,0,69,21,0,0,0,0,0
1780,2019,Chhattisgarh,22,Korea,384,Koriya,0,2,5,0,0,0,28,31,0,,0,0,0,0,2,0,0,0,30,0,0,0,33,0,1,3,0,0,0,0,0,0,0,0,0,61,25,4,4,0,0,0
1781,2019,Chhattisgarh,22,Mahasamund,385,Mahasamund,0,1,2,0,0,0,16,63,0,,0,0,0,0,0,0,0,0,24,0,0,0,47,0,6,0,0,0,0,0,0,0,0,0,0,40,12,0,0,0,0,0
1782,2019,Chhattisgarh,22,Mungeli,647,Mungali,0,4,7,1,0,0,18,54,0,,1,0,0,0,0,1,0,0,10,8,0,0,52,0,6,0,0,0,0,0,0,0,0,0,0,42,16,1,0,0,0,0
1783,2019,Chhattisgarh,22,Narayanpur,637,Narayanpur,0,0,0,0,0,0,0,0,0,,0,0,1,0,0,3,0,0,2,0,0,0,10,1,1,0,0,0,0,0,0,0,0,2,0,18,1,0,0,0,0,0
1784,2019,Chhattisgarh,22,Raigarh,386,Raigarh,0,7,1,0,0,0,36,106,0,,0,0,0,0,0,0,0,0,124,6,0,0,94,0,19,0,0,0,0,0,0,0,0,1,0,60,31,0,0,0,0,0
1785,2019,Chhattisgarh,22,Raipur,387,Raipur,1,6,22,0,0,0,93,306,0,,1,0,0,0,1,3,0,0,116,9,0,0,126,0,56,0,5,0,0,11,0,0,0,6,0,162,64,28,0,1,0,0
1786,2019,Chhattisgarh,22,Rajnandgaon,388,Rajnandgaon,0,4,16,3,0,0,35,130,0,,0,1,0,0,2,0,0,0,30,27,0,0,60,0,19,0,0,0,0,0,0,0,0,0,0,61,39,0,0,0,0,0
1787,2019,Chhattisgarh,22,Surguja,389,Sarguja,0,1,4,0,0,0,42,79,0,,0,0,0,0,0,0,0,0,72,0,1,0,41,0,6,0,1,0,0,0,0,0,0,6,0,59,17,0,0,0,0,0
1788,2019,Chhattisgarh,22,Sukma,642,Sukma,0,0,0,0,0,0,3,10,0,,0,0,0,0,0,0,0,0,3,0,0,0,1,0,0,0,0,0,0,0,0,0,0,0,0,2,0,0,0,0,0,0
1789,2019,Chhattisgarh,22,Surajpur,648,Surajpur,2,1,11,0,0,0,29,30,0,,0,0,1,0,1,2,0,0,48,4,0,0,39,0,6,0,0,0,0,0,0,0,0,1,0,77,14,0,0,0,1,0
1790,2019,Goa,30,North Goa,551,North Goa,0,1,2,0,0,1,2,21,0,,0,2,0,0,16,18,0,0,10,0,0,29,63,0,21,5,0,0,0,0,0,0,0,0,0,0,0,0,0,0,0,0
1791,2019,Goa,30,South Goa,552,South Goa,0,0,1,0,0,0,6,14,0,,0,0,0,0,0,5,0,0,12,1,0,19,35,0,14,7,0,0,0,0,0,0,0,0,0,0,0,0,0,0,0,0
1792,2019,Goa,30,North Goa,551,Cid,0,0,0,0,0,0,1,0,0,,0,0,0,0,0,11,0,0,1,0,0,1,6,0,0,3,0,1,0,0,0,0,0,0,0,0,0,0,0,0,0,0
1793,2019,Gujarat,24,Ahmadabad,438,Ahmedabad City,1,1,47,1,1,1,819,62,0,,1,0,0,0,10,2,0,0,83,24,0,0,205,0,4,0,0,0,2,0,8,0,0,1,1,207,73,69,8,1,0,0
1794,2019,Gujarat,24,Ahmadabad,438,Ahmedabad Rural,0,0,10,0,0,0,46,0,0,,0,0,0,0,0,0,0,0,12,0,0,0,19,0,0,0,0,0,0,0,0,0,0,0,0,46,5,0,0,0,0,0
1795,2019,Gujarat,24,Amreli,439,Amreli,0,0,9,0,0,0,125,2,0,,3,0,0,0,0,0,0,0,13,20,0,0,42,0,1,9,0,0,0,0,0,0,0,0,2,51,1,0,0,0,0,0
1796,2019,Gujarat,24,Anand,440,Anand,3,0,11,0,0,0,44,10,0,,7,0,0,0,0,0,0,0,6,0,0,0,22,0,0,0,0,0,0,0,0,0,0,0,0,36,6,0,0,46,0,0
1797,2019,Gujarat,24,Arvalli,672,Arvalli,0,0,0,0,0,0,94,0,0,,6,0,0,0,0,0,0,0,6,32,0,0,12,0,1,0,0,0,0,0,0,0,0,0,0,1,3,0,0,0,0,0
1798,2019,Gujarat,24,Banas Kantha,441,Banaskantha,0,0,0,0,0,0,187,90,0,,2,0,0,0,0,0,0,0,50,0,0,0,56,0,0,0,0,0,0,0,0,0,0,0,0,32,13,0,0,0,0,0
1799,2019,Gujarat,24,Bharuch,442,Bharuch,0,1,4,0,0,0,31,1,0,,1,0,0,0,0,0,0,0,2,0,0,0,30,0,0,0,0,0,0,0,0,1,0,0,3,58,2,35,0,0,0,0
1800,2019,Gujarat,24,Bhavnagar,443,Bhavnagar,0,0,19,0,0,0,150,0,0,,0,0,0,0,0,0,0,0,18,12,0,0,47,0,2,0,0,0,1,0,0,0,0,2,1,76,10,3,0,21,0,0
1801,2019,Gujarat,24,Botad,676,Botad,0,0,7,0,0,0,22,3,0,,0,0,0,0,1,0,0,0,6,0,0,0,6,0,0,0,0,0,0,0,0,0,0,0,1,26,7,3,0,0,0,0
1802,2019,Gujarat,24,Chhotaudepur,668,Chhotaudepur,0,0,6,0,0,0,5,2,0,,0,0,0,0,1,0,0,0,5,1,0,0,10,0,0,0,0,0,0,0,0,0,0,0,0,28,0,1,0,1,0,0
1803,2019,Gujarat,24,Gandhinagar,446,Cid Crime,0,0,0,0,0,0,0,0,0,,0,0,0,0,0,0,0,0,1,0,0,0,0,0,0,0,0,0,0,0,0,0,0,2,0,0,0,0,0,0,0,0
1804,2019,Gujarat,24,Dohad,445,Dahod,0,0,7,0,0,0,30,5,0,,0,0,0,0,0,0,0,0,19,0,0,0,12,0,0,0,0,0,0,0,0,0,0,3,0,62,5,0,0,0,0,0
1805,2019,Gujarat,24,Dang,444,Dang,0,0,2,0,0,0,0,0,0,,0,0,0,0,0,0,0,0,1,0,0,0,6,0,0,0,0,0,0,0,0,0,0,0,0,2,0,0,0,0,0,0
1806,2019,Gujarat,24,Devbhumi Dwarka,674,Devbhumi Dwarka,0,0,5,0,0,0,60,0,0,,1,1,0,0,0,0,0,0,3,4,0,0,11,0,0,0,0,0,0,0,0,0,0,0,0,18,3,0,0,0,0,0
1807,2019,Gujarat,24,Gandhinagar,446,Gandhinagar,0,0,7,0,0,0,80,0,0,,4,0,0,0,0,0,0,0,6,9,0,0,19,0,0,0,0,0,0,0,0,0,0,2,0,47,6,0,0,0,0,0
1808,2019,Gujarat,24,Gir Somnath,675,Gir Somnath,0,0,4,0,0,0,104,0,0,,0,0,0,0,1,0,0,0,20,22,0,0,26,0,1,0,0,0,0,0,0,0,0,0,0,17,6,3,0,2,0,0
1809,2019,Gujarat,24,Jamnagar,447,Jamnagar,0,0,12,0,0,0,57,0,0,,1,0,0,0,0,0,0,0,6,21,0,0,16,0,0,0,0,0,1,0,0,0,0,0,0,43,6,0,1,0,0,0
1810,2019,Gujarat,24,Junagadh,448,Junagadh,0,0,14,0,0,0,163,0,1,,3,0,0,0,1,0,0,0,25,52,0,0,50,0,0,0,0,0,1,0,0,0,0,1,2,10,8,8,0,1,0,0
1811,2019,Gujarat,24,Kachchh,449,Kachchh East(G),0,0,5,0,0,0,43,0,0,,0,0,0,0,0,0,0,0,12,21,0,0,13,0,0,0,0,0,0,0,0,0,0,3,0,12,10,0,0,1,0,0
1812,2019,Gujarat,24,Kachchh,449,Kachchh West(B),0,0,8,0,0,0,71,8,0,,0,0,0,0,0,0,0,0,9,5,0,0,17,0,0,0,0,0,0,0,0,0,0,0,0,12,2,1,0,0,0,0
1813,2019,Gujarat,24,Kheda,450,Kheda,0,0,12,0,0,0,65,0,0,,3,0,0,0,0,0,0,0,11,93,0,0,26,1,1,0,0,0,0,0,0,0,0,0,0,11,2,1,0,0,0,0
1814,2019,Gujarat,24,Mahisagar,669,Mahisagar,0,0,16,0,0,0,37,25,0,,1,0,0,0,0,0,0,0,10,0,0,0,15,0,0,0,0,0,0,0,0,0,0,2,0,8,0,0,0,0,0,0
1815,2019,Gujarat,24,Mahesana,451,Mehsana,1,0,13,0,0,0,88,10,0,,2,0,0,0,0,0,0,0,10,17,0,0,30,0,0,0,0,0,0,0,0,0,0,0,0,52,9,13,0,7,0,0
1816,2019,Gujarat,24,Morbi,673,Morbi,1,0,13,0,0,0,22,3,0,,1,0,0,0,0,0,0,0,4,16,0,0,7,0,0,0,0,0,0,0,0,0,0,0,0,40,1,0,0,0,0,0
1817,2019,Gujarat,24,Narmada,452,Narmada,0,0,5,0,0,0,15,0,0,,0,0,0,0,0,0,0,0,5,5,0,0,10,0,0,0,0,0,0,0,0,0,0,0,0,18,5,0,0,0,0,0
1818,2019,Gujarat,24,Navsari,453,Navsari,0,0,3,0,0,0,32,6,0,,0,0,0,0,0,2,0,0,5,3,0,0,13,0,0,0,0,0,0,0,0,0,0,0,0,22,3,0,0,0,0,0
1819,2019,Gujarat,24,Panch Mahals,454,Panchmahal,0,0,9,0,0,0,55,3,0,,0,0,0,0,0,1,0,0,6,0,0,0,9,0,0,0,0,0,0,0,0,0,0,0,1,39,5,45,0,0,0,0
1820,2019,Gujarat,24,Patan,455,Patan,0,0,4,0,0,0,66,5,0,,0,0,0,0,2,0,0,0,14,16,0,0,22,0,0,0,0,0,0,0,0,0,0,0,0,37,4,0,0,0,0,0
1821,2019,Gujarat,24,Porbandar,456,Porbandar,0,1,3,0,0,0,34,2,0,,0,0,0,0,1,0,0,0,3,7,0,0,20,0,0,0,0,0,0,0,0,1,0,0,0,9,4,0,0,0,0,0
1822,2019,Gujarat,24,Rajkot,457,Rajkot City,0,1,6,0,0,0,146,0,0,,2,0,0,0,0,0,0,0,18,32,0,0,15,0,0,0,0,0,9,0,0,0,0,0,0,75,3,0,0,0,0,0
1823,2019,Gujarat,24,Rajkot,457,Rajkot Rural,0,0,9,0,0,0,83,3,0,,1,0,0,0,0,0,0,0,15,33,0,0,26,0,0,0,0,0,0,0,0,0,0,1,0,60,4,0,0,0,0,0
1824,2019,Gujarat,24,Sabar Kantha,458,Sabarkantha,0,0,8,0,0,0,77,2,0,,0,0,0,0,0,1,0,0,20,0,0,0,21,0,0,0,0,0,0,0,0,0,0,0,4,35,1,0,0,0,0,0
1825,2019,Gujarat,24,Surat,459,Surat City,0,2,30,0,2,0,506,0,0,,22,0,0,0,1,1,0,0,42,32,0,0,88,0,4,0,1,0,0,0,0,0,0,1,0,195,79,8,0,1,0,0
1826,2019,Gujarat,24,Surat,459,Surat Rural,0,2,1,0,1,0,15,5,0,,3,0,0,0,0,0,0,0,10,23,0,0,15,0,0,0,0,0,0,0,0,0,0,0,0,31,6,1,0,0,0,0
1827,2019,Gujarat,24,Surendranagar,460,Surendranagar,0,0,12,0,0,0,36,0,0,,0,0,0,0,0,0,0,0,6,0,0,0,17,0,1,0,0,0,0,0,0,0,0,2,0,16,6,41,0,0,0,0
1828,2019,Gujarat,24,Tapi,641,Tapi,0,0,1,0,0,0,3,1,0,,0,0,0,0,1,0,0,0,4,0,0,0,5,0,0,0,1,0,0,0,0,0,0,0,0,7,4,0,0,0,0,0
1829,2019,Gujarat,24,Vadodara,461,Vadodara City,0,0,9,0,1,1,153,0,0,,2,0,0,0,0,0,0,0,26,28,0,0,45,0,0,0,0,0,0,0,0,0,0,1,0,27,28,20,0,3,0,0
1830,2019,Gujarat,24,Vadodara,461,Vadodara Rural,1,1,3,0,0,0,17,5,0,,0,0,0,0,1,0,0,0,6,11,0,0,10,0,0,0,0,0,0,0,0,0,0,0,0,54,1,5,0,0,0,0
1831,2019,Gujarat,24,Valsad,462,Valsad,0,0,8,0,0,0,37,14,0,,0,0,0,0,1,1,0,0,10,15,0,0,17,0,0,0,0,0,0,0,0,0,0,0,0,14,4,0,0,0,0,0
1832,2019,Haryana,6,Ambala,58,Ambala,0,5,6,5,0,0,256,0,0,,107,0,0,0,40,0,0,0,45,0,0,0,70,0,7,0,3,0,0,0,0,0,0,0,0,42,37,0,0,0,0,0
1833,2019,Haryana,6,Bhiwani,59,Bhiwani,0,8,11,0,0,0,278,0,0,,30,0,11,0,5,0,0,0,73,0,10,0,221,0,6,0,3,0,0,0,0,0,0,3,0,51,38,2,0,1,0,0
1834,2019,Haryana,6,Faridabad,60,Faridabad,0,22,14,0,1,1,548,10,0,,57,0,168,0,13,0,0,0,151,0,23,8,219,0,18,1,4,0,0,0,0,0,0,5,0,114,80,6,0,2,0,0
1835,2019,Haryana,6,Fatehabad,61,Fatehabad,0,7,13,2,0,0,90,1,0,,8,0,28,0,0,1,0,0,36,0,2,0,94,0,5,0,0,0,0,0,0,1,1,0,0,33,23,0,0,2,0,0
1836,2019,Haryana,6,Ambala,58,Grp,1,4,10,0,0,0,0,1,0,,3,0,1,0,3,0,0,0,1,0,0,0,9,0,0,0,0,0,0,0,0,0,0,0,0,3,1,0,0,1,0,0
1837,2019,Haryana,6,Gurugram,62,Gurugram,0,22,14,0,0,0,319,11,0,,54,0,147,0,27,0,0,0,166,0,6,0,204,0,38,0,1,0,1,7,0,0,1,0,0,120,38,14,1,1,0,0
1838,2019,Haryana,6,Hisar,63,Hissar,0,7,11,0,1,0,196,2,0,,9,0,36,0,1,0,0,0,60,0,1,0,135,0,3,0,0,0,0,0,0,0,0,0,1,41,24,5,2,1,0,0
1839,2019,Haryana,6,Jhajjar,64,Jhajjar,0,13,12,0,1,0,211,0,1,,17,0,0,0,50,0,0,0,43,34,11,0,70,0,18,0,0,0,0,0,0,0,0,0,1,26,17,7,0,0,1,0
1840,2019,Haryana,6,Jind,65,Jind,0,10,4,0,0,0,156,0,0,,36,0,0,0,50,0,0,0,48,0,4,0,56,0,4,0,2,0,0,0,0,0,0,0,0,46,30,12,0,0,0,0
1841,2019,Haryana,6,Kaithal,66,Kaithal,2,7,17,0,0,0,118,0,0,,87,0,36,0,83,0,0,0,35,8,6,0,86,0,4,0,0,0,0,0,0,0,0,0,0,37,12,0,0,1,0,0
1842,2019,Haryana,6,Karnal,67,Karnal,0,14,7,0,0,0,259,0,0,,63,0,76,0,22,0,0,0,69,0,41,0,177,0,6,0,2,0,0,0,0,6,0,3,1,65,48,14,0,0,0,0
1843,2019,Haryana,6,Kurukshetra,68,Kurukshetra,0,7,11,0,0,0,296,0,0,,75,0,0,0,43,1,0,0,50,0,12,0,93,0,1,0,0,0,0,0,0,4,0,0,0,51,20,7,0,0,0,0
1844,2019,Haryana,6,Mahendragarh,69,Mahendergarh,0,6,0,1,0,0,70,2,0,,12,0,15,0,4,1,0,0,43,0,9,0,97,0,15,0,1,0,0,0,0,0,0,0,0,33,18,8,0,4,0,0
1845,2019,Haryana,6,Nuh,604,Nuh,1,15,3,0,1,0,166,1,0,,27,0,29,0,22,1,0,0,89,0,14,0,150,0,5,0,1,0,0,0,0,0,0,3,0,70,28,4,0,0,0,0
1846,2019,Haryana,6,Palwal,619,Palwal,0,14,7,6,0,0,194,4,0,,59,0,0,0,0,0,0,0,56,30,1,0,54,0,0,0,0,0,0,0,0,0,0,0,0,51,25,2,0,0,0,0
1847,2019,Haryana,6,Panchkula,70,Panchkula,0,2,4,0,0,0,104,0,0,,11,0,0,0,8,3,0,0,43,19,2,0,78,0,12,0,0,0,0,0,0,1,0,0,0,31,6,9,0,0,0,0
1848,2019,Haryana,6,Panipat,71,Panipat,1,14,10,0,0,0,306,1,0,,102,0,84,0,123,0,0,0,103,0,14,0,167,0,17,0,2,0,0,0,0,1,0,6,0,73,35,18,0,0,0,0
1849,2019,Haryana,6,Rewari,72,Rewari,0,11,21,0,0,0,198,0,0,,33,0,27,0,0,0,0,0,52,0,8,0,119,0,0,0,1,0,0,0,0,0,0,0,0,36,36,27,0,0,0,0
1850,2019,Haryana,6,Rohtak,73,Rohtak,1,13,9,0,0,0,288,0,0,,67,0,16,0,80,0,0,0,65,29,13,0,171,0,4,0,0,4,0,2,0,0,0,4,2,40,16,26,0,0,2,0
1851,2019,Haryana,6,Sirsa,74,Sirsa,0,11,5,0,0,0,158,0,0,,31,0,58,0,2,0,0,0,85,0,9,0,84,0,3,0,0,0,0,1,0,0,0,4,0,46,55,0,0,6,0,0
1852,2019,Haryana,6,Sonipat,75,Sonipat,0,18,11,2,0,0,299,0,0,,67,0,69,0,105,1,0,0,76,0,0,0,55,0,0,63,0,0,0,0,0,0,0,0,0,58,23,2,0,0,0,0
1853,2019,Haryana,6,Yamunanagar,76,Yamunanagar,0,8,11,1,0,0,238,0,0,,74,0,0,0,63,0,0,0,54,45,6,0,48,0,1,0,1,0,0,0,0,0,0,10,0,38,27,13,0,1,0,0
1854,2019,Haryana,6,Charki Dadri,701,Charkhi Dadri,0,4,6,0,0,0,39,0,0,,3,0,7,0,0,0,0,0,16,1,2,0,35,0,6,0,0,0,0,0,0,0,0,2,0,1,7,0,0,1,0,0
1855,2019,Haryana,6,Hisar,63,Hansi,0,6,8,0,0,0,80,0,0,,5,0,0,0,1,0,0,0,13,12,0,0,25,0,0,0,3,0,0,0,0,0,0,1,0,11,9,3,0,0,0,0
1856,2019,Himachal Pradesh,2,Solan,25,Baddi,1,0,5,0,1,0,11,10,1,,0,0,1,0,0,0,0,0,10,2,0,10,21,0,1,3,0,0,0,0,0,0,0,0,1,0,0,0,0,0,0,0
1857,2019,Himachal Pradesh,2,Bilaspur,15,Bilaspur,0,1,4,0,0,0,19,20,0,,3,0,0,0,1,0,0,0,7,3,0,12,31,0,12,1,0,0,0,0,0,0,0,0,0,0,0,0,0,0,0,0
1858,2019,Himachal Pradesh,2,Chamba,16,Chamba,3,0,7,0,0,0,7,0,0,,0,0,0,0,0,0,0,0,8,15,0,10,27,0,3,3,0,0,0,0,0,0,0,1,0,0,0,0,0,0,0,0
1859,2019,Himachal Pradesh,2,Shimla,23,Cid,0,0,0,0,0,0,0,0,0,,0,0,0,0,0,0,0,0,0,0,0,0,0,0,0,0,0,0,0,0,0,0,0,0,0,0,0,0,0,0,0,0
1860,2019,Himachal Pradesh,2,Shimla,23,Grp,1,0,0,0,0,0,0,0,0,,0,0,0,0,0,0,0,0,0,0,0,0,0,0,0,0,0,0,0,0,0,0,0,0,0,0,0,0,0,0,0,0
1861,2019,Himachal Pradesh,2,Hamirpur,17,Hamirpur,0,1,5,0,0,0,18,0,0,,2,0,0,0,0,0,0,0,8,14,0,10,34,0,7,2,0,0,0,0,0,0,1,6,0,0,2,0,0,0,0,0
1862,2019,Himachal Pradesh,2,Kangra,18,Kangra,5,2,15,0,0,0,30,0,0,,8,1,0,0,0,0,0,0,20,48,0,19,75,2,11,12,0,1,0,0,0,0,0,4,0,0,0,0,0,0,0,0
1863,2019,Himachal Pradesh,2,Kinnaur,19,Kinnaur,1,0,1,0,0,0,3,2,0,,1,0,0,0,0,0,0,0,5,0,0,7,4,0,2,1,0,0,0,0,0,0,0,0,0,0,0,0,0,0,0,0
1864,2019,Himachal Pradesh,2,Kullu,20,Kullu,2,0,2,0,0,0,8,15,0,,0,0,0,0,0,0,0,0,12,0,0,18,24,0,6,2,0,1,1,0,0,0,0,6,0,0,1,0,6,0,0,0
1865,2019,Himachal Pradesh,2,Mandi,22,Mandi,0,0,8,0,0,0,46,0,0,,5,0,0,0,0,0,0,0,25,53,0,27,77,0,16,14,0,0,2,0,0,0,0,3,2,0,1,0,0,0,0,0
1866,2019,Himachal Pradesh,2,Shimla,23,Shimla,0,0,4,0,0,0,14,49,0,,7,0,0,0,0,0,0,0,26,6,0,36,62,2,9,6,0,1,0,0,0,0,1,0,0,0,0,0,0,0,0,0
1867,2019,Himachal Pradesh,2,Sirmaur,24,Sirmaur,0,0,1,0,0,0,27,21,0,,3,0,0,0,0,0,0,0,19,7,0,21,47,0,2,7,0,2,0,0,0,0,0,4,0,0,0,0,0,0,0,0
1868,2019,Himachal Pradesh,2,Solan,25,Solan,0,0,3,0,0,0,10,16,0,,0,0,2,0,6,0,0,0,14,0,0,17,22,1,2,2,1,0,0,0,0,1,1,1,3,0,0,0,0,0,0,0
1869,2019,Himachal Pradesh,2,Una,26,Una,0,0,6,0,0,0,34,10,0,,1,0,0,0,0,0,0,0,8,4,0,10,17,0,0,3,0,0,0,0,0,1,0,3,0,0,0,0,0,0,0,0
1870,2019,Himachal Pradesh,2,Shimla,23,Cyber,0,0,0,0,0,0,0,0,0,,0,0,0,0,0,0,0,0,0,0,0,0,0,0,0,0,0,0,0,0,0,0,0,0,0,0,0,0,0,0,0,0
1871,2019,Jammu And Kashmir,1,Anantnag,1,Anantnag,0,0,2,0,0,0,8,25,1,,30,0,0,0,0,0,0,0,13,0,0,0,82,0,0,0,0,0,0,0,0,0,0,1,0,1,0,0,0,0,0,0
1872,2019,Jammu And Kashmir,1,Pulwama,11,Awantipora,0,0,0,0,0,0,2,1,0,,11,0,0,0,0,0,0,0,0,0,0,0,29,0,0,0,0,0,0,0,0,0,0,0,0,0,0,0,0,0,0,0
1873,2019,Jammu And Kashmir,1,Bandipora,623,Bandipora,0,0,0,0,0,0,4,0,2,,18,0,0,0,0,0,0,0,5,0,0,0,25,0,0,0,0,0,0,0,0,0,0,0,0,2,1,0,0,2,0,0
1874,2019,Jammu And Kashmir,1,Baramulla,3,Baramulla,0,0,2,0,0,0,60,76,0,,0,0,0,0,0,0,0,0,8,0,0,0,102,0,0,0,0,0,0,0,0,0,0,0,0,0,0,0,0,0,0,0
1875,2019,Jammu And Kashmir,1,Budgam,2,Budgam,1,0,0,0,0,0,7,0,0,,65,0,0,0,0,0,0,0,8,0,0,0,240,0,0,0,0,0,0,0,0,0,0,0,0,0,0,0,0,0,0,0
1876,2019,Jammu And Kashmir,1,Jammu,5,Crime Jammu,0,0,0,0,0,0,0,0,0,,0,0,0,0,0,0,0,0,0,0,0,0,0,0,0,0,0,0,0,0,0,0,0,0,0,0,0,0,0,0,0,0
1877,2019,Jammu And Kashmir,1,Srinagar,13,Crime Srinagar,0,0,0,0,0,0,0,0,0,,0,0,0,0,0,0,0,0,0,0,0,0,0,0,0,0,0,0,0,0,0,0,0,0,0,0,0,0,0,0,0,0
1878,2019,Jammu And Kashmir,1,Doda,4,Doda,0,0,0,0,0,0,13,40,0,,0,0,0,0,0,0,0,0,11,0,0,0,23,0,0,0,0,0,0,0,0,0,0,0,0,1,1,0,0,0,0,0
1879,2019,Jammu And Kashmir,1,Ganderbal,626,Ganderbal,0,0,0,0,0,0,4,7,0,,8,0,0,0,0,0,0,0,2,0,0,0,53,0,0,0,0,0,0,0,0,0,0,0,0,5,0,0,0,1,0,0
1880,2019,Jammu And Kashmir,1,Kupwara,8,Handwara,0,0,3,0,0,0,7,8,0,,5,0,0,0,0,0,0,0,3,0,2,0,25,0,0,0,0,0,0,0,0,0,0,0,0,0,0,0,0,0,0,0
1881,2019,Jammu And Kashmir,1,Jammu,5,Jammu,0,4,6,0,0,0,49,0,0,,0,0,0,0,159,0,0,0,22,0,0,0,110,0,10,0,0,0,0,0,0,0,0,0,0,30,0,0,0,0,0,0
1882,2019,Jammu And Kashmir,1,Kathua,7,Kathua,0,1,1,0,0,0,10,18,0,,4,0,0,0,0,0,0,0,11,0,2,2,15,0,0,1,0,0,0,0,0,0,0,0,0,6,2,0,0,0,0,0
1883,2019,Jammu And Kashmir,1,Kishtwar,620,Kishtwar,0,0,1,0,0,0,4,6,0,,6,0,0,0,0,0,0,0,8,0,0,4,17,0,0,1,0,0,0,0,0,0,0,0,0,0,0,0,0,0,0,0
1884,2019,Jammu And Kashmir,1,Kulgam,622,Kulgam,0,0,0,0,0,0,8,0,0,,40,0,0,0,0,0,0,0,11,0,0,0,135,0,0,0,0,0,0,0,0,0,0,0,0,0,0,0,0,0,0,0
1885,2019,Jammu And Kashmir,1,Kupwara,8,Kupwara,0,0,0,0,0,0,18,0,0,,43,0,0,0,0,0,0,0,3,0,0,0,30,0,0,0,0,0,0,0,0,0,0,0,0,4,0,0,0,0,0,0
1886,2019,Jammu And Kashmir,1,Poonch,10,Poonch,0,0,0,0,0,0,3,13,0,,18,0,0,0,0,0,0,0,20,0,1,0,25,0,1,2,0,0,0,0,0,0,0,2,0,5,1,0,0,0,0,0
1887,2019,Jammu And Kashmir,1,Pulwama,11,Pulwama,0,0,1,0,0,0,2,7,0,,10,0,0,0,0,0,0,0,4,0,0,1,17,0,0,0,0,0,0,0,0,0,0,0,0,0,0,0,0,0,0,0
1888,2019,Jammu And Kashmir,1,Jammu,5,Railways Jammu,0,0,0,0,0,0,0,0,0,,0,0,0,0,0,0,0,0,0,0,0,0,0,0,0,0,0,0,0,0,0,0,0,0,0,0,0,0,0,0,0,0
1889,2019,Jammu And Kashmir,1,Jammu,5,Railways Kashmir,0,0,0,0,0,0,0,0,0,,0,0,0,0,0,0,0,0,0,0,0,0,0,0,0,0,0,0,0,0,0,0,0,0,0,0,0,0,0,0,0,0
1890,2019,Jammu And Kashmir,1,Reasi,627,Railways Katra,0,0,0,0,0,0,0,0,0,,0,0,0,0,0,0,0,0,0,0,0,0,0,0,0,0,0,0,0,0,0,0,0,0,0,0,0,0,0,0,0,0
1891,2019,Jammu And Kashmir,1,Rajouri,12,Rajouri,0,0,1,0,0,0,33,0,0,,45,0,0,0,0,0,0,0,25,12,2,0,79,0,0,0,0,0,0,0,0,0,0,0,1,4,0,0,0,0,0,0
1892,2019,Jammu And Kashmir,1,Ramban,621,Ramban,0,2,2,0,0,0,5,13,0,,10,0,0,0,0,0,0,0,10,0,0,0,23,0,0,0,0,0,0,0,0,0,0,0,0,4,0,0,0,0,0,0
1893,2019,Jammu And Kashmir,1,Reasi,627,Reasi,0,0,0,0,0,0,3,21,0,,4,0,0,0,0,0,0,0,9,0,0,0,31,0,4,0,0,0,0,0,0,0,0,0,0,3,0,0,0,0,0,0
1894,2019,Jammu And Kashmir,1,Samba,624,Samba,0,0,2,0,0,0,9,12,0,,6,0,0,0,0,0,0,0,7,0,0,0,9,0,0,0,0,0,0,0,0,0,0,0,0,1,2,0,0,0,0,0
1895,2019,Jammu And Kashmir,1,Shopian,625,Shopian,0,0,0,0,0,0,3,12,0,,15,0,0,0,0,0,0,0,0,0,0,1,33,0,0,0,0,0,0,0,0,0,0,0,0,0,0,0,0,0,0,0
1896,2019,Jammu And Kashmir,1,Baramulla,3,Sopore,0,0,2,0,0,0,2,16,0,,11,0,0,0,0,0,0,0,4,0,1,0,85,0,0,0,0,0,0,0,0,0,0,0,0,1,0,0,0,0,0,0
1897,2019,Jammu And Kashmir,1,Srinagar,13,Srinagar,0,0,2,0,0,0,48,38,0,,8,0,0,0,19,0,0,0,11,0,2,3,206,1,0,3,0,0,0,0,0,0,0,0,1,3,3,0,0,0,1,0
1898,2019,Jammu And Kashmir,1,Udhampur,14,Udhampur,0,1,1,0,0,0,44,19,0,,10,0,0,0,0,0,0,0,15,0,1,0,32,0,0,0,0,0,0,0,0,0,0,0,1,5,8,0,0,0,0,0
1899,2019,Jharkhand,20,Bokaro,322,Bokaro,0,25,0,0,0,0,71,0,0,,29,0,0,0,29,1,0,0,53,39,11,27,26,9,0,28,78,0,0,0,0,0,71,0,0,0,0,0,0,0,0,0
1900,2019,Jharkhand,20,West Singhbhum,343,Chaibasa,0,5,5,0,0,0,6,0,2,,3,0,9,0,2,0,0,0,47,9,1,24,22,0,0,2,23,0,0,0,0,0,0,0,0,0,0,0,0,0,0,0
1901,2019,Jharkhand,20,Chatra,323,Chatra,0,11,0,0,0,0,25,0,0,,19,0,0,0,0,0,0,0,25,25,11,0,20,0,0,0,70,0,0,0,0,0,0,0,0,17,0,0,0,10,0,0
1902,2019,Jharkhand,20,Deoghar,324,Deoghar,0,22,0,0,0,0,93,10,0,,14,0,46,0,1,2,0,0,42,0,21,0,314,0,1,0,176,0,0,0,0,0,2,0,0,7,6,0,0,0,0,0
1903,2019,Jharkhand,20,Dhanbad,325,Dhanbad,0,31,5,0,0,0,51,0,0,,54,0,54,0,0,0,0,0,54,5,54,7,61,0,0,0,92,0,0,0,0,0,0,0,0,62,65,0,0,0,0,0
1904,2019,Jharkhand,20,Dhanbad,325,Dhanbad Railway,0,1,3,0,0,0,0,0,0,,0,0,2,0,0,0,0,0,0,1,0,1,6,0,0,0,0,0,0,0,0,0,0,0,0,0,0,0,0,0,0,0
1905,2019,Jharkhand,20,Dumka,326,Dumka,0,11,2,0,0,0,27,0,0,,0,0,0,0,0,0,0,0,27,0,0,0,26,0,0,0,13,0,0,0,0,0,0,0,0,18,0,0,0,0,0,0
1906,2019,Jharkhand,20,Garhwa,328,Garhwa,0,28,11,0,0,0,102,0,0,,0,0,50,0,0,0,0,0,68,0,27,0,62,0,0,0,235,0,0,0,0,0,0,0,0,62,13,0,0,0,0,0
1907,2019,Jharkhand,20,Giridih,329,Giridih,1,44,0,0,0,0,118,0,0,,41,0,0,0,5,5,0,0,92,37,16,1,332,16,0,25,153,0,0,0,0,0,0,0,0,27,0,0,0,0,0,0
1908,2019,Jharkhand,20,Godda,330,Godda,0,12,0,0,0,0,57,0,0,,21,0,0,0,1,2,0,0,32,0,20,32,25,0,0,8,12,0,0,0,0,0,0,0,0,32,0,0,0,0,0,0
1909,2019,Jharkhand,20,Gumla,331,Gumla,1,3,7,1,0,0,34,12,0,,15,0,0,0,0,4,1,1,43,3,3,38,10,0,0,0,34,0,0,0,0,0,0,0,0,30,0,0,0,0,0,0
1910,2019,Jharkhand,20,Hazaribagh,332,Hazaribagh,1,23,2,0,0,0,79,0,0,,1,0,0,0,0,0,0,0,47,45,2,52,17,0,0,0,177,0,0,0,0,0,0,0,0,0,0,0,0,0,0,0
1911,2019,Jharkhand,20,East Singhbum,327,Jamshedpur,0,6,4,0,0,0,86,10,0,,86,0,0,0,0,0,0,0,84,0,16,0,68,0,0,0,148,0,0,0,0,3,0,0,0,32,0,0,0,0,0,0
1912,2019,Jharkhand,20,East Singhbum,327,Jamshedpur Railway,1,1,0,0,0,0,0,0,0,,0,0,0,0,0,0,0,0,0,0,0,0,5,0,0,0,0,0,0,0,0,0,0,0,0,0,0,0,0,0,0,0
1913,2019,Jharkhand,20,Jamtara,333,Jamtara,0,9,0,0,0,0,39,0,0,,2,0,14,0,1,0,0,0,18,0,5,0,59,0,0,0,40,0,0,0,0,0,0,0,0,4,5,0,5,0,0,0
1914,2019,Jharkhand,20,Khunti,606,Khunti,0,0,0,0,0,0,4,0,0,,0,0,0,0,0,0,0,0,25,0,0,0,2,0,0,0,8,0,0,0,0,0,0,0,0,8,0,0,0,0,0,0
1915,2019,Jharkhand,20,Koderma,334,Koderma,0,10,0,0,0,0,17,0,0,,12,0,22,0,0,0,0,0,8,0,0,0,21,0,0,0,15,0,0,0,0,0,0,1,0,14,0,0,0,0,0,0
1916,2019,Jharkhand,20,Latehar,335,Latehar,0,11,4,0,0,0,3,4,0,,7,0,0,0,0,2,1,0,32,0,3,0,47,0,1,0,37,0,0,0,0,0,0,0,0,20,15,0,0,0,0,0
1917,2019,Jharkhand,20,Lohardaga,336,Lohardagga,0,1,0,0,0,0,14,0,0,,7,1,10,0,0,0,0,0,43,0,0,6,19,0,0,0,23,0,0,0,0,0,0,0,0,0,0,0,0,0,0,0
1918,2019,Jharkhand,20,Pakur,337,Pakur,0,1,0,0,0,0,18,0,0,,7,0,20,0,0,0,0,0,35,0,0,0,15,0,0,0,0,0,0,0,0,0,0,0,0,0,0,0,0,0,0,0
1919,2019,Jharkhand,20,Palamu,338,Palamu,0,14,3,0,0,0,95,14,12,,19,0,48,0,0,0,0,0,59,0,9,0,47,0,4,0,100,0,1,0,0,0,0,0,0,26,21,8,0,0,0,0
1920,2019,Jharkhand,20,Ramgarh,607,Ramgarh,0,10,0,0,0,0,16,3,0,,0,0,25,0,2,3,0,1,25,0,1,0,38,0,0,0,35,0,0,0,0,0,0,0,0,0,0,0,0,0,0,0
1921,2019,Jharkhand,20,Ranchi,339,Ranchi,0,12,0,0,0,0,115,0,0,,17,0,0,0,0,9,0,4,114,0,0,0,75,0,0,0,123,0,0,0,0,0,0,0,0,76,0,0,0,0,0,0
1922,2019,Jharkhand,20,Sahebganj,340,Sahebganj,0,6,2,0,0,0,316,0,0,,39,0,0,0,0,0,0,0,180,0,8,0,221,0,0,0,276,0,0,0,0,0,0,0,2,0,0,0,27,0,0,0
1923,2019,Jharkhand,20,Saraikela Kharsawan,341,Saraikela,0,0,3,0,0,0,28,0,0,,21,0,2,0,0,1,0,0,24,0,1,0,40,0,0,0,31,0,0,0,0,0,0,0,0,15,1,0,0,3,0,0
1924,2019,Jharkhand,20,Simdega,342,Simdega,0,2,0,0,0,0,12,0,0,,7,0,0,0,0,12,0,0,51,0,0,0,5,0,0,0,0,0,0,0,0,0,0,0,0,11,0,0,0,0,0,0
1925,2019,Karnataka,29,Bagalkote,524,Bagalkot,0,5,4,0,0,0,30,0,0,,1,0,0,0,0,0,0,0,2,0,0,0,180,0,1,0,8,0,0,0,0,0,0,0,0,26,1,2,0,2,0,0
1926,2019,Karnataka,29,Bengaluru Urban,525,Bengaluru City,1,40,105,0,4,0,469,605,0,,2,0,6,0,0,5,0,0,143,1,5,0,803,0,51,0,751,18,40,26,7,5,0,51,1,260,63,18,2,1,0,0
1927,2019,Karnataka,29,Bengaluru Urban,525,Bengaluru District,0,7,0,0,0,0,82,0,0,,2,0,7,0,0,0,0,0,17,0,0,0,124,0,1,0,31,0,0,0,0,1,0,0,0,60,9,5,4,1,0,0
1928,2019,Karnataka,29,Belagavi,527,Belagavi District,3,1,17,0,0,0,112,9,0,,1,0,4,0,0,0,0,0,22,2,0,0,212,0,3,0,23,0,0,0,0,0,0,0,0,65,7,9,1,4,0,0
1929,2019,Karnataka,29,Ballari,528,Ballari,1,3,7,0,0,0,69,24,0,,1,0,4,0,0,3,0,0,25,0,0,0,138,0,3,0,98,0,0,0,0,11,0,1,0,42,23,0,0,0,0,0
1930,2019,Karnataka,29,Bidar,529,Bidar,0,8,8,0,0,0,111,12,0,,4,0,6,0,0,0,0,0,14,0,2,0,84,0,5,0,36,0,0,0,0,1,0,1,0,32,2,4,0,0,0,0
1931,2019,Karnataka,29,Vijayapura,530,Vijayapura,0,3,13,0,0,0,87,4,0,,1,2,0,0,11,0,0,0,8,0,0,0,113,0,0,0,19,2,0,0,0,0,0,0,0,27,2,0,4,0,0,0
1932,2019,Karnataka,29,Chikkaballapura,630,Chikkaballapura,0,4,13,0,0,0,17,0,0,,2,0,0,0,0,0,0,0,16,0,0,0,63,0,0,0,25,0,11,0,0,0,0,0,0,61,12,0,0,0,0,0
1933,2019,Karnataka,29,Chamarajanagara,531,Chamarajnagar,0,3,2,0,0,0,52,0,0,,0,0,0,0,0,0,0,0,9,0,0,0,147,0,2,0,7,0,0,0,0,0,0,1,0,22,6,2,0,2,0,0
1934,2019,Karnataka,29,Chikkamagaluru,532,Chikkamagaluru,0,5,9,0,0,0,65,3,0,,1,0,0,0,0,0,0,0,16,0,0,0,144,0,1,0,18,0,0,1,0,0,0,0,0,39,16,2,0,1,2,0
1935,2019,Karnataka,29,Chitradurga,533,Chitradurga,9,10,0,0,0,0,49,5,0,,2,1,0,0,0,0,0,0,13,3,0,0,245,0,0,0,27,0,3,0,0,0,0,0,0,45,2,0,5,0,0,0
1936,2019,Karnataka,29,Dakshina Kannada,534,Dakshina Kannada,0,0,0,0,1,0,25,1,0,,0,0,0,0,0,0,0,0,11,0,0,0,40,0,2,0,4,0,1,0,0,0,0,0,0,38,8,9,0,0,0,0
1937,2019,Karnataka,29,Davangere,535,Davanagere,0,10,3,0,0,0,58,0,0,,1,0,1,0,0,0,0,0,13,0,0,0,164,0,1,1,56,1,0,0,0,0,0,0,0,53,1,9,0,1,0,0
1938,2019,Karnataka,29,Dharwad,536,Dharwad,1,0,0,0,0,0,3,1,0,,0,0,0,0,0,0,0,0,5,0,0,0,25,0,0,0,5,0,0,0,0,0,0,0,0,29,0,0,0,0,0,0
1939,2019,Karnataka,29,Gadag,537,Gadag,0,1,5,0,0,0,16,0,0,,4,0,0,0,0,0,0,0,8,7,0,0,72,0,0,0,6,0,0,0,0,0,0,0,0,15,1,2,0,0,0,0
1940,2019,Karnataka,29,Kalaburagi,538,Kalaburgi,1,11,3,0,0,0,112,0,0,,0,0,2,0,0,0,0,0,7,0,0,0,150,1,2,2,30,0,0,0,0,2,0,1,0,45,8,6,4,4,0,0
1941,2019,Karnataka,29,Hassan,539,Hassan,1,13,18,0,0,0,84,0,0,,2,0,0,0,64,0,0,0,14,0,0,0,200,0,2,0,78,0,3,0,0,0,0,5,0,62,25,0,0,0,0,0
1942,2019,Karnataka,29,Haveri,540,Haveri,1,3,5,0,0,0,33,0,0,,0,0,0,0,4,0,0,0,13,0,0,0,72,0,0,0,33,0,0,0,0,3,0,0,0,35,0,9,0,0,0,0
1943,2019,Karnataka,29,Dharwad,536,Hubballi Dharwad City,0,0,2,0,0,0,57,1,0,,0,0,0,0,1,2,0,0,3,0,0,0,39,0,0,0,0,1,0,0,0,0,0,0,0,15,3,1,0,0,0,0
1944,2019,Karnataka,29,Belagavi,527,K.G.F.,0,4,1,0,0,0,13,1,0,,0,0,0,0,0,0,0,0,5,0,0,0,32,0,1,0,11,0,0,0,0,0,0,0,0,20,4,2,0,0,0,0
1945,2019,Karnataka,29,Kodagu,541,Kodagu,1,2,0,0,0,0,35,21,0,,0,0,1,0,0,0,0,0,8,0,0,0,34,0,0,0,2,0,0,0,0,5,0,6,0,47,10,7,0,1,0,0
1946,2019,Karnataka,29,Kolar,542,Kolar,3,2,7,0,0,0,30,0,0,,0,0,0,0,0,0,0,0,4,0,0,0,77,0,0,0,21,0,0,0,0,0,0,0,0,36,8,1,0,2,0,0
1947,2019,Karnataka,29,Koppal,543,Koppal,0,5,5,0,0,0,60,0,0,,0,0,4,0,0,0,0,0,14,0,0,0,86,0,2,0,1,0,0,0,2,0,0,0,0,35,22,0,0,0,0,0
1948,2019,Karnataka,29,Mandya,544,Mandya,0,5,10,0,0,0,71,41,0,,2,0,2,0,0,0,0,0,7,0,0,0,193,0,5,0,30,0,0,0,5,0,0,0,0,44,26,0,0,0,0,0
1949,2019,Karnataka,29,Dakshina Kannada,534,Mangaluru City,0,3,1,0,0,0,34,5,0,,0,0,1,0,1,0,0,0,5,0,0,0,54,0,0,0,16,0,0,0,0,9,1,1,0,28,19,4,0,2,0,0
1950,2019,Karnataka,29,Mysuru,545,Mysuru City,0,4,7,0,0,0,75,0,0,,0,0,0,0,0,0,0,0,14,0,1,0,71,0,2,0,91,32,0,0,0,0,0,0,0,26,7,0,0,0,0,0
1951,2019,Karnataka,29,Mysuru,545,Mysuru District,0,3,13,0,0,0,57,0,0,,2,0,0,0,0,0,0,0,18,0,1,0,183,0,1,0,12,0,8,0,0,0,0,0,0,55,8,5,0,0,0,0
1952,2019,Karnataka,29,Raichur,546,Raichur,1,6,12,2,0,0,93,0,0,,1,0,0,0,0,0,0,0,9,0,1,0,137,0,0,0,69,0,0,0,0,0,0,0,0,34,4,5,0,0,0,0
1953,2019,Karnataka,29,Bengaluru Urban,525,K.Railways,0,1,12,0,0,0,0,0,0,,0,0,0,0,0,0,0,0,0,0,0,0,10,0,0,0,0,0,0,0,0,0,0,0,0,0,0,1,0,0,0,0
1954,2019,Karnataka,29,Ramanagara,631,Ramanagara,0,5,6,0,0,0,67,68,0,,0,0,0,0,0,0,0,0,9,0,1,0,131,0,0,0,31,0,0,0,0,0,0,1,0,48,6,3,0,0,0,0
1955,2019,Karnataka,29,Shivamogga,547,Shimoga,0,8,14,0,0,0,80,31,0,,1,0,1,0,1,0,0,0,11,0,0,0,331,0,4,0,64,0,0,0,0,0,0,3,0,97,12,6,1,0,0,0
1956,2019,Karnataka,29,Tumakuru,548,Tumakuru,0,8,9,0,0,0,47,0,0,,0,0,0,0,0,1,0,0,14,0,0,0,109,0,0,0,73,0,0,0,0,7,0,0,0,51,16,4,0,0,0,0
1957,2019,Karnataka,29,Udupi,549,Udupi,0,3,0,0,0,0,62,6,0,,0,0,0,0,1,0,0,0,9,0,0,0,95,0,2,0,23,0,0,0,0,2,0,0,0,43,5,3,1,0,0,0
1958,2019,Karnataka,29,Uttara Kannada,550,Uttara Kannada,0,2,5,0,0,0,50,1,0,,0,0,0,0,0,0,0,0,9,0,0,0,146,0,9,0,21,1,0,0,0,0,0,0,0,33,7,6,0,0,0,0
1959,2019,Karnataka,29,Yadgir,635,Yadgiri,0,3,6,0,0,0,53,3,0,,8,0,7,0,1,0,0,0,5,1,0,0,149,0,1,0,14,0,0,0,0,1,0,0,0,24,7,1,0,0,0,0
1960,2019,Karnataka,29,Belagavi,527,Belagavi City,0,1,9,0,0,0,77,12,0,,1,0,7,0,0,0,0,0,1,0,0,0,36,0,0,0,10,0,0,3,0,2,0,0,0,17,0,1,0,0,0,0
1961,2019,Karnataka,29,Kalaburagi,538,Kalaburgi City,0,2,1,0,0,0,37,0,0,,1,0,5,0,0,0,0,0,4,1,0,0,45,0,3,0,1,0,0,0,0,0,0,1,0,5,2,1,0,0,0,0
1962,2019,Kerala,32,Alappuzha,554,Alapuzha,1,1,6,0,0,0,138,15,0,,1,1,2,0,1,1,0,0,41,1,7,70,267,3,33,30,1,0,0,0,0,0,11,3,1,0,48,6,3,0,0,1
1963,2019,Kerala,32,Ernakulam,555,Ernakulam Commissionerate,0,0,1,0,0,0,89,8,0,,2,2,0,0,0,5,0,0,61,0,0,32,182,0,41,41,0,0,0,0,0,0,8,1,0,0,13,6,0,0,0,0
1964,2019,Kerala,32,Ernakulam,555,Ernakulam Rural,2,1,0,0,1,0,110,17,0,,0,7,0,0,2,28,0,0,41,2,2,69,256,1,34,64,0,0,0,0,0,1,12,3,1,8,9,5,0,1,0,0
1965,2019,Kerala,32,Idukki,556,Idukki,0,0,3,0,0,0,83,0,0,,0,0,1,0,1,0,0,0,29,2,4,53,207,0,13,21,0,0,0,0,0,0,12,1,0,23,15,8,8,0,0,0
1966,2019,Kerala,32,Kannur,557,Kannur,0,0,5,0,0,0,232,5,0,,0,0,0,0,0,16,0,0,41,1,5,57,220,0,23,10,0,0,0,0,0,0,4,4,0,0,66,11,0,0,0,0
1967,2019,Kerala,32,Kasaragod,558,Kasargod,0,0,0,0,0,0,102,1,0,,0,0,0,0,3,0,0,0,30,0,0,57,127,0,5,45,0,0,0,0,0,0,1,0,0,0,0,0,5,0,0,0
1968,2019,Kerala,32,Kollam,559,Kollam Commissionerate,0,1,3,0,0,0,145,8,0,,0,1,0,0,0,10,0,0,22,2,0,55,199,0,15,3,0,0,0,1,0,0,4,3,0,0,47,0,0,0,0,0
1969,2019,Kerala,32,Kollam,559,Kollam Rural,8,0,1,0,0,0,150,0,0,,0,0,0,0,0,0,0,0,28,0,4,72,237,0,21,45,0,0,0,1,0,0,6,1,0,0,0,0,42,0,0,0
1970,2019,Kerala,32,Kottayam,560,Kottayam,1,0,0,0,0,0,83,9,0,,1,2,1,0,1,1,0,0,45,2,3,59,191,1,39,56,0,0,0,0,0,0,7,2,0,10,19,3,0,0,0,5
1971,2019,Kerala,32,Kozhikode,561,Kozhikode Commissionerate,0,1,0,0,0,0,163,16,0,,1,3,2,0,0,5,0,0,29,0,1,48,124,0,24,34,0,0,0,0,0,0,3,0,2,0,14,3,0,0,0,0
1972,2019,Kerala,32,Kozhikode,561,Kozhikode Rural,0,2,2,0,0,0,293,17,0,,0,1,7,0,0,4,0,0,29,2,0,50,198,1,10,55,0,0,0,0,0,0,5,2,2,0,19,3,0,0,0,0
1973,2019,Kerala,32,Malappuram,562,Malappuram,0,0,6,0,0,0,428,11,0,,0,0,1,0,0,1,0,0,87,0,0,119,260,0,31,110,0,0,0,0,0,0,11,7,0,0,6,5,1,1,0,1
1974,2019,Kerala,32,Palakkad,563,Palakkad,2,0,2,0,0,0,207,20,0,,0,1,4,0,0,10,0,0,41,1,0,104,146,0,13,95,0,0,0,0,0,0,12,1,0,1,12,5,0,1,0,0
1975,2019,Kerala,32,Pathanamthitta,564,Pathanamthitta,0,0,0,0,1,1,69,4,0,,0,0,1,0,0,10,0,0,32,0,2,59,147,0,21,3,0,0,0,0,0,0,6,0,2,0,35,15,5,0,0,0
1976,2019,Kerala,32,Thiruvananthapuram,565,Railways,0,0,0,0,0,0,0,0,0,,0,0,1,0,0,1,0,0,2,0,0,0,36,0,5,0,0,0,0,0,0,0,0,0,0,0,3,0,0,0,0,0
1977,2019,Kerala,32,Thrissur,566,Thrissur Commissionerate,0,0,0,0,0,0,170,0,0,,0,0,0,0,4,6,0,0,61,5,2,55,175,0,22,5,1,0,0,2,0,0,12,3,2,0,58,0,0,0,0,0
1978,2019,Kerala,32,Thrissur,566,Thrissur Rural,0,0,3,0,0,0,157,11,0,,0,4,0,0,0,0,0,0,26,0,3,48,129,0,21,63,0,0,0,0,0,0,12,1,1,2,19,7,0,0,0,0
1979,2019,Kerala,32,Thiruvananthapuram,565,Trivandrum Commissionerate,0,0,4,0,0,0,81,0,0,,2,0,0,0,0,0,0,0,41,8,1,35,199,0,21,6,0,0,0,0,0,2,35,6,6,20,57,13,0,0,0,0
1980,2019,Kerala,32,Thiruvananthapuram,565,Trivandrum Rural,0,2,5,0,0,0,204,4,0,,1,0,0,0,0,1,0,0,49,4,9,157,350,0,10,3,1,0,0,0,0,0,25,5,1,0,107,27,7,1,0,0
1981,2019,Kerala,32,Wayanad,567,Wayanadu,0,0,1,1,0,0,66,2,0,,0,2,0,0,8,1,0,0,24,0,2,63,117,0,9,49,0,0,3,0,0,0,8,0,0,0,0,0,0,0,0,0
1982,2019,Kerala,32,Thiruvananthapuram,565,Crime Branch,0,0,0,0,0,0,0,0,0,,0,0,0,0,0,0,0,0,2,0,0,0,2,0,0,0,0,0,0,0,0,0,0,0,0,3,0,0,0,0,0,0
1983,2019,Madhya Pradesh,23,Agar-Malwa,667,Agar,0,2,5,0,0,0,47,0,0,,0,0,0,0,0,0,0,0,12,0,0,0,42,0,2,0,0,0,0,0,0,0,0,0,0,21,13,0,0,0,0,0
1984,2019,Madhya Pradesh,23,Alirajpur,639,Alirajpur,0,0,13,3,0,0,24,28,0,,2,0,0,0,0,0,0,0,37,58,0,0,43,0,0,0,0,0,0,0,0,0,0,0,0,56,14,0,0,0,0,0
1985,2019,Madhya Pradesh,23,Anuppur,390,Anuppur,2,9,5,0,0,0,65,95,0,,0,0,0,0,0,0,0,0,31,1,0,0,46,0,1,0,2,0,0,0,0,0,0,1,0,59,21,0,0,0,0,0
1986,2019,Madhya Pradesh,23,Ashoknagar,391,Ashok Nagar,2,5,6,0,0,0,53,43,0,,1,0,0,0,0,1,0,0,34,0,0,0,65,0,1,0,0,0,0,0,0,0,0,0,0,69,29,0,0,0,0,0
1987,2019,Madhya Pradesh,23,Balaghat,392,Balaghat,1,11,11,2,0,0,147,197,0,,0,0,0,0,1,0,0,0,81,0,1,0,111,0,2,0,7,0,0,0,0,0,0,0,0,58,39,0,3,0,0,0
1988,2019,Madhya Pradesh,23,Barwani,393,Barwani,0,5,12,0,0,0,32,2,0,,1,0,0,0,0,0,0,0,25,0,0,0,47,0,2,0,0,0,0,0,0,0,0,1,0,53,30,0,0,0,0,0
1989,2019,Madhya Pradesh,23,Betul,394,Betul,1,10,13,0,1,0,77,0,0,,4,0,0,0,0,1,0,0,65,219,2,0,115,0,3,0,1,0,0,0,0,0,0,1,0,42,56,0,0,0,0,0
1990,2019,Madhya Pradesh,23,Bhind,395,Bhind,0,28,0,0,0,0,133,80,0,,1,0,0,0,0,0,0,0,35,4,0,0,64,0,5,0,0,0,0,0,0,0,0,0,0,31,17,0,0,0,0,0
1991,2019,Madhya Pradesh,23,Bhopal,396,Bhopal,2,16,18,0,0,0,394,289,1,,5,0,4,0,4,1,0,0,178,16,1,0,358,0,13,0,23,0,0,0,0,0,0,0,0,152,221,2,0,0,0,0
1992,2019,Madhya Pradesh,23,Bhopal,396,Bhopal Railway,0,1,0,0,0,0,1,1,0,,0,0,0,0,0,0,0,0,3,0,1,0,24,0,2,0,0,0,0,0,0,0,0,0,0,6,2,0,0,0,0,0
1993,2019,Madhya Pradesh,23,Burhanpur,397,Burhanpur,0,4,2,0,0,0,16,0,0,,0,0,0,0,0,0,0,0,10,3,0,0,45,0,1,0,0,0,0,0,0,0,0,0,0,39,21,9,0,0,0,0
1994,2019,Madhya Pradesh,23,Chhatarpur,398,Chhatarpur,0,17,14,0,0,0,121,37,0,,0,0,0,0,0,0,0,0,47,23,0,0,81,2,0,0,0,1,0,0,0,0,0,2,0,42,165,12,0,0,0,0
1995,2019,Madhya Pradesh,23,Chhindwara,399,Chhindwara,2,9,15,0,0,0,76,216,0,,0,0,0,0,0,1,0,0,64,30,0,0,81,0,0,0,1,0,0,0,0,0,0,0,0,42,0,0,0,0,0,0
1996,2019,Madhya Pradesh,23,Damoh,400,Damoh,0,15,22,0,0,0,62,115,0,,1,0,0,0,16,0,0,0,21,2,0,0,82,0,2,0,1,0,0,0,0,0,0,0,0,20,40,0,0,0,0,0
1997,2019,Madhya Pradesh,23,Datia,401,Datia,0,8,4,0,0,0,65,53,0,,0,0,0,0,0,0,0,0,33,0,0,0,91,0,1,0,2,0,0,0,0,0,0,2,0,10,31,0,0,0,0,0
1998,2019,Madhya Pradesh,23,Dewas,402,Dewas,1,4,13,0,0,0,175,100,0,,0,0,0,0,0,1,0,0,51,11,2,0,166,1,13,0,1,0,0,0,0,0,38,0,0,91,62,2,0,0,0,0
1999,2019,Madhya Pradesh,23,Dhar,403,Dhar,0,10,19,1,0,0,79,228,0,,1,0,0,0,4,0,0,0,94,59,1,0,134,0,3,0,0,0,0,0,0,0,2,0,0,138,64,1,0,0,0,0
2000,2019,Madhya Pradesh,23,Dindori,404,Dindori,0,2,8,0,0,0,91,74,0,,1,0,0,0,0,1,0,0,40,0,0,0,57,0,1,0,0,0,0,0,0,0,0,0,0,37,21,0,0,0,0,0
2001,2019,Madhya Pradesh,23,Guna,406,Guna,0,7,8,0,0,0,85,77,0,,2,0,0,0,0,1,0,0,39,1,1,0,113,1,4,0,0,0,0,0,0,0,0,0,0,66,59,0,0,0,0,0
2002,2019,Madhya Pradesh,23,Gwalior,407,Gwalior,0,31,26,0,0,0,497,160,1,,4,0,3,0,4,4,0,1,131,8,6,0,288,0,8,0,6,0,0,2,0,0,0,14,0,124,121,0,0,0,0,0
2003,2019,Madhya Pradesh,23,Harda,408,Harda,0,2,3,0,0,0,51,0,0,,0,0,1,0,0,0,0,0,24,0,0,0,36,0,1,0,0,0,0,0,0,0,0,0,0,61,31,0,0,0,0,0
2004,2019,Madhya Pradesh,23,Narmadapuram,409,Hoshangabad,0,8,8,0,0,0,100,114,0,,0,0,2,0,0,1,0,0,46,9,0,0,116,0,6,0,0,0,0,0,0,0,0,0,0,69,48,1,0,0,0,0
2005,2019,Madhya Pradesh,23,Indore,410,Indore,3,18,30,0,2,0,571,476,0,,3,0,0,0,3,1,0,0,175,20,1,0,413,0,22,0,1,13,0,0,0,0,1,0,1,227,160,3,0,0,0,0
2006,2019,Madhya Pradesh,23,Indore,410,Indore Railway,0,0,2,0,0,0,1,0,0,,0,0,0,0,0,0,0,0,0,0,0,0,9,0,0,0,0,0,0,0,0,0,0,0,0,0,3,0,0,0,0,0
2007,2019,Madhya Pradesh,23,Jabalpur,411,Jabalpur,0,28,19,0,0,0,215,315,0,,1,0,4,0,0,0,1,0,145,4,0,0,220,0,11,0,8,0,0,0,0,0,207,0,0,103,88,0,0,0,1,0
2008,2019,Madhya Pradesh,23,Jabalpur,411,Jabalpur Railway,0,0,0,0,1,0,3,0,0,,1,0,0,0,0,0,0,0,0,0,0,0,10,0,0,0,0,0,0,0,0,0,0,0,0,0,3,0,0,0,0,0
2009,2019,Madhya Pradesh,23,Jhabua,412,Jhabua,0,0,11,0,0,0,9,0,0,,2,0,0,0,0,0,0,0,27,75,0,0,28,0,1,0,0,0,0,0,0,0,0,0,0,13,10,0,0,0,0,0
2010,2019,Madhya Pradesh,23,Katni,413,Katni,1,16,5,0,0,0,35,127,0,,0,0,0,0,0,0,0,0,24,1,0,0,82,0,1,0,0,0,0,0,0,0,0,0,0,57,32,0,0,0,0,0
2011,2019,Madhya Pradesh,23,Khandwa (East Nimar),405,Khandwa,0,3,11,0,0,0,49,82,1,,0,0,0,0,0,0,0,0,27,7,0,0,119,0,2,0,0,0,0,0,0,0,0,0,0,102,49,1,0,0,0,0
2012,2019,Madhya Pradesh,23,Khargone (West Nimar),414,Khargone,0,4,17,1,0,0,77,30,0,,0,0,0,0,0,0,0,0,37,28,0,0,141,0,5,0,0,0,0,0,0,0,0,0,0,121,84,1,0,0,0,0
2013,2019,Madhya Pradesh,23,Mandla,415,Mandla,0,5,6,0,0,0,29,83,0,,1,0,2,0,0,2,0,0,18,3,0,0,30,0,1,0,0,0,0,0,0,0,0,0,0,20,17,0,0,0,0,0
2014,2019,Madhya Pradesh,23,Mandsaur,416,Mandsaur,0,3,12,0,0,0,25,56,0,,23,0,0,0,0,5,0,0,13,0,1,0,88,0,3,0,0,0,0,0,0,0,0,0,0,61,41,1,0,0,0,0
2015,2019,Madhya Pradesh,23,Morena,417,Morena,1,30,21,0,0,0,176,56,0,,3,0,0,0,0,0,0,0,57,0,2,0,96,0,6,0,1,0,0,0,0,0,0,0,0,37,68,0,0,0,0,0
2016,2019,Madhya Pradesh,23,Narsimhapur,418,Narsinghpur,2,11,3,0,1,0,40,104,0,,1,0,0,0,0,0,0,0,20,2,0,0,64,0,1,0,0,0,0,0,0,0,0,0,0,47,20,0,0,0,0,0
2017,2019,Madhya Pradesh,23,Neemuch,419,Neemuch,0,1,6,0,0,0,43,31,0,,0,0,0,0,0,2,4,0,14,0,0,0,36,0,0,0,0,0,0,0,0,0,0,0,0,41,12,0,0,0,0,0
2018,2019,Madhya Pradesh,23,Panna,420,Panna,2,17,10,1,0,0,38,131,0,,0,0,0,0,0,0,0,0,17,0,0,0,83,0,0,0,0,0,0,0,0,0,0,0,0,12,36,0,0,0,0,0
2019,2019,Madhya Pradesh,23,Raisen,421,Raisen,0,9,6,1,0,0,78,125,0,,2,0,0,0,0,1,0,0,67,0,0,0,109,0,4,0,0,0,0,0,0,0,0,0,0,91,48,2,0,0,0,0
2020,2019,Madhya Pradesh,23,Rajgarh,422,Rajgarh,0,3,12,0,0,0,133,1,0,,0,0,0,0,0,0,0,0,21,0,1,0,132,0,3,0,0,0,0,0,0,0,0,1,0,89,57,0,0,0,0,0
2021,2019,Madhya Pradesh,23,Ratlam,423,Ratlam,2,4,22,0,1,1,119,124,0,,1,0,0,0,1,0,1,0,81,28,0,0,151,0,5,0,0,0,0,0,0,0,0,0,0,128,69,0,0,0,0,0
2022,2019,Madhya Pradesh,23,Rewa,424,Rewa,1,32,23,16,0,0,114,262,0,,1,0,0,0,0,0,0,0,63,4,1,0,134,2,2,0,2,0,0,1,0,0,0,0,0,94,62,0,0,0,0,0
2023,2019,Madhya Pradesh,23,Sagar,425,Sagar,4,23,19,0,0,0,128,1,0,,17,0,0,0,1,1,0,0,68,253,1,0,168,0,5,0,1,0,0,0,0,2,0,0,0,133,110,0,0,0,1,0
2024,2019,Madhya Pradesh,23,Satna,426,Satna,2,21,18,0,0,0,131,0,0,,1,0,0,0,0,2,0,0,39,252,3,0,130,0,2,0,0,0,0,0,0,0,0,0,0,82,71,0,0,0,0,0
2025,2019,Madhya Pradesh,23,Seoni,428,Seoni,1,9,6,0,0,0,136,8,0,,0,0,0,0,0,0,0,0,33,165,0,0,93,1,3,0,0,0,0,0,0,0,0,0,0,34,40,0,0,0,0,0
2026,2019,Madhya Pradesh,23,Shahdol,429,Shahdol,1,10,13,1,1,0,151,139,0,,2,0,5,0,0,0,0,0,38,1,1,0,92,0,4,0,0,0,0,0,0,0,0,0,0,75,44,0,0,0,0,0
2027,2019,Madhya Pradesh,23,Shajapur,430,Shajapur,0,5,6,0,0,0,57,30,0,,0,0,0,0,0,0,0,0,20,1,0,0,79,0,1,0,0,0,0,0,0,0,0,0,0,49,31,0,6,0,0,0
2028,2019,Madhya Pradesh,23,Sheopur,431,Sheopur,0,1,3,0,0,0,19,16,0,,0,0,0,0,0,0,0,0,13,3,0,0,19,0,0,0,0,0,0,0,0,0,0,0,0,15,18,0,0,0,0,0
2029,2019,Madhya Pradesh,23,Shivpuri,432,Shivpuri,1,16,10,0,0,0,64,116,0,,0,0,0,0,0,0,0,0,56,0,2,0,137,0,5,0,2,0,0,0,0,0,0,0,0,46,54,0,0,0,0,0
2030,2019,Madhya Pradesh,23,Sidhi,433,Sidhi,0,9,19,0,0,0,63,5,0,,0,0,0,0,0,0,0,0,22,0,0,0,62,0,1,0,0,0,0,0,0,0,0,0,0,21,40,0,0,0,0,0
2031,2019,Madhya Pradesh,23,Sehore,427,Sehore,0,6,11,0,0,0,82,0,0,,8,0,0,0,0,1,0,0,35,108,1,0,92,2,2,0,0,0,0,0,0,0,0,0,0,79,66,0,0,0,0,0
2032,2019,Madhya Pradesh,23,Singrauli,638,Singrauli,2,18,16,1,0,0,81,0,0,,0,0,0,0,1,0,0,0,55,29,0,0,52,0,0,0,0,0,0,0,0,0,0,0,0,57,17,0,0,0,0,0
2033,2019,Madhya Pradesh,23,Tikamgarh,434,Tikamgarh,0,16,5,0,0,0,39,31,0,,0,0,0,0,0,1,0,0,30,42,0,0,65,0,1,0,0,0,0,0,0,0,0,0,0,57,48,0,0,0,0,0
2034,2019,Madhya Pradesh,23,Ujjain,435,Ujjain,1,6,8,0,1,0,172,0,0,,1,0,0,0,0,0,0,0,64,13,0,0,232,0,7,0,0,0,0,2,0,0,0,1,0,52,82,2,0,0,0,0
2035,2019,Madhya Pradesh,23,Umaria,436,Umaria,0,4,4,0,0,0,44,43,0,,0,0,0,0,0,0,0,0,11,15,0,0,28,0,0,0,0,0,0,0,0,0,0,0,0,23,16,0,0,0,0,0
2036,2019,Madhya Pradesh,23,Vidisha,437,Vidisha,2,15,17,0,0,0,126,103,0,,2,0,1,0,1,1,0,0,71,10,0,0,155,1,4,0,0,0,0,0,0,0,0,0,0,77,45,0,0,0,0,0
2037,2019,Madhya Pradesh,23,Indore,410,Cyber Crime Cell,0,0,0,0,0,0,0,0,0,,0,0,0,0,0,0,0,0,0,0,0,0,0,0,0,0,0,0,0,0,0,0,0,37,0,0,0,0,0,0,0,0
2038,2019,Madhya Pradesh,23,Niwari,722,Niwari,0,3,3,0,0,0,47,0,0,,1,0,0,0,0,0,0,0,23,24,0,0,31,0,1,0,0,0,0,0,0,0,0,0,0,8,22,0,0,0,0,0
2039,2019,Maharashtra,27,Ahmednagar,466,Ahmednagar,0,7,55,0,0,0,491,275,0,,18,0,0,0,0,0,0,0,60,39,0,0,486,0,24,0,0,0,7,0,0,0,0,0,3,78,127,0,0,0,0,0
2040,2019,Maharashtra,27,Akola,467,Akola,0,3,15,1,0,0,254,83,0,,1,0,0,0,0,0,0,0,31,11,0,0,197,0,3,0,1,0,0,0,0,0,0,0,0,50,74,0,0,0,0,0
2041,2019,Maharashtra,27,Amravati,468,Amravati Commissionerate,8,0,7,0,0,0,108,85,0,,1,0,0,0,2,0,0,0,38,8,0,0,225,0,3,0,1,0,0,0,0,0,0,0,1,42,82,0,0,0,0,0
2042,2019,Maharashtra,27,Amravati,468,Amravati Rural,0,2,28,2,0,0,184,108,0,,0,0,0,0,0,2,0,0,38,8,0,0,175,0,3,0,3,0,0,0,0,0,0,4,6,63,52,1,0,0,0,0
2043,2019,Maharashtra,27,Chhatrapati Sambhajinagar,469,Aurangabad Commissionerate,0,3,18,1,0,0,233,121,0,,2,0,3,0,0,0,0,0,43,2,0,0,233,0,12,0,0,2,1,0,0,0,1,1,0,42,68,0,0,0,0,0
2044,2019,Maharashtra,27,Chhatrapati Sambhajinagar,469,Aurangabad Rural,0,10,27,1,0,0,214,36,0,,0,0,0,0,0,0,0,0,17,13,0,0,95,0,1,0,0,0,0,1,0,1,0,0,0,43,31,0,0,0,0,0
2045,2019,Maharashtra,27,Beed,470,Beed,0,11,34,1,1,0,263,71,0,,3,0,4,0,0,4,0,0,45,7,0,0,204,0,2,0,0,0,0,0,0,0,0,0,1,61,52,0,0,0,0,0
2046,2019,Maharashtra,27,Bhandara,471,Bhandara,0,2,3,0,0,0,45,71,0,,1,0,0,0,1,0,0,0,33,0,0,0,85,0,12,0,2,0,0,0,0,0,2,0,0,30,14,0,0,0,0,0
2047,2019,Maharashtra,27,Buldhana,472,Buldhana,1,11,21,0,0,0,187,68,0,,5,0,0,0,1,0,0,0,40,17,0,0,258,0,13,0,2,3,0,0,0,0,1,0,1,34,87,0,0,0,0,0
2048,2019,Maharashtra,27,Chandrapur,473,Chandrapur,0,3,8,0,0,0,113,95,0,,1,0,0,0,0,0,2,0,41,76,0,0,159,0,22,0,2,0,0,0,0,3,0,3,0,55,68,1,0,0,0,0
2049,2019,Maharashtra,27,Dhule,474,Dhule,0,2,13,0,0,0,293,4,0,,0,0,0,0,0,0,0,0,12,27,0,0,104,0,3,0,0,0,0,0,0,0,0,0,0,26,26,0,0,0,0,0
2050,2019,Maharashtra,27,Gadchiroli,475,Gadchiroli,0,0,3,0,0,0,20,41,0,,0,0,0,0,0,0,0,0,17,0,0,0,47,0,12,0,2,0,0,0,0,0,0,0,0,37,21,0,0,0,0,0
2051,2019,Maharashtra,27,Gondia,476,Gondia,0,2,6,0,1,0,39,91,0,,0,0,2,0,1,0,0,0,26,4,0,0,116,0,10,0,4,0,0,0,0,0,0,1,0,38,35,0,0,0,0,0
2052,2019,Maharashtra,27,Hingoli,477,Hingoli,0,4,10,1,1,0,144,25,0,,0,0,2,0,0,0,0,0,20,3,0,0,68,0,2,0,0,1,0,0,0,0,0,0,0,23,21,0,0,0,1,0
2053,2019,Maharashtra,27,Jalgaon,478,Jalgaon,0,4,28,0,1,0,265,0,0,,0,0,0,0,11,0,0,0,37,128,0,0,241,0,6,0,0,0,0,0,2,0,1,0,0,67,65,0,0,0,0,0
2054,2019,Maharashtra,27,Jalna,479,Jalna,0,2,5,0,0,0,396,0,0,,22,0,0,0,11,0,0,0,39,12,0,0,280,0,0,0,0,0,0,0,0,0,0,0,5,10,12,0,0,0,0,0
2055,2019,Maharashtra,27,Kolhapur,480,Kolhapur,0,7,17,0,0,0,139,175,0,,5,0,0,0,2,16,0,0,49,35,0,0,184,0,8,0,0,1,0,0,0,0,0,0,0,79,56,0,0,0,0,0
2056,2019,Maharashtra,27,Latur,481,Latur,13,5,7,0,0,0,210,84,0,,0,0,0,0,0,0,0,0,37,12,0,0,145,0,0,0,0,0,0,1,0,0,0,0,0,25,27,0,0,0,0,0
2057,2019,Maharashtra,27,Mumbai,482,Mumbai Commissionerate,2,17,41,0,2,0,699,1303,0,,3,0,1,0,4,67,0,0,394,16,3,0,2069,0,575,0,0,1,2,8,21,5,0,4,13,622,609,23,14,0,1,0
2058,2019,Maharashtra,27,Mumbai,482,Mumbai Railway,0,0,1,0,0,0,0,0,0,,0,0,0,0,0,0,0,0,1,2,0,0,140,0,11,0,0,0,0,0,0,0,0,0,0,5,11,0,0,0,0,0
2059,2019,Maharashtra,27,Nagpur,484,Nagpur Commissionerate,0,5,18,0,0,0,136,384,0,,0,0,2,1,3,14,0,0,73,14,0,0,222,0,8,0,2,1,0,24,0,0,1,3,2,110,117,4,0,0,0,0
2060,2019,Maharashtra,27,Nagpur,484,Nagpur Railway,0,0,0,0,0,0,1,0,0,,1,0,1,0,0,0,0,0,1,1,0,0,4,0,3,0,0,0,0,0,0,0,0,0,0,0,0,0,0,0,0,0
2061,2019,Maharashtra,27,Nagpur,484,Nagpur Rural,10,0,20,0,0,0,28,1,0,,0,0,0,0,0,0,0,0,33,0,0,0,167,0,6,0,0,0,0,0,0,0,0,0,0,37,63,0,0,0,0,0
2062,2019,Maharashtra,27,Nanded,485,Nanded,0,9,10,0,0,0,314,74,0,,7,0,0,0,6,0,0,0,47,23,0,0,167,0,11,0,1,0,0,0,0,0,0,0,0,51,53,0,0,0,0,0
2063,2019,Maharashtra,27,Nandurbar,486,Nandurbar,0,0,7,0,0,0,70,3,0,,1,0,0,0,0,0,0,0,22,2,0,0,61,0,3,0,0,0,0,0,0,0,0,0,0,30,14,0,1,0,0,0
2064,2019,Maharashtra,27,Nashik,487,Nasik Commissionerate,0,6,27,0,0,0,230,201,0,,0,0,1,0,0,0,0,0,25,1,0,0,161,0,27,0,0,7,1,5,0,3,0,0,0,33,44,0,0,0,0,0
2065,2019,Maharashtra,27,Nashik,487,Nasik Rural,0,2,38,0,0,0,474,62,0,,2,0,5,0,0,0,0,0,44,173,0,0,188,0,5,0,0,0,0,0,0,0,0,1,1,77,58,0,1,0,0,0
2066,2019,Maharashtra,27,Mumbai Suburban,483,Navi Mumbai,1,1,11,0,0,0,174,254,0,,1,0,1,0,0,4,0,0,70,0,1,0,181,0,38,0,0,14,0,0,0,0,0,0,0,98,70,2,0,3,2,0
2067,2019,Maharashtra,27,Dharashiv,488,Osmanabad,0,3,23,0,0,0,73,29,0,,2,0,0,0,5,0,0,0,24,15,0,0,144,0,5,0,0,0,0,0,0,0,0,0,0,36,39,0,0,0,0,0
2068,2019,Maharashtra,27,Palghar,665,Palghar,0,4,26,0,0,0,99,387,0,,1,0,0,0,1,16,0,0,105,3,0,0,234,0,23,0,0,0,1,0,0,3,1,10,0,116,106,3,0,0,0,0
2069,2019,Maharashtra,27,Parbhani,489,Parbhani,0,6,13,0,0,0,208,50,0,,3,0,0,0,1,0,0,0,28,7,0,0,93,0,1,0,0,0,0,0,0,0,0,0,0,40,35,1,1,0,0,0
2070,2019,Maharashtra,27,Pune,490,Pune Commissionerate,0,10,21,0,0,1,325,268,0,,1,0,0,0,0,33,0,0,90,13,0,0,308,0,38,0,0,6,0,0,0,5,0,6,6,136,113,5,1,3,1,0
2071,2019,Maharashtra,27,Pune,490,Pune Railway,0,0,0,0,0,0,0,0,0,,0,0,0,0,0,0,0,0,1,0,0,0,8,0,1,0,0,0,0,0,0,0,0,0,0,3,0,0,0,0,0,0
2072,2019,Maharashtra,27,Pune,490,Pune Rural,0,7,32,0,0,0,223,327,0,,2,0,0,0,0,0,0,0,109,17,0,0,425,0,13,0,0,3,3,7,2,0,0,0,0,110,149,0,0,0,0,0
2073,2019,Maharashtra,27,Raigad,491,Raigad,7,0,4,0,0,0,30,0,0,,0,0,0,0,0,0,0,0,18,0,0,0,81,0,11,0,0,1,0,0,0,0,0,0,0,31,0,0,0,0,0,0
2074,2019,Maharashtra,27,Ratnagiri,492,Ratnagiri,0,1,7,0,0,0,15,56,0,,0,0,0,0,0,0,0,0,11,0,0,0,62,0,24,0,0,0,0,0,0,0,2,0,0,36,17,1,0,0,0,0
2075,2019,Maharashtra,27,Sangli,493,Sangli,0,8,17,0,0,0,86,174,0,,2,0,0,0,7,8,0,0,40,19,0,0,214,0,7,0,0,0,0,0,0,1,0,0,0,88,74,0,0,0,0,0
2076,2019,Maharashtra,27,Satara,494,Satara,0,1,33,0,0,0,170,172,0,,7,0,3,0,0,4,0,0,49,5,0,0,268,0,14,0,0,0,0,0,0,0,0,0,0,98,109,0,0,0,0,0
2077,2019,Maharashtra,27,Sindhudurg,495,Sindhudurg,0,0,5,0,0,0,3,16,0,,0,0,0,0,0,0,0,0,7,0,0,0,43,0,11,0,0,0,0,0,0,0,0,0,2,8,8,1,0,0,0,0
2078,2019,Maharashtra,27,Solapur,496,Solapur Commissionerate,0,2,6,0,0,0,91,4,0,,1,0,0,0,0,3,0,0,21,3,0,0,74,0,6,0,0,0,0,0,0,1,0,0,0,33,34,0,0,0,0,0
2079,2019,Maharashtra,27,Solapur,496,Solapur Rural,0,8,36,0,0,0,151,148,0,,1,0,0,0,1,3,0,0,61,23,0,0,325,0,6,0,0,0,0,0,0,1,0,0,0,97,100,0,0,0,1,0
2080,2019,Maharashtra,27,Thane,497,Thane Commissionerate,4,10,34,1,0,0,427,233,0,,0,0,0,0,28,37,0,0,115,1,0,0,426,0,30,0,0,1,0,0,0,0,2,5,3,208,182,6,0,0,1,0
2081,2019,Maharashtra,27,Thane,497,Thane Rural,1,4,12,0,0,0,113,0,0,,0,0,0,0,0,8,0,0,74,0,0,0,192,0,13,0,2,0,0,0,0,0,0,0,0,61,54,1,0,0,0,0
2082,2019,Maharashtra,27,Wardha,498,Wardha,0,3,8,0,0,0,45,98,0,,1,0,2,0,0,0,0,0,14,5,0,0,137,0,14,0,1,0,0,0,0,0,0,1,0,41,58,0,0,0,0,0
2083,2019,Maharashtra,27,Washim,499,Washim,0,4,14,0,0,0,168,2,0,,3,0,0,0,0,0,0,0,24,13,0,0,106,0,2,0,1,0,0,0,0,1,0,0,0,18,32,0,0,0,0,0
2084,2019,Maharashtra,27,Yavatmal,500,Yavatmal,0,3,12,0,0,0,243,119,0,,8,0,0,0,0,0,0,0,67,36,0,0,250,0,12,0,2,0,0,0,0,0,0,0,0,38,57,29,0,0,0,0
2085,2019,Maharashtra,27,Pune,490,Pimpri Chinchwad City,0,4,21,0,0,0,236,75,0,,3,0,3,0,0,1,0,0,107,2,0,0,404,0,18,0,0,1,0,0,0,0,0,3,0,53,36,16,0,0,0,0
2086,2019,Maharashtra,27,Chhatrapati Sambhajinagar,469,Aurangabad Railway,0,0,0,0,0,0,0,7,0,,0,0,0,0,0,0,0,0,1,0,0,0,16,0,2,0,0,0,0,0,0,0,0,0,0,0,0,0,0,0,0,0
2087,2019,Manipur,14,Bishnupur,252,Bishnupur,0,0,0,0,0,0,0,0,0,,7,0,0,0,0,1,0,0,2,0,0,4,5,0,0,0,0,0,0,0,0,0,0,0,0,10,0,1,0,0,0,0
2088,2019,Manipur,14,Chandel,253,Chandel,0,0,0,0,0,0,0,0,0,,0,0,0,0,0,0,0,0,0,0,0,0,0,0,0,0,0,0,0,0,0,0,0,0,0,2,0,0,0,0,0,0
2089,2019,Manipur,14,Churachandpur,254,Churachandpur,0,0,0,0,0,0,0,0,0,,0,0,0,0,1,0,0,0,0,0,0,0,1,0,0,0,0,0,0,0,0,0,0,0,0,1,0,0,1,0,0,0
2090,2019,Manipur,14,Imphal West,256,Cid,0,0,0,0,0,0,0,0,0,,0,0,0,0,0,0,0,0,0,0,0,0,3,0,6,0,0,0,0,0,0,0,0,1,0,0,0,0,0,0,0,0
2091,2019,Manipur,14,Imphal East,255,Imphal East,0,0,0,0,0,0,3,0,0,,11,0,1,0,0,0,0,0,2,8,0,6,12,0,1,3,0,0,0,0,0,0,0,0,0,4,2,0,0,0,0,0
2092,2019,Manipur,14,Imphal West,256,Imphal West,0,0,1,0,0,0,4,0,0,,7,0,12,0,1,0,0,0,10,5,0,0,24,0,0,0,0,0,0,0,0,0,0,0,0,19,4,0,0,0,0,0
2093,2019,Manipur,14,Senapati,257,Senapati,0,0,0,0,0,0,0,0,0,,0,0,0,0,0,0,0,0,1,0,0,0,1,0,0,0,0,0,0,0,0,0,0,0,0,0,0,0,0,0,0,0
2094,2019,Manipur,14,Tamenglong,258,Tamenglong,0,0,0,0,0,0,0,0,0,,0,0,0,0,0,0,0,0,0,0,0,0,0,0,0,0,0,0,0,0,0,0,0,0,0,1,0,0,0,0,0,0
2095,2019,Manipur,14,Thoubal,259,Thoubal,0,0,1,0,0,0,4,0,0,,3,0,22,0,0,0,0,0,2,0,0,0,4,1,0,0,0,0,0,0,0,0,0,0,0,5,0,0,0,0,0,0
2096,2019,Manipur,14,Ukhrul,260,Ukhrul,0,0,0,0,0,0,0,0,0,,1,0,0,0,0,0,0,0,2,0,0,0,0,0,0,0,0,0,0,0,0,0,0,0,0,0,0,0,0,0,0,0
2097,2019,Manipur,14,Kakching,711,Kakching,0,0,0,0,0,0,2,0,0,,1,0,1,0,2,0,0,0,4,0,0,0,2,0,0,0,0,0,0,0,0,0,0,0,0,3,2,0,0,0,0,0
2098,2019,Manipur,14,Kamjong,717,Kamjong,0,0,0,0,0,0,0,0,0,,0,0,0,0,0,0,0,0,0,0,0,0,0,0,0,0,0,0,0,0,0,0,0,0,0,0,0,0,0,0,0,0
2099,2019,Manipur,14,Kangpokpi,712,Kangpokpi,0,0,0,0,0,0,0,0,0,,0,0,0,0,0,0,0,0,0,0,0,0,1,0,0,0,0,0,0,0,0,0,0,0,0,0,0,0,0,0,0,0
2100,2019,Manipur,14,Jiribam,713,Jiribam,0,0,0,0,0,0,1,0,0,,0,0,0,0,0,0,0,0,2,0,0,0,0,0,0,0,0,0,0,0,0,0,0,0,0,0,0,0,0,0,0,0
2101,2019,Manipur,14,Noney,714,Noney,0,0,0,0,0,0,0,0,0,,0,0,0,0,0,0,0,0,0,0,0,0,0,0,0,0,0,0,0,0,0,0,0,0,0,0,0,0,0,0,0,0
2102,2019,Manipur,14,Pherzawl,715,Pherzawl,0,0,0,0,0,0,0,0,0,,0,0,0,0,0,0,0,0,0,0,0,0,0,0,0,0,0,0,0,0,0,0,0,0,0,0,0,0,0,0,0,0
2103,2019,Manipur,14,Tengnoupal,716,Tengnoupal,0,0,0,0,0,0,1,0,0,,0,0,0,0,0,3,0,0,1,0,0,0,3,0,0,0,0,0,0,0,0,0,0,0,0,2,0,0,0,0,0,0
2104,2019,Manipur,14,Imphal West,256,Narcotic,0,0,0,0,0,0,0,0,0,,0,0,0,0,0,0,0,0,0,0,0,0,0,0,0,0,0,0,0,0,0,0,0,0,0,0,0,0,0,0,0,0
2105,2019,Meghalaya,17,East Garo Hills,273,East Garo Hills,0,0,0,0,0,0,1,0,0,,0,0,5,0,0,0,0,0,1,0,0,0,0,0,0,0,0,1,0,0,0,0,0,1,0,7,6,0,0,0,0,0
2106,2019,Meghalaya,17,South Garo Hills,277,South Garo Hills,0,0,0,0,0,0,4,0,0,,1,0,3,0,0,0,0,0,3,0,0,0,2,0,0,0,0,0,0,0,0,0,0,0,0,1,0,0,0,0,0,0
2107,2019,Meghalaya,17,South West Garo Hills,663,South West Garo Hills,0,0,0,0,0,0,0,1,0,,1,0,0,0,2,0,0,0,8,0,0,0,4,0,0,0,0,0,0,0,0,0,0,0,0,5,1,1,0,0,0,0
2108,2019,Meghalaya,17,West Garo Hills,278,West Garo Hills,2,0,0,0,0,0,6,0,0,,3,1,13,0,0,0,0,0,5,1,1,0,14,0,4,0,0,0,0,0,0,0,0,0,0,10,5,1,0,1,0,0
2109,2019,Meghalaya,17,West Jaintia Hills,275,West Jaintia Hills,0,0,0,0,0,0,0,0,0,,0,0,0,0,0,0,0,0,8,0,1,0,2,0,0,0,0,1,0,0,0,0,0,0,0,23,11,0,0,0,0,0
2110,2019,Meghalaya,17,East Jaintia Hills,657,East Jaintia Hills,0,0,0,0,0,0,1,6,0,,0,1,0,0,2,0,0,0,8,0,0,0,0,0,0,6,0,0,0,0,0,1,0,0,0,0,0,0,0,0,0,0
2111,2019,Meghalaya,17,East Khasi Hills,274,East Khasi Hills,3,2,0,0,0,0,7,14,0,,1,0,1,0,8,1,0,0,14,0,6,0,47,0,11,0,1,0,0,0,0,0,0,1,0,49,24,3,0,1,0,0
2112,2019,Meghalaya,17,South West Khasi Hills,658,South West Khasi Hills,0,0,0,0,0,0,1,0,0,,0,0,0,0,0,0,0,0,1,0,0,0,2,0,0,0,0,0,0,0,0,0,0,0,0,10,1,0,0,0,0,0
2113,2019,Meghalaya,17,West Khasi Hills,279,West Khasi Hills,0,0,0,0,0,0,1,0,0,,0,0,0,0,0,0,0,0,6,0,1,0,1,0,0,0,0,0,0,0,0,0,0,0,0,24,5,1,0,0,0,0
2114,2019,Meghalaya,17,Ri Bhoi,276,Ri-Bhoi,0,1,0,0,0,0,1,3,0,,0,0,0,0,0,0,0,0,25,0,5,20,9,2,1,3,0,0,0,0,0,0,0,0,0,8,3,0,0,5,0,0
2115,2019,Meghalaya,17,East Khasi Hills,274,Cyber Cell,0,0,0,0,0,0,0,0,0,,0,0,0,0,0,0,0,0,0,0,0,0,0,0,0,0,0,0,0,0,0,0,0,0,0,0,0,0,0,0,0,0
2116,2019,Mizoram,15,Aizawl,261,Aizawl,0,0,0,0,0,0,0,0,0,,1,0,0,0,0,3,0,0,3,0,0,12,17,0,0,1,0,0,0,0,0,0,0,0,0,10,15,1,0,0,0,0
2117,2019,Mizoram,15,Champhai,262,Champhai,0,0,0,0,0,0,2,0,0,,0,0,0,0,0,4,0,0,1,0,0,2,4,0,0,0,0,0,0,0,0,0,0,0,0,7,7,1,0,0,0,0
2118,2019,Mizoram,15,Kolasib,263,Kolasib,0,0,0,0,0,0,2,0,0,,0,0,0,0,0,0,0,0,2,0,0,2,0,0,0,0,0,0,0,0,0,0,0,0,0,4,5,0,0,0,0,0
2119,2019,Mizoram,15,Lawngtlai,264,Lawngtlai,0,0,0,0,0,0,0,0,0,,0,0,0,0,0,0,0,0,4,0,0,0,3,0,0,0,0,0,0,0,0,0,0,0,0,4,3,0,0,0,0,0
2120,2019,Mizoram,15,Lunglei,265,Lunglei,0,0,0,0,0,0,0,0,0,,0,0,0,0,0,0,0,0,5,0,0,0,4,0,0,1,0,0,0,0,0,0,0,0,0,3,2,0,0,0,0,0
2121,2019,Mizoram,15,Mamit,266,Mamit,0,0,0,0,0,0,1,0,1,,0,0,0,0,0,0,0,0,2,0,0,2,2,0,0,0,0,0,0,0,0,0,0,0,0,4,3,0,0,0,0,0
2122,2019,Mizoram,15,Siaha,267,Saiha,0,0,0,0,0,0,0,0,0,,0,0,0,0,0,0,0,0,2,0,0,0,2,0,0,0,0,0,0,0,0,0,0,0,0,3,3,0,0,0,0,0
2123,2019,Mizoram,15,Serchhip,268,Serchhip,0,0,0,0,0,0,0,0,0,,0,0,0,0,0,0,0,0,0,0,0,5,1,0,0,0,0,0,0,0,0,0,0,0,0,1,3,0,0,0,0,0
2124,2019,Mizoram,15,Aizawl,261,Spl Narcotic,0,0,0,0,0,0,0,0,0,,0,0,0,0,0,0,0,0,0,0,0,0,0,0,0,0,0,0,0,0,0,0,0,0,0,0,0,0,0,0,0,0
2125,2019,Nagaland,13,Dimapur,244,Dimapur,0,0,0,0,0,0,0,10,0,,0,0,1,0,0,1,0,0,2,0,0,0,3,0,1,0,0,0,0,0,0,0,0,0,0,4,1,0,0,0,0,0
2126,2019,Nagaland,13,Kiphire,614,Kiphire,0,0,0,0,0,0,0,0,0,,0,0,0,0,0,0,0,0,0,0,0,0,0,0,0,0,0,0,0,0,0,0,0,0,0,0,0,0,0,0,0,0
2127,2019,Nagaland,13,Kohima,245,Kohima,0,0,0,0,0,0,0,0,0,,0,0,0,0,0,0,0,0,2,0,0,0,3,0,0,2,0,0,0,0,0,0,0,0,0,5,0,0,0,0,0,0
2128,2019,Nagaland,13,Longleng,615,Longleng,0,0,0,0,0,0,0,0,0,,0,0,0,0,0,0,0,0,0,0,0,0,0,0,0,0,0,0,0,0,0,0,0,0,0,0,0,0,0,0,0,0
2129,2019,Nagaland,13,Mokokchung,246,Mokokchung,0,0,0,0,0,0,0,0,0,,0,0,0,0,0,0,0,0,1,0,0,0,0,0,0,0,0,0,0,0,0,0,0,0,0,0,1,0,0,0,0,0
2130,2019,Nagaland,13,Mon,247,Mon,0,0,0,0,0,0,0,1,0,,0,0,0,0,1,0,0,0,1,0,0,0,0,0,0,0,0,0,0,0,0,0,0,0,0,0,0,0,0,0,0,0
2131,2019,Nagaland,13,Peren,613,Peren,0,0,0,0,0,0,0,0,0,,0,0,0,0,0,0,0,0,0,0,0,0,0,0,0,0,0,0,0,0,0,0,0,0,0,0,0,0,0,0,0,0
2132,2019,Nagaland,13,Phek,248,Phek,0,0,0,0,0,0,0,0,0,,0,0,0,0,0,0,0,0,0,0,0,0,0,0,0,0,0,0,0,0,0,0,0,0,0,0,0,0,0,0,0,0
2133,2019,Nagaland,13,Tuensang,249,Tuensang,0,0,0,0,0,0,0,0,0,,0,0,0,0,0,0,0,0,0,0,0,2,0,0,0,0,0,0,0,0,0,0,0,0,0,0,0,0,0,0,0,0
2134,2019,Nagaland,13,Wokha,250,Wokha,0,0,0,0,0,0,0,0,0,,0,0,0,0,0,0,0,0,0,0,0,0,0,0,0,0,0,0,0,0,0,0,0,0,0,1,0,0,0,0,0,0
2135,2019,Nagaland,13,Zunheboto,251,Zunheboto,0,0,0,0,0,0,0,0,0,,0,0,0,0,0,0,0,0,0,0,0,0,0,0,0,0,0,0,0,0,0,0,0,0,0,0,0,0,0,0,0,0
2136,2019,Odisha,21,Anugul,344,Angul,0,12,0,0,0,0,126,109,0,,0,0,0,0,0,0,0,0,71,0,3,0,518,0,11,0,0,0,0,0,0,0,0,8,0,24,0,0,43,0,0,0
2137,2019,Odisha,21,Baleshwar,346,Balasore,0,37,2,0,0,0,140,303,0,,6,1,38,0,0,0,0,0,41,74,5,101,818,6,38,19,0,0,0,0,0,5,0,0,0,101,9,0,28,0,0,0
2138,2019,Odisha,21,Bargarh,347,Baragarh,0,7,0,0,0,0,58,103,0,,0,0,0,0,0,1,0,0,39,0,2,0,207,0,4,0,0,0,0,0,0,0,0,12,0,37,0,0,5,0,0,0
2139,2019,Odisha,21,Baleshwar,346,Berhampur,0,5,0,0,0,0,54,88,0,,0,0,0,0,0,0,0,0,20,0,1,0,348,0,31,0,0,0,0,0,0,0,0,14,0,33,0,0,16,0,0,1
2140,2019,Odisha,21,Bhadrak,348,Bhadrak,0,23,0,0,0,0,99,265,0,,0,0,0,0,0,0,0,0,61,0,13,0,465,0,17,0,0,0,0,0,0,0,0,29,0,69,0,0,29,0,0,0
2141,2019,Odisha,21,Balangir,345,Bolangir,0,4,0,0,0,0,99,141,0,,0,0,0,0,0,0,0,0,42,0,5,0,538,0,2,0,0,0,0,0,0,0,0,16,0,30,0,0,10,0,0,0
2142,2019,Odisha,21,Boudh,349,Boudh,0,4,0,0,0,0,24,29,0,,0,0,0,0,0,0,0,0,8,0,0,0,150,0,7,0,0,0,0,0,0,0,0,0,0,8,0,0,6,0,0,0
2143,2019,Odisha,21,Cuttack,350,Cuttack,0,22,0,0,0,0,66,131,0,,0,0,0,0,0,0,0,0,31,0,8,0,219,0,2,0,0,0,0,0,0,0,0,22,0,38,0,0,14,0,0,0
2144,2019,Odisha,21,Khordha,362,Dcp Bhubaneswar,0,8,0,0,0,0,120,228,0,,0,0,0,0,0,0,0,0,70,0,0,0,185,0,22,0,0,0,0,0,0,0,0,24,0,79,0,0,24,0,0,0
2145,2019,Odisha,21,Cuttack,350,Dcp Cuttack,0,7,0,0,0,0,108,153,0,,0,0,0,0,0,0,0,0,21,0,3,0,217,0,11,0,0,0,0,0,0,0,0,20,0,42,0,0,15,0,0,0
2146,2019,Odisha,21,Deogarh,351,Deogarh,0,0,2,0,0,0,24,16,0,,0,0,0,0,0,0,0,0,11,0,1,12,60,0,3,0,0,0,0,0,0,0,0,0,0,0,0,0,0,0,0,0
2147,2019,Odisha,21,Dhenkanal,352,Dhenkanal,0,8,0,0,0,0,61,101,0,,0,0,0,0,0,0,0,0,36,0,3,0,450,0,16,0,0,0,0,0,0,0,0,19,0,38,0,0,27,0,0,0
2148,2019,Odisha,21,Gajapati,353,Gajapati,0,1,0,0,0,0,9,29,0,,0,0,0,0,0,0,0,0,12,0,0,0,119,0,6,0,0,0,0,0,0,0,0,5,0,22,0,0,0,0,0,0
2149,2019,Odisha,21,Ganjam,354,Ganjam,0,21,0,0,0,0,115,137,0,,0,0,0,0,0,0,0,0,54,0,7,0,733,0,42,0,0,0,0,0,0,0,0,22,0,67,0,0,38,0,0,0
2150,2019,Odisha,21,Jagatsinghapur,355,Jagatsinghpur,1,14,0,0,0,0,167,163,0,,0,0,0,0,0,4,0,0,24,0,12,0,485,0,29,0,16,0,0,0,0,1,0,0,24,46,24,0,0,0,0,0
2151,2019,Odisha,21,Jajapur,356,Jajpur,0,38,0,0,1,0,117,235,0,,0,0,0,0,0,0,0,0,53,0,20,0,567,0,24,0,0,0,0,0,3,0,0,0,25,93,0,0,65,0,0,0
2152,2019,Odisha,21,Jharsuguda,357,Jharsuguda,0,3,0,0,0,0,45,53,0,,0,0,0,0,0,1,0,0,18,0,1,0,161,0,20,0,0,0,0,0,0,0,0,8,0,24,0,0,9,0,0,0
2153,2019,Odisha,21,Kalahandi,358,Kalahandi,0,4,3,0,0,0,95,116,0,,0,0,0,0,0,0,0,0,49,0,9,60,485,0,34,0,0,0,0,2,0,0,0,0,0,0,0,0,0,0,0,1
2154,2019,Odisha,21,Kandhamal,359,Kandhamal,0,0,0,0,1,0,55,64,0,,0,0,0,0,0,7,0,0,29,0,3,0,99,0,5,0,0,0,0,0,0,0,0,4,0,50,0,0,14,0,0,0
2155,2019,Odisha,21,Kendrapara,360,Kendrapara,0,33,0,0,0,0,82,132,0,,0,0,13,0,0,0,0,0,31,0,8,0,605,0,18,0,0,0,0,0,0,0,0,0,0,51,34,0,0,0,0,0
2156,2019,Odisha,21,Kendujhar,361,Keonjhar,0,5,0,0,0,0,92,186,0,,0,0,0,0,0,5,0,0,51,0,2,0,503,0,23,0,0,0,0,0,0,0,1,13,0,81,0,0,24,0,0,3
2157,2019,Odisha,21,Khordha,362,Khurda,0,13,0,0,0,0,48,0,0,,0,0,0,0,0,0,0,0,14,0,3,0,139,0,12,0,0,0,0,0,0,0,0,5,0,29,0,0,10,0,0,0
2158,2019,Odisha,21,Koraput,363,Koraput,0,0,0,0,0,0,122,113,0,,0,0,0,0,0,1,0,0,55,0,3,0,231,0,6,0,69,0,0,0,0,0,0,12,0,1,0,0,6,0,0,0
2159,2019,Odisha,21,Malkangiri,364,Malkangiri,0,2,0,0,0,0,62,74,0,,0,0,0,0,0,1,0,0,23,0,5,0,135,0,14,0,0,0,0,0,0,0,0,5,0,25,0,0,15,0,0,0
2160,2019,Odisha,21,Mayurbhanj,365,Mayurbhanj,0,5,0,0,0,0,162,169,0,,0,0,0,0,0,4,0,0,72,0,0,0,456,0,19,0,0,0,0,0,0,3,0,19,0,117,0,0,36,0,0,0
2161,2019,Odisha,21,Nayagarh,367,Nayagarh,0,17,0,0,0,0,35,81,0,,0,0,0,0,0,1,0,0,27,0,2,0,164,0,2,0,0,0,0,0,0,0,0,8,0,42,0,0,33,0,0,0
2162,2019,Odisha,21,Nabarangpur,366,Nabarangpur,0,3,2,0,0,0,56,49,0,,3,0,3,0,0,0,0,0,17,0,1,54,180,0,5,2,43,0,1,0,0,0,0,2,0,0,0,4,0,1,0,0
2163,2019,Odisha,21,Nuapada,368,Nuapada,0,2,0,0,0,0,44,49,0,,0,0,0,0,0,41,0,0,9,0,2,0,177,0,11,0,0,0,0,0,0,0,0,4,0,14,0,0,5,0,0,0
2164,2019,Odisha,21,Puri,369,Puri,0,25,0,0,0,0,113,171,0,,0,0,0,0,0,0,0,0,43,0,12,0,799,0,30,0,0,0,0,0,0,0,0,26,0,60,0,0,21,0,0,1
2165,2019,Odisha,21,Rayagada,370,Rayagada,0,5,0,0,0,0,61,107,0,,0,0,0,0,0,3,0,0,33,0,0,0,163,0,31,0,0,0,0,0,0,3,0,9,0,55,0,0,8,0,0,0
2166,2019,Odisha,21,Sundargarh,373,Rourkela,0,2,0,0,1,0,58,105,0,,0,0,0,0,0,0,0,0,30,0,1,0,196,0,8,0,0,0,0,0,0,1,0,12,0,51,0,0,20,0,0,0
2167,2019,Odisha,21,Sambalpur,371,Sambalpur,0,2,0,0,0,0,115,66,0,,0,0,0,0,0,4,0,0,23,0,8,0,425,0,25,0,78,0,0,0,0,0,0,6,0,56,0,0,21,0,0,0
2168,2019,Odisha,21,Sonepur,372,Sonepur,0,5,0,0,0,0,17,26,0,,0,0,0,0,0,1,0,0,4,0,2,0,127,0,3,0,36,0,0,0,0,0,0,1,0,8,0,0,0,0,0,0
2169,2019,Odisha,21,Cuttack,350,Srp(Cuttack),0,0,0,0,0,0,0,0,0,,0,0,0,0,0,2,0,0,2,0,0,3,13,0,0,0,0,0,0,0,0,0,0,0,0,0,0,0,0,0,0,0
2170,2019,Odisha,21,Sundargarh,373,Srp(Rourkela),1,0,0,0,0,0,2,3,0,,0,0,0,0,0,0,0,0,1,0,0,1,6,0,0,0,0,0,0,0,0,0,0,0,0,0,0,0,0,0,0,0
2171,2019,Odisha,21,Sundargarh,373,Sundargarh,1,5,0,2,0,0,88,0,0,,2,1,0,0,0,3,0,0,26,0,0,0,137,0,3,0,1,0,0,0,0,0,0,0,0,26,5,0,0,0,0,0
2172,2019,Punjab,3,Amritsar,27,Amritsar Rural,0,2,11,0,0,0,60,0,0,,8,0,0,0,2,0,0,0,25,66,0,28,30,0,0,7,0,0,0,0,0,0,1,2,0,0,12,1,0,0,0,0
2173,2019,Punjab,3,Barnala,605,Barnala,0,1,8,0,0,0,17,0,0,,6,0,0,0,2,0,0,0,15,24,2,19,21,3,0,0,0,0,0,0,0,1,1,2,0,0,3,0,0,0,0,0
2174,2019,Punjab,3,Gurdaspur,32,Batala,0,2,1,0,0,0,38,0,0,,12,0,0,0,0,0,0,0,14,29,2,19,16,5,0,1,0,0,0,0,0,0,0,1,0,0,0,0,0,0,0,0
2175,2019,Punjab,3,Bathinda,28,Bathinda,0,4,15,0,0,0,79,1,0,,2,0,0,0,9,0,0,0,50,54,1,42,41,3,0,11,0,0,0,0,0,0,0,0,0,0,0,0,0,0,0,0
2176,2019,Punjab,3,Amritsar,27,Cp Amritsar,0,1,9,0,0,0,48,2,0,,12,0,0,0,10,2,0,0,16,54,1,30,22,1,0,1,1,0,0,0,0,0,0,0,0,0,8,2,0,0,0,0
2177,2019,Punjab,3,Jalandhar,34,Cp Jalandhar,0,3,6,0,1,0,142,7,0,,7,0,0,0,2,0,0,0,19,60,0,20,35,1,2,10,0,0,0,0,0,0,0,0,0,0,0,0,0,0,0,0
2178,2019,Punjab,3,Ludhiana,36,Cp Ludhiana,0,12,11,0,1,1,143,0,0,,25,0,0,0,3,2,0,0,45,170,4,17,61,7,6,11,0,0,0,0,0,0,0,0,2,54,16,1,0,0,3,0
2179,2019,Punjab,3,Faridkot,29,Faridkot,0,2,4,0,0,0,25,0,0,,3,0,0,0,0,0,0,0,8,28,0,9,19,2,1,9,0,0,0,0,0,0,0,1,0,0,0,0,0,0,0,0
2180,2019,Punjab,3,Fatehgarh Sahib,30,Fatehgarh Sahib,0,2,0,0,0,0,39,0,0,,2,1,0,0,0,0,0,0,16,27,5,0,25,0,4,0,0,0,0,0,0,0,0,0,0,15,4,0,0,0,0,0
2181,2019,Punjab,3,Fazilka,651,Fazilka,0,1,10,0,0,0,16,0,0,,4,0,0,0,0,1,0,0,46,27,0,2,44,2,1,5,1,0,0,0,0,0,0,0,0,37,17,0,0,0,0,0
2182,2019,Punjab,3,Patiala,41,Grp,0,1,4,0,0,0,0,0,0,,0,0,0,0,0,0,0,0,0,1,0,0,3,0,0,0,0,0,0,0,0,0,0,0,0,3,0,0,0,0,0,0
2183,2019,Punjab,3,Gurdaspur,32,Gurdaspur,0,2,3,0,0,0,58,0,0,,22,0,0,0,0,1,0,0,11,11,2,3,16,3,0,0,1,0,0,0,0,0,0,1,0,4,3,0,0,0,0,0
2184,2019,Punjab,3,Hoshiarpur,33,Hoshiarpur,0,4,14,1,0,0,98,3,0,,1,0,0,0,8,0,0,0,21,44,2,0,41,0,1,0,0,0,0,0,0,0,0,5,0,25,20,0,0,0,0,0
2185,2019,Punjab,3,Jalandhar,34,Jalandhar Rural,0,3,5,0,0,1,25,0,0,,3,0,0,0,2,1,0,0,13,31,1,29,30,3,0,11,0,0,0,0,0,0,0,1,0,0,0,0,0,0,0,0
2186,2019,Punjab,3,Kapurthala,35,Kapurthala,0,1,5,0,0,0,33,0,0,,9,0,0,0,13,0,0,0,11,82,1,26,38,5,0,8,0,0,0,0,0,0,0,0,0,0,0,0,0,0,0,0
2187,2019,Punjab,3,Ludhiana,36,Khanna,0,3,11,0,0,0,32,0,0,,0,2,0,0,0,0,0,0,6,28,3,11,14,0,0,0,0,0,0,0,0,0,0,0,0,0,0,0,0,0,0,0
2188,2019,Punjab,3,Ludhiana,36,Ludhiana Rural,0,0,0,0,0,0,28,0,0,,12,0,0,0,0,0,0,0,11,20,0,15,35,1,0,0,0,0,0,0,0,0,0,0,0,0,1,0,0,0,0,0
2189,2019,Punjab,3,Mansa,37,Mansa,0,1,6,0,0,1,17,0,0,,6,0,0,0,0,0,0,0,22,16,4,34,33,3,2,5,0,0,0,0,0,4,0,0,0,0,0,0,0,0,0,0
2190,2019,Punjab,3,Moga,38,Moga,0,1,5,1,0,0,36,0,0,,0,0,1,0,0,1,0,0,17,39,0,0,27,3,2,1,0,0,0,0,0,0,0,0,1,26,8,0,0,0,0,0
2191,2019,Punjab,3,Sri Muktsar Sahib,39,Muktsar,0,0,5,1,0,0,34,2,0,,17,0,0,0,4,0,0,0,26,43,4,0,27,2,4,0,0,0,0,0,0,0,0,0,0,25,15,0,0,0,0,0
2192,2019,Punjab,3,Pathankot,662,Pathankot,0,1,0,0,0,0,38,1,0,,6,0,0,0,1,0,0,0,4,16,0,14,10,1,0,1,0,0,0,0,0,0,0,0,0,0,0,0,0,0,0,0
2193,2019,Punjab,3,Patiala,41,Patiala,0,9,14,0,2,1,153,0,0,,12,0,0,0,12,0,0,0,17,85,4,32,56,3,1,24,0,0,0,4,0,0,0,2,0,0,0,0,0,0,0,0
2194,2019,Punjab,3,Rupnagar,42,Ropar,0,2,4,0,0,0,48,4,0,,0,0,0,0,11,0,0,0,6,10,3,13,25,1,1,8,0,0,0,0,0,0,0,0,0,0,0,0,0,0,0,0
2195,2019,Punjab,3,Sangrur,43,Sangrur,0,2,0,0,0,0,75,0,0,,9,0,0,0,0,0,0,0,45,62,3,32,45,2,6,10,0,0,0,0,0,0,0,0,0,0,0,0,0,0,0,0
2196,2019,Punjab,3,Tarn Taran,609,Tarn Taran,0,3,6,0,0,0,40,0,0,,5,0,0,0,3,0,0,0,19,36,2,15,25,3,0,9,0,0,0,0,0,0,1,0,0,0,0,0,0,0,0,0
2197,2019,Punjab,3,S.A.S Nagar,608,Bureau Of Investigation,0,0,0,0,0,0,0,0,0,,0,0,0,0,0,0,0,0,1,0,0,0,1,0,0,0,0,0,0,0,0,0,0,0,0,0,0,0,0,0,0,0
2198,2019,Punjab,3,S.A.S Nagar,608,Intelligence Wing,0,0,0,0,0,0,0,0,0,,0,0,0,0,0,0,0,0,0,0,0,0,0,0,0,0,0,0,0,0,0,0,0,0,0,0,0,0,0,0,0,0
2199,2019,Punjab,3,S.A.S Nagar,608,Nri Wing,0,0,0,0,0,0,128,0,0,,0,1,0,0,0,0,0,0,0,0,0,0,0,0,0,0,0,0,0,0,0,0,0,0,0,0,0,0,0,0,0,0
2200,2019,Punjab,3,Amritsar,27,Special Task Force,0,0,0,0,0,0,0,0,0,,0,0,0,0,0,0,0,0,0,0,0,0,0,0,0,0,0,0,0,0,0,0,0,0,0,0,0,0,0,0,0,0
2201,2019,Rajasthan,8,Ajmer,86,Ajmer,0,12,9,1,0,0,971,215,0,,18,1,0,0,20,0,1,0,181,15,30,71,424,4,15,47,0,1,0,0,0,0,0,1,0,0,0,1,0,0,0,0
2202,2019,Rajasthan,8,Alwar,87,Alwar,0,24,1,0,0,0,685,48,0,,57,0,0,0,68,0,0,0,179,1,104,57,307,0,0,17,0,0,0,0,3,0,0,0,0,0,0,0,75,0,0,4
2203,2019,Rajasthan,8,Banswara,88,Banswara,0,10,5,0,0,0,308,0,0,,134,0,1,0,46,0,0,0,185,33,5,38,165,0,0,5,0,1,0,0,0,1,0,0,0,0,0,0,0,0,0,0
2204,2019,Rajasthan,8,Baran,89,Baran,0,2,7,0,0,0,471,40,0,,10,0,0,0,112,0,0,0,77,0,17,46,261,0,6,87,0,0,0,0,0,0,0,1,0,0,0,0,0,0,0,0
2205,2019,Rajasthan,8,Barmer,90,Barmer,0,17,12,1,0,0,402,1,0,,52,0,0,0,1,0,0,0,144,30,55,39,335,9,0,62,0,0,0,0,0,0,0,0,0,0,0,0,0,0,0,0
2206,2019,Rajasthan,8,Bharatpur,91,Bharatpur,0,37,2,0,0,0,835,39,0,,65,0,0,0,135,0,0,0,259,5,98,31,66,0,0,28,0,0,0,0,0,0,1,0,0,0,0,0,0,69,0,0
2207,2019,Rajasthan,8,Bhilwara,92,Bhilwara,0,8,13,2,0,0,777,71,0,,19,0,6,0,134,0,0,0,181,21,14,25,397,0,0,11,0,0,0,0,0,1,0,0,0,0,0,1,0,31,0,0
2208,2019,Rajasthan,8,Bikaner,93,Bikaner,0,10,7,0,0,0,607,48,0,,21,0,0,0,28,0,0,0,174,9,37,53,178,0,0,22,0,0,0,0,0,0,0,0,0,0,0,0,0,42,0,0
2209,2019,Rajasthan,8,Bundi,94,Bundi,0,4,4,0,0,0,390,24,0,,9,0,0,0,127,0,0,0,108,0,12,13,240,0,0,21,0,0,0,0,0,0,0,0,0,0,0,0,20,0,0,0
2210,2019,Rajasthan,8,Chittorgarh,95,Chittorgarh,0,5,9,0,0,0,574,52,0,,12,0,0,0,75,0,0,0,91,3,7,47,191,0,0,16,0,0,0,0,0,3,0,0,0,0,0,0,0,0,0,0
2211,2019,Rajasthan,8,Churu,96,Churu,0,13,4,0,0,0,464,1,0,,8,0,0,0,71,0,0,0,114,0,10,45,62,0,1,9,0,0,0,0,0,0,0,0,0,0,0,0,0,0,0,0
2212,2019,Rajasthan,8,Dausa,97,Dausa,0,19,0,0,0,0,316,3,0,,3,0,0,0,122,0,0,0,108,0,30,22,45,0,0,11,0,0,0,0,0,0,0,3,0,0,0,1,0,5,0,0
2213,2019,Rajasthan,8,Dholpur,98,Dholpur,1,20,1,1,0,0,310,14,0,,27,0,0,0,41,1,0,0,79,6,20,29,87,4,0,47,0,0,0,0,0,0,0,0,0,0,0,0,22,0,0,0
2214,2019,Rajasthan,8,Dungarpur,99,Dungarpur,0,10,1,0,0,0,135,0,0,,52,0,0,0,0,0,0,0,59,129,2,44,89,0,0,14,0,0,0,0,0,0,0,0,0,0,0,0,0,0,0,0
2215,2019,Rajasthan,8,Ajmer,86,Grp Ajmer,1,0,0,0,0,0,0,7,0,,0,0,0,0,1,0,0,0,3,0,0,1,17,1,0,2,0,0,0,0,0,0,0,0,0,0,0,0,0,0,0,0
2216,2019,Rajasthan,8,Jodhpur,107,Grp Jodhpur,0,0,2,0,0,0,0,2,0,,0,0,0,0,1,0,0,0,2,0,0,0,5,0,1,0,0,0,0,0,0,0,0,0,0,2,3,0,0,0,0,0
2217,2019,Rajasthan,8,Ganganagar,100,Ganganagar,0,13,6,0,1,0,914,47,0,,15,1,0,0,86,0,0,0,192,19,38,56,204,13,2,47,1,0,0,1,0,0,0,1,0,0,0,0,11,0,0,0
2218,2019,Rajasthan,8,Hanumangarh,101,Hanumangarh,0,19,5,0,0,0,746,80,0,,7,0,1,0,0,0,0,0,138,7,28,58,178,2,6,50,0,0,0,0,0,0,0,0,0,0,0,0,3,0,0,0
2219,2019,Rajasthan,8,Jaipur,102,Jaipur East,0,6,4,1,0,0,374,111,0,,19,0,0,0,16,0,0,0,112,14,4,22,217,2,2,41,0,1,0,0,0,0,0,1,1,0,0,0,0,0,0,0
2220,2019,Rajasthan,8,Jaipur,102,Jaipur North,0,2,0,0,0,0,325,8,0,,1,1,0,0,59,0,0,0,59,0,0,20,117,0,0,10,0,0,0,0,0,0,0,0,0,0,0,0,0,20,0,0
2221,2019,Rajasthan,8,Jaipur,102,Jaipur Rural,1,11,9,0,0,0,405,34,0,,17,0,3,0,87,0,0,0,117,9,31,30,158,0,1,20,0,0,0,0,0,0,0,12,0,0,0,0,0,59,0,0
2222,2019,Rajasthan,8,Jaipur,102,Jaipur South,0,7,2,0,0,0,302,17,0,,8,0,0,0,107,0,0,0,125,0,5,24,150,0,1,37,0,0,0,0,0,0,0,2,0,0,0,0,0,5,0,0
2223,2019,Rajasthan,8,Jaipur,102,Jaipur West,0,10,3,0,0,0,524,52,0,,6,0,0,0,97,0,0,0,131,0,4,24,156,0,1,20,1,0,0,2,0,0,0,0,0,0,0,0,0,23,0,0
2224,2019,Rajasthan,8,Jaisalmer,103,Jaisalmer,0,9,2,0,0,0,71,4,0,,14,0,0,0,1,0,0,0,31,2,8,17,135,0,0,7,0,2,0,0,0,0,0,0,0,0,0,0,0,0,0,0
2225,2019,Rajasthan,8,Jalore,104,Jalore,0,13,3,0,0,0,212,44,0,,41,0,0,0,8,0,0,0,74,3,18,10,157,0,0,7,0,0,0,0,0,0,0,0,0,0,0,0,0,6,0,0
2226,2019,Rajasthan,8,Jhalawar,105,Jhalawar,0,6,10,1,0,1,610,156,0,,34,1,0,0,7,1,0,0,128,2,12,36,357,0,3,83,2,0,0,0,0,0,0,0,0,0,0,0,0,0,0,0
2227,2019,Rajasthan,8,Jhunjhunu,106,Jhunjhunu,0,14,5,0,0,0,472,56,0,,25,0,0,0,66,0,0,0,133,0,12,19,153,0,0,2,0,0,0,0,0,0,0,0,9,0,0,0,3,0,0,0
2228,2019,Rajasthan,8,Jodhpur,107,Jodhpur East,0,8,5,0,0,0,165,33,0,,1,0,0,0,23,0,0,0,57,0,7,12,172,0,1,17,0,0,0,0,0,2,0,0,0,0,0,0,0,6,0,0
2229,2019,Rajasthan,8,Jodhpur,107,Jodhpur West,0,9,6,0,0,0,267,38,0,,15,1,0,0,31,0,0,0,46,3,1,16,157,1,11,18,0,0,0,0,0,1,0,0,0,0,0,0,4,12,0,1
2230,2019,Rajasthan,8,Jodhpur,107,Jodhpur Rural,0,19,4,0,1,0,218,31,0,,2,1,0,0,40,0,0,0,72,9,13,26,189,3,0,32,0,0,0,0,0,0,0,0,0,0,0,0,1,0,0,0
2231,2019,Rajasthan,8,Karauli,108,Karauli,0,6,1,0,0,0,356,55,0,,34,0,0,0,25,0,0,0,85,2,64,16,84,0,0,5,0,0,0,0,0,0,0,0,0,0,0,2,0,11,0,0
2232,2019,Rajasthan,8,Kota,109,Kota City,1,4,6,0,0,0,471,142,0,,27,1,1,0,2,0,0,0,113,23,5,22,191,1,0,42,0,4,0,0,0,0,0,0,1,0,0,5,0,0,0,0
2233,2019,Rajasthan,8,Kota,109,Kota Rural,0,3,1,0,0,0,249,92,0,,1,0,0,0,26,0,0,0,41,1,4,21,138,0,0,28,0,0,0,0,0,0,1,0,0,0,0,2,16,0,0,0
2234,2019,Rajasthan,8,Nagaur,110,Nagaur,0,17,3,0,0,0,625,62,0,,40,0,0,0,35,1,0,0,127,4,38,43,241,0,1,38,0,0,0,0,0,0,0,1,0,0,0,0,0,0,0,0
2235,2019,Rajasthan,8,Pali,111,Pali,0,8,3,0,0,0,613,47,0,,56,2,0,0,65,1,0,0,109,3,29,34,362,0,2,31,0,1,0,0,0,1,0,0,0,0,0,0,1,72,0,0
2236,2019,Rajasthan,8,Pratapgarh,629,Pratapgarh,0,4,5,0,0,0,276,83,0,,79,0,0,0,1,1,0,0,134,1,14,41,181,0,0,8,0,0,0,0,0,0,0,0,0,0,0,0,0,0,0,0
2237,2019,Rajasthan,8,Rajsamand,112,Rajsamand,0,1,3,0,0,0,375,95,0,,8,1,0,0,20,0,0,0,44,10,8,26,136,2,2,13,0,0,0,0,0,0,0,0,2,0,0,0,0,0,0,0
2238,2019,Rajasthan,8,Sawai Madhopur,113,Sawai Madhopur,0,8,0,0,0,0,319,8,0,,83,0,1,0,9,0,0,0,88,0,21,27,137,8,0,34,0,0,0,0,1,0,0,2,0,0,0,0,0,0,0,0
2239,2019,Rajasthan,8,Sikar,114,Sikar,0,7,4,0,0,0,678,36,0,,35,0,0,0,96,0,0,0,147,4,43,17,186,0,1,24,0,2,0,0,0,0,0,0,0,0,0,0,1,21,0,0
2240,2019,Rajasthan,8,Sirohi,115,Sirohi,2,4,3,0,0,0,265,25,0,,20,0,0,0,11,0,0,0,70,5,13,16,143,1,0,5,0,0,0,0,0,0,0,0,0,0,0,0,0,7,0,0
2241,2019,Rajasthan,8,Tonk,116,Tonk,1,6,4,0,0,0,305,34,0,,14,0,0,0,129,0,0,0,81,0,32,39,162,0,0,26,0,0,0,0,0,1,0,0,0,0,0,7,0,0,0,0
2242,2019,Rajasthan,8,Udaipur,117,Udaipur,0,12,12,0,0,0,616,212,0,,79,0,0,0,21,0,0,0,153,47,34,67,256,1,2,22,0,7,0,0,0,1,0,3,0,0,0,0,0,0,0,0
2243,2019,Rajasthan,8,Jaipur,102,Jaipur Metro,0,0,0,0,0,0,0,0,0,,0,0,0,0,0,0,0,0,0,0,0,0,0,0,0,0,0,0,0,0,0,0,0,0,0,0,0,0,0,0,0,0
2244,2019,Rajasthan,8,Jaipur,102,Scrb,0,0,0,0,0,0,0,0,0,,0,0,0,0,0,0,0,0,0,0,0,0,0,0,0,0,0,0,0,0,0,0,0,0,0,0,0,0,0,0,0,0
2245,2019,Rajasthan,8,Jaipur,102,Sog,0,0,0,0,0,0,0,0,0,,0,0,0,0,0,0,0,0,0,0,0,0,0,0,0,0,0,0,0,0,0,0,0,0,0,0,0,0,0,0,0,0
2246,2019,Rajasthan,8,Jaipur,102,Ssb,0,0,0,0,0,0,0,0,0,,0,0,0,0,0,0,0,0,0,0,0,0,0,0,0,0,0,0,0,0,0,0,0,0,0,0,0,0,0,0,0,0
2247,2019,Rajasthan,8,Jaipur,102,Jaipur Crime,0,0,0,0,0,0,0,0,0,,0,0,0,0,0,0,0,0,0,0,0,0,0,0,0,0,0,0,0,0,0,0,0,1,0,0,0,0,0,0,0,0
2248,2019,Rajasthan,8,Khairthal-Tijara,770,Bhiwadi,0,35,0,0,0,0,434,55,0,,13,0,0,0,20,0,0,0,133,0,31,13,146,9,0,4,0,0,0,0,0,3,0,0,0,0,0,1,0,0,0,0
2249,2019,Sikkim,11,Gangtok,225,East,0,0,0,0,0,0,1,0,0,,0,0,0,0,0,0,0,0,5,0,2,0,9,0,1,2,0,0,0,0,0,0,0,1,0,30,11,1,0,0,0,0
2250,2019,Sikkim,11,Mangan,226,North,0,0,0,0,0,0,0,0,0,,0,0,0,0,0,0,0,0,1,0,0,0,0,1,0,0,0,0,0,0,0,0,0,0,0,7,0,0,0,0,0,0
2251,2019,Sikkim,11,Namchi,227,South,0,0,1,0,0,0,0,0,0,,0,0,0,0,0,0,0,0,2,0,0,0,8,0,0,0,0,0,0,0,0,0,0,0,0,12,10,0,0,0,0,0
2252,2019,Sikkim,11,Gyalshing,228,West,0,0,0,0,0,0,0,0,0,,0,0,0,0,0,0,0,0,3,0,0,0,2,0,1,0,0,0,0,0,0,0,0,0,0,9,5,0,0,0,0,0
2253,2019,Tamil Nadu,33,Ariyalur,610,Ariyalur,0,0,6,0,0,0,6,0,0,,4,0,4,0,0,0,0,0,14,0,0,0,7,0,0,0,0,0,0,0,0,0,0,0,0,15,2,1,0,0,0,0
2254,2019,Tamil Nadu,33,Chennai,568,Chennai,4,0,28,2,2,0,116,2,0,,2,0,2,0,3,1,0,0,34,0,0,8,89,0,0,0,4,158,32,1,0,3,0,13,0,144,63,15,0,1,0,1
2255,2019,Tamil Nadu,33,Coimbatore,569,Coimbatore,0,1,2,0,0,0,28,0,0,,0,0,0,0,0,0,0,0,6,11,0,0,10,0,0,0,0,5,1,0,1,4,0,0,0,34,14,1,1,0,0,0
2256,2019,Tamil Nadu,33,Coimbatore,569,Coimbatore City,0,0,0,0,0,0,18,0,0,,0,0,0,0,0,0,0,0,1,1,0,0,5,0,0,0,0,9,5,2,0,4,0,0,0,29,11,0,0,0,0,0
2257,2019,Tamil Nadu,33,Cuddalore,570,Cuddalore,0,11,21,0,0,0,39,0,0,,14,0,0,0,0,0,0,0,15,9,0,0,65,0,0,0,0,0,0,0,0,3,0,0,0,64,12,6,0,0,0,0
2258,2019,Tamil Nadu,33,Dharmapuri,571,Dharmapuri,0,4,5,0,0,0,8,7,0,,3,0,0,0,4,0,0,0,5,1,0,0,23,0,0,0,0,0,0,0,0,0,0,2,0,44,7,4,0,0,0,0
2259,2019,Tamil Nadu,33,Dindigul,572,Dindigul,1,2,8,0,0,0,46,9,0,,10,0,14,0,1,0,0,0,12,0,0,0,29,0,0,0,0,0,0,0,0,18,0,0,0,54,10,3,0,0,0,0
2260,2019,Tamil Nadu,33,Erode,573,Erode,0,0,0,0,0,0,13,12,0,,21,0,7,0,3,0,0,0,5,18,0,0,17,0,0,0,3,15,0,0,1,0,0,0,0,51,22,0,0,0,0,0
2261,2019,Tamil Nadu,33,Kanchipuram,574,Kanchipuram,0,0,8,0,0,0,11,5,0,,0,0,0,0,0,0,0,0,11,0,0,0,5,0,1,0,3,0,0,0,3,0,0,0,0,38,18,0,0,0,0,0
2262,2019,Tamil Nadu,33,Kanniyakumari,575,Kanyakumari,0,0,10,0,1,0,11,0,0,,5,0,0,0,1,0,0,0,7,21,0,1,21,0,0,0,71,0,0,0,0,0,0,2,0,48,24,12,0,1,0,0
2263,2019,Tamil Nadu,33,Karur,576,Karur,0,1,3,0,0,0,8,0,0,,3,0,0,0,0,0,0,0,2,0,0,0,7,0,0,0,0,0,0,0,0,0,0,0,0,17,3,0,0,0,0,0
2264,2019,Tamil Nadu,33,Krishnagiri,577,Krishnagiri,0,0,7,0,0,0,6,0,0,,5,0,0,0,1,0,0,0,5,12,1,0,15,0,0,0,0,3,0,0,0,3,0,0,1,51,13,4,0,0,0,0
2265,2019,Tamil Nadu,33,Madurai,578,Madurai,0,0,0,0,1,0,35,0,0,,9,0,1,0,0,0,0,0,14,8,2,0,32,0,1,0,30,0,0,2,0,0,0,0,0,42,18,2,0,0,0,0
2266,2019,Tamil Nadu,33,Madurai,578,Madurai City,0,0,5,0,0,0,66,0,0,,2,0,0,0,2,0,0,0,6,4,0,0,15,0,0,0,0,0,0,0,0,0,0,0,0,58,19,0,0,0,0,0
2267,2019,Tamil Nadu,33,Nagapattinam,579,Nagapattinam,0,1,0,0,0,0,7,0,0,,24,0,0,0,0,0,0,0,12,0,0,0,41,0,0,0,0,0,0,0,0,0,0,0,0,44,15,0,0,0,0,0
2268,2019,Tamil Nadu,33,Namakkal,580,Namakkal,0,0,4,0,0,0,9,0,0,,5,0,0,0,0,1,0,0,3,19,0,0,26,0,0,0,4,0,0,0,0,4,0,1,0,36,2,8,0,0,0,0
2269,2019,Tamil Nadu,33,The Nilgiris,587,Nilgiris,0,0,6,0,0,0,3,0,0,,0,0,0,0,0,0,0,0,1,0,0,0,2,0,0,0,0,0,0,0,0,0,0,0,0,24,0,0,0,6,0,0
2270,2019,Tamil Nadu,33,Perambalur,581,Perambalur,0,0,3,0,0,0,0,0,0,,2,0,1,0,0,0,0,0,3,0,0,0,24,0,0,1,0,0,0,0,0,0,0,0,0,35,5,3,0,0,0,0
2271,2019,Tamil Nadu,33,Pudukkottai,582,Pudukottai,0,0,5,0,0,0,18,0,0,,6,0,10,0,0,0,0,0,7,0,2,0,27,0,0,0,0,0,0,0,0,0,0,0,0,24,4,2,0,0,0,0
2272,2019,Tamil Nadu,33,Ramanathapuram,583,Ramnathapuram,0,0,0,0,0,0,7,0,0,,11,0,3,0,0,0,0,0,13,0,2,0,10,0,0,0,12,0,0,0,0,0,0,0,0,31,9,3,0,0,0,0
2273,2019,Tamil Nadu,33,Chennai,568,Railway Chennai,0,0,1,0,0,0,0,0,0,,0,0,0,0,0,2,0,0,1,0,0,0,5,0,0,0,0,0,0,0,0,0,0,0,0,1,2,0,0,0,0,0
2274,2019,Tamil Nadu,33,Tiruchirappalli,591,Railway Trichy,0,0,1,0,0,0,0,0,0,,0,0,0,0,0,0,0,0,1,0,0,0,1,0,0,0,0,0,0,0,0,0,0,0,0,0,1,0,0,0,0,0
2275,2019,Tamil Nadu,33,Salem,584,Salem,0,0,7,0,0,0,5,0,0,,3,0,0,0,0,0,0,0,5,17,0,0,46,0,0,0,0,1,0,0,0,0,0,0,0,53,17,0,0,0,0,0
2276,2019,Tamil Nadu,33,Salem,584,Salem City,0,0,0,0,0,0,23,0,0,,0,0,0,0,0,0,0,0,5,0,0,0,7,0,0,0,2,9,0,0,0,0,0,0,0,47,7,0,0,0,0,0
2277,2019,Tamil Nadu,33,Sivaganga,585,Sivagangai,0,0,3,0,0,0,27,32,0,,14,0,6,0,0,0,0,0,8,0,1,0,18,0,0,0,0,0,0,0,0,0,0,0,0,35,8,4,0,0,0,0
2278,2019,Tamil Nadu,33,Thanjavur,586,Thanjavur,0,1,7,0,0,0,17,0,0,,24,0,0,0,0,0,0,0,11,12,0,0,38,0,0,1,7,0,0,0,0,0,0,0,4,35,2,5,0,0,0,0
2279,2019,Tamil Nadu,33,Theni,588,Theni,0,1,0,0,0,0,46,0,0,,0,0,0,0,0,0,0,0,10,3,0,0,6,0,0,0,0,2,3,0,0,0,0,0,0,70,13,8,0,0,0,0
2280,2019,Tamil Nadu,33,Tirunelveli,592,Thirunelveli,0,1,6,0,0,0,14,5,0,,7,0,0,0,2,0,0,0,19,0,0,0,50,0,0,1,23,6,0,0,0,0,0,2,0,106,25,13,0,3,0,0
2281,2019,Tamil Nadu,33,Tirunelveli,592,Thirunelveli City,0,0,4,0,0,0,2,0,0,,2,0,0,0,0,0,0,0,5,0,0,0,5,0,0,0,11,0,0,0,0,6,0,0,0,16,5,5,0,0,0,0
2282,2019,Tamil Nadu,33,Thiruvallur,589,Thiruvallur,1,0,8,0,0,0,11,0,0,,1,0,0,0,0,0,0,0,9,3,0,0,6,0,0,0,0,1,0,0,0,0,0,0,0,23,2,5,2,3,0,0
2283,2019,Tamil Nadu,33,Tiruvannamalai,593,Thiruvannamalai,0,1,6,0,0,0,9,7,0,,15,0,23,0,0,0,0,0,16,0,0,0,6,0,0,0,3,0,0,0,0,0,0,0,0,62,2,2,1,1,0,0
2284,2019,Tamil Nadu,33,Thiruvarur,590,Thiruvarur,0,1,0,0,0,0,16,1,0,,11,0,5,0,0,0,0,0,9,5,0,0,12,0,4,0,2,0,0,0,0,0,0,1,6,31,0,0,0,11,0,0
2285,2019,Tamil Nadu,33,Tuticorin,594,Thoothukudi,0,0,5,0,0,0,25,0,0,,2,0,3,0,0,0,0,0,6,2,0,0,22,0,0,0,4,6,0,0,0,0,0,2,0,55,22,17,1,0,0,0
2286,2019,Tamil Nadu,33,Tiruppur,634,Tiruppur,1,0,0,0,0,0,12,0,0,,0,0,0,0,0,0,0,0,1,2,0,0,10,0,0,0,0,2,0,0,0,0,0,0,0,31,9,3,0,0,0,0
2287,2019,Tamil Nadu,33,Tiruppur,634,Tiruppur City,0,0,0,0,0,0,5,1,0,,0,0,0,0,0,0,0,0,0,0,0,0,4,0,0,0,0,5,4,0,0,0,0,0,0,21,3,2,0,0,0,0
2288,2019,Tamil Nadu,33,Tiruchirappalli,591,Trichy,0,0,3,0,0,0,31,0,0,,13,0,0,0,0,0,0,0,14,0,0,0,13,0,1,0,0,0,0,6,0,0,0,0,0,36,8,2,0,0,0,0
2289,2019,Tamil Nadu,33,Tiruchirappalli,591,Trichy City,0,0,4,0,0,0,26,2,0,,1,0,0,0,0,0,0,0,1,0,0,0,10,0,0,0,7,0,0,0,0,11,0,0,0,24,6,1,0,0,0,1
2290,2019,Tamil Nadu,33,Vellore,595,Vellore,0,0,29,1,0,0,19,0,0,,54,0,13,0,0,7,0,0,17,0,0,0,16,0,0,0,1,0,0,0,0,0,0,0,0,91,24,0,0,0,0,0
2291,2019,Tamil Nadu,33,Villupuram,596,Villupuram,0,3,27,0,0,0,25,2,0,,35,0,5,0,0,0,0,0,33,35,0,0,45,0,0,0,29,0,0,0,0,5,0,1,0,55,18,4,2,0,0,0
2292,2019,Tamil Nadu,33,Virudhunagar,597,Virudhunagar,1,0,4,0,0,0,13,0,0,,3,0,2,0,0,0,0,0,6,0,0,0,10,0,0,0,21,1,0,0,0,4,0,2,0,51,12,6,1,0,0,0
2293,2019,Tamil Nadu,33,Coimbatore,569,Cyber Cell,0,0,0,0,0,0,0,0,0,,0,0,0,0,0,0,0,0,0,0,0,0,0,0,0,0,0,0,0,0,0,0,0,1,0,0,0,0,0,0,0,0
2294,2019,Tamil Nadu,33,Chennai,568,Other Units,0,0,0,0,0,0,0,0,0,,0,0,0,0,0,0,0,0,0,0,0,0,0,0,0,0,0,0,0,0,0,0,0,0,0,0,0,0,0,0,0,0
2295,2019,Telangana,36,Hyderabad,507,Cyberabad Commissionerate,2,26,64,0,0,0,1278,199,0,,8,0,0,0,0,35,0,0,113,110,0,0,665,0,123,7,0,3,0,1,1,2,0,1,11,186,113,10,0,1,0,0
2296,2019,Telangana,36,Hyderabad,507,Hyderabad Commissionerate,0,22,31,0,0,0,1568,133,0,,2,0,6,0,0,0,0,0,184,21,3,0,346,0,112,0,0,0,0,0,0,0,1,43,0,118,163,2,0,0,0,0
2297,2019,Telangana,36,Karimnagar,508,Karimnagar Commissionerate,1,9,15,0,0,0,284,0,0,,1,0,0,0,10,6,0,0,17,2,0,0,135,0,0,0,0,0,0,0,0,1,0,0,0,9,36,0,0,0,0,0
2298,2019,Telangana,36,Khammam,509,Khammam Commissionerate,0,5,18,0,0,0,316,56,0,,0,0,0,0,0,1,0,0,24,0,0,0,186,0,25,2,0,0,0,0,0,9,0,0,0,51,12,26,0,1,0,0
2299,2019,Telangana,36,Nizamabad,516,Nizamabad Commissionerate,2,9,22,0,0,0,329,11,0,,0,0,3,0,4,4,0,0,28,3,1,0,129,2,36,0,0,0,0,0,0,0,0,0,0,34,20,5,0,0,0,0
2300,2019,Telangana,36,Yadadri Bhuvanagiri,697,Rachakonda Commissionerate,3,9,18,0,0,1,1080,0,0,,0,0,0,0,56,0,0,0,168,0,0,0,762,0,0,0,0,0,0,0,0,0,0,0,0,141,0,0,0,0,0,0
2301,2019,Telangana,36,Peddapalli,682,Ramagundam Commissionerate,0,10,19,0,0,0,475,33,0,,8,1,8,0,0,0,0,0,31,3,8,0,229,0,46,0,0,2,0,0,0,0,0,4,0,40,39,0,0,0,0,0
2302,2019,Telangana,36,Siddipet,692,Siddipet Commissionerate,0,9,10,0,0,0,241,7,0,,1,0,11,0,0,0,0,0,21,0,0,0,129,0,9,0,0,0,0,0,0,0,0,1,0,36,24,0,0,0,0,0
2303,2019,Telangana,36,Warangal,522,Warangal Commissionerate,2,12,34,0,0,1,469,97,0,,0,0,5,0,3,4,0,0,35,9,3,0,206,2,51,0,5,0,0,0,0,1,0,0,0,41,50,1,0,0,0,0
2304,2019,Telangana,36,Adilabad,501,Adilabad,0,1,11,4,0,0,108,17,0,,0,0,4,0,0,0,0,0,12,0,0,0,38,0,1,0,0,0,0,0,0,0,0,0,0,20,14,0,0,0,0,0
2305,2019,Telangana,36,Bhadradri Kothagudem,690,Bhadradri Kothagudem,0,5,17,0,0,0,278,49,0,,14,0,10,0,0,0,0,0,28,0,0,0,122,0,9,0,0,0,0,0,0,0,0,0,0,42,43,5,0,0,0,0
2306,2019,Telangana,36,Jayashankar Bhupalapally,687,Jayashankar Bhupalpalli,0,0,8,0,0,0,43,0,0,,35,0,0,0,0,0,0,0,4,0,0,0,39,0,16,0,0,0,0,0,0,0,0,2,0,5,3,0,0,0,0,0
2307,2019,Telangana,36,Jogulamba Gadwal,695,Jogulamba Gadwal,0,1,4,0,0,0,24,3,0,,0,0,0,0,0,0,0,0,7,3,0,0,53,0,2,0,0,0,0,0,0,0,0,0,0,24,10,0,0,0,0,0
2308,2019,Telangana,36,Kamareddy,685,Kamareddy,2,1,5,0,0,0,170,10,0,,2,0,0,0,0,1,0,0,9,1,3,0,52,0,15,9,0,0,0,0,0,0,0,1,0,17,0,0,0,0,0,0
2309,2019,Telangana,36,Kumuram Bheem Asifabad,699,Kumaram Bheem Asifabad,6,4,7,0,0,0,90,10,0,,2,0,1,0,0,0,0,0,13,0,7,0,49,1,7,0,0,0,0,0,0,0,0,0,0,15,10,0,0,0,0,0
2310,2019,Telangana,36,Mahabubabad,688,Mahabubabad,0,6,7,0,0,0,121,37,0,,1,0,3,0,0,0,0,0,18,3,4,0,80,0,14,1,0,0,0,1,0,0,0,0,0,21,15,1,3,0,0,0
2311,2019,Telangana,36,Mahabubnagar,512,Mahabubnagar,1,2,10,0,0,0,83,0,0,,3,0,0,0,0,0,0,0,26,62,0,0,63,0,12,0,0,0,0,0,0,0,0,0,0,63,0,0,0,0,0,0
2312,2019,Telangana,36,Medak,513,Medak,1,7,12,0,0,0,130,16,0,,0,0,0,0,0,0,0,0,5,6,2,0,52,0,24,0,0,0,0,0,0,0,0,0,0,29,23,0,0,0,0,0
2313,2019,Telangana,36,Nagarkurnool,694,Nagarkurnool,0,2,8,0,0,0,73,22,0,,1,0,0,0,1,0,0,0,7,4,0,0,56,0,1,0,0,0,0,0,0,0,0,0,0,17,19,0,0,0,0,0
2314,2019,Telangana,36,Nalgonda,514,Nalgonda,0,6,18,0,0,0,279,6,2,,6,0,8,0,4,0,0,0,29,5,1,0,159,0,87,0,1,0,0,0,0,0,0,1,0,49,31,0,0,0,0,0
2315,2019,Telangana,36,Nirmal,680,Nirmal,0,1,10,0,0,0,87,12,0,,0,0,0,0,2,0,0,0,7,0,0,0,76,0,7,0,0,0,0,0,0,0,0,0,0,12,12,0,0,0,0,0
2316,2019,Telangana,36,Rajanna Sircilla,683,Rajanna Siricilla,0,2,0,0,0,0,137,0,0,,0,0,0,0,0,4,0,0,7,3,0,0,52,0,0,0,0,0,0,0,0,0,0,0,0,13,13,1,0,0,0,0
2317,2019,Telangana,36,Sangareddy,691,Sangareddy,0,3,16,0,0,0,174,0,0,,0,0,10,0,4,0,0,0,11,6,0,0,92,0,30,2,0,0,0,0,0,0,0,1,0,41,0,0,0,0,0,0
2318,2019,Telangana,36,Suryapet,696,Suryapet,0,1,7,0,0,1,282,14,0,,0,0,2,0,2,0,0,0,32,0,5,0,163,0,33,0,0,0,0,0,0,1,0,0,0,41,40,0,0,0,0,0
2319,2019,Telangana,36,Vikarabad,698,Vikarabad,0,3,6,0,0,0,136,14,0,,1,0,3,0,0,0,0,0,10,8,0,0,73,0,20,0,0,0,0,0,0,0,0,0,0,43,17,4,0,0,0,0
2320,2019,Telangana,36,Wanaparthy,693,Wanaparthy,0,0,3,0,0,0,59,0,0,,0,0,0,0,0,0,0,0,8,6,0,0,30,0,0,0,0,0,0,0,0,0,0,0,0,20,8,0,0,0,0,0
2321,2019,Telangana,36,Hyderabad,507,Railway Police Secunderabad,0,0,0,0,0,0,0,0,0,,1,0,0,0,0,0,0,0,0,0,0,0,4,0,5,0,0,0,0,0,0,0,0,0,0,2,0,0,0,0,0,0
2322,2019,Telangana,36,Mulugu,720,Mulug,0,2,5,0,0,0,31,0,0,,22,0,0,0,0,0,0,0,2,0,0,0,34,0,7,0,0,0,0,0,0,0,0,1,0,5,2,0,0,0,0,0
2323,2019,Telangana,36,Narayanpet,721,Narayanpet,0,1,5,0,0,0,37,2,0,,0,0,0,0,0,0,0,0,10,26,0,0,21,0,2,0,0,0,0,0,0,0,0,0,0,23,21,0,0,0,0,0
2324,2019,Tripura,16,Dhalai,269,Dhalai,0,2,3,0,0,0,18,6,0,,1,0,4,0,0,1,0,0,7,1,2,0,7,0,0,0,0,0,0,0,0,0,0,0,0,13,9,0,0,0,0,0
2325,2019,Tripura,16,Gomati,654,Gomati,0,7,0,0,0,0,68,1,0,,2,0,3,0,0,0,0,0,7,4,1,0,17,0,0,0,0,0,0,0,0,0,0,1,0,13,5,0,0,0,0,0
2326,2019,Tripura,16,West Tripura,272,Grp,0,0,0,0,0,0,0,0,0,,0,0,0,0,0,0,0,0,0,0,0,0,0,0,2,0,0,0,0,0,0,0,0,0,0,0,0,0,0,0,0,0
2327,2019,Tripura,16,Khowai,652,Kowai,0,4,1,0,0,0,17,2,0,,3,0,0,0,2,1,0,0,6,13,0,0,15,0,0,0,0,0,0,0,0,0,0,0,0,6,1,0,0,0,0,0
2328,2019,Tripura,16,North Tripura,270,North,0,0,0,0,0,0,42,4,0,,4,0,0,0,0,0,0,0,4,0,1,0,7,0,0,0,0,0,0,0,0,0,0,0,0,12,12,0,0,0,0,0
2329,2019,Tripura,16,Unakoti,655,Sipahijala,0,9,2,0,1,0,77,13,0,,1,0,0,0,0,0,0,0,13,2,0,0,8,0,1,0,0,0,0,0,0,0,0,0,0,16,6,0,0,2,0,0
2330,2019,Tripura,16,South Tripura,271,South,0,3,1,0,0,0,69,10,0,,5,0,0,0,4,0,0,0,5,9,3,0,15,0,0,0,0,0,0,0,0,0,0,0,0,5,6,1,0,0,0,0
2331,2019,Tripura,16,Unakoti,655,Unakoti,0,6,1,0,0,0,23,1,0,,1,0,0,0,2,0,0,0,12,7,0,0,17,0,0,0,0,0,0,0,0,0,0,0,0,15,7,0,0,0,0,0
2332,2019,Tripura,16,West Tripura,272,West,0,7,1,0,0,0,137,9,0,,2,0,3,0,1,0,0,0,34,17,2,0,67,0,2,0,0,0,0,0,0,0,0,1,0,27,17,1,0,0,0,0
2333,2019,Uttar Pradesh,9,Agra,118,Agra,0,84,2,0,1,0,439,0,1,,305,0,0,0,0,0,0,0,87,0,0,0,291,0,0,61,0,0,0,0,0,4,0,7,0,88,172,0,0,0,0,0
2334,2019,Uttar Pradesh,9,Aligarh,119,Aligarh,2,59,17,0,3,0,634,62,0,,132,0,0,0,0,3,0,0,59,0,2,0,459,0,2,0,4,0,0,0,0,0,0,0,0,62,98,0,0,0,0,0
2335,2019,Uttar Pradesh,9,Prayagraj,120,Prayagraj,2,55,15,0,0,0,1070,0,0,,216,0,0,0,0,0,0,0,108,139,0,11,292,0,1,170,0,0,0,0,0,2,0,0,0,66,2,0,0,0,0,0
2336,2019,Uttar Pradesh,9,Ambedkar Nagar,121,Ambedkar Nagar,0,15,0,2,0,0,138,0,0,,105,0,0,0,0,0,0,0,27,0,3,0,132,0,0,0,0,0,0,0,0,0,0,0,0,21,21,0,0,0,0,0
2337,2019,Uttar Pradesh,9,Amethi,640,Amethi,0,13,0,0,1,0,138,0,0,,42,0,0,0,0,0,0,0,24,0,6,0,127,0,0,0,0,0,0,0,0,0,0,2,0,48,58,0,0,0,0,0
2338,2019,Uttar Pradesh,9,Amroha,154,Amroha,0,12,0,0,1,0,206,0,0,,36,0,0,0,0,0,0,0,24,0,0,0,84,0,0,0,0,0,0,0,0,0,0,0,0,14,27,0,0,0,0,0
2339,2019,Uttar Pradesh,9,Auraiya,122,Auraiya,0,29,1,0,0,0,160,0,0,,113,0,0,0,0,0,0,0,39,13,0,0,120,0,0,0,6,0,0,0,0,0,0,0,0,29,58,1,0,0,0,0
2340,2019,Uttar Pradesh,9,Azamgarh,123,Azamgarh,1,23,5,2,0,0,159,91,2,,145,0,0,0,0,0,0,0,23,31,1,0,116,0,0,0,154,0,0,0,0,0,0,6,0,35,83,0,0,0,0,0
2341,2019,Uttar Pradesh,9,Budaun,133,Badaun,0,48,0,0,0,0,237,0,0,,109,0,0,0,0,0,0,0,19,0,0,0,99,0,0,0,6,0,0,0,0,0,0,0,0,25,33,1,0,0,0,0
2342,2019,Uttar Pradesh,9,Baghpat,124,Baghpat,0,14,0,0,0,0,78,0,0,,96,0,0,0,0,0,0,0,14,80,5,12,34,5,0,23,0,0,0,0,0,0,0,10,0,10,40,1,0,0,0,0
2343,2019,Uttar Pradesh,9,Bahraich,125,Bahraich,0,51,0,0,1,0,25,61,0,,211,0,0,0,0,0,0,0,31,0,4,0,168,0,0,0,447,0,0,0,0,0,0,0,0,22,99,0,0,4,0,0
2344,2019,Uttar Pradesh,9,Ballia,126,Ballia,0,20,3,0,0,0,100,37,0,,80,0,0,0,0,0,0,0,8,0,1,5,38,4,0,48,98,0,0,0,0,0,0,5,0,31,65,0,0,0,0,0
2345,2019,Uttar Pradesh,9,Balrampur,127,Balrampur,0,9,0,1,0,0,5,0,1,,24,0,0,0,0,0,0,0,5,65,0,0,45,0,0,0,93,0,0,0,0,0,0,0,0,10,45,0,0,0,0,0
2346,2019,Uttar Pradesh,9,Banda,128,Banda,2,30,13,6,0,0,101,0,0,,51,0,0,0,1,0,0,0,35,27,1,0,100,1,1,0,7,0,0,0,0,0,0,2,0,26,37,0,0,0,0,0
2347,2019,Uttar Pradesh,9,Bara Banki,129,Barabanki,1,45,11,1,0,0,291,0,11,,19,0,0,0,0,0,0,0,30,168,0,2,129,0,0,1,0,0,0,0,0,0,0,0,0,37,60,2,0,1,0,0
2348,2019,Uttar Pradesh,9,Bareilly,130,Bareilly,0,53,0,19,4,0,355,418,0,,0,0,0,0,4,4,0,0,77,17,6,0,418,0,0,0,354,0,0,7,0,0,0,0,7,74,125,1,0,8,0,0
2349,2019,Uttar Pradesh,9,Basti,131,Basti,1,17,3,0,3,0,134,0,0,,0,0,0,0,0,0,0,0,27,92,0,29,108,0,0,0,0,0,0,0,0,0,0,0,0,26,22,0,0,4,0,0
2350,2019,Uttar Pradesh,9,Bijnor,132,Bijnor,1,32,0,5,1,0,229,0,0,,59,0,0,0,1,0,0,0,56,0,16,0,142,0,0,0,425,0,0,0,0,0,0,0,0,57,54,0,0,6,0,0
2351,2019,Uttar Pradesh,9,Bulandshahr,134,Bulandshahar,0,66,10,2,0,0,580,0,0,,123,0,0,0,0,0,0,0,83,0,6,0,69,0,3,121,0,0,0,0,0,0,2,0,1,84,118,3,0,0,0,0
2352,2019,Uttar Pradesh,9,Chandauli,135,Chandoli,0,13,4,1,0,1,146,0,1,,14,0,0,0,0,0,0,0,23,45,1,0,77,0,1,0,2,0,0,0,0,0,0,3,0,44,26,0,0,0,0,0
2353,2019,Uttar Pradesh,9,Chitrakoot,136,Chitrakoot,0,18,4,0,0,0,53,0,0,,16,0,0,0,0,0,0,0,13,0,0,13,50,0,0,17,49,0,0,0,0,0,0,8,0,6,11,0,0,0,0,0
2354,2019,Uttar Pradesh,9,Deoria,137,Deoria,0,27,0,0,0,0,16,0,0,,60,0,0,0,0,0,0,0,0,74,0,9,0,0,0,21,0,0,0,0,0,0,0,0,0,32,0,0,0,0,0,0
2355,2019,Uttar Pradesh,9,Etah,138,Etah,0,42,0,0,0,0,139,16,0,,104,0,0,0,0,1,0,0,25,0,0,0,171,0,0,0,0,0,0,0,0,0,0,0,0,33,54,1,0,0,0,0
2356,2019,Uttar Pradesh,9,Etawah,139,Etawah,0,32,9,0,1,0,91,6,0,,5,0,0,0,0,0,0,0,9,74,0,0,49,0,0,0,2,0,0,2,0,0,0,0,0,9,25,0,0,0,0,0
2357,2019,Uttar Pradesh,9,Ayodhya,140,Ayodhya,0,14,2,2,0,0,16,3,3,,92,0,0,0,0,0,0,0,16,152,6,3,147,15,0,18,268,0,0,0,0,0,1,1,0,70,0,0,0,0,0,0
2358,2019,Uttar Pradesh,9,Fatehpur,142,Fatehpur,1,46,9,0,0,0,136,0,0,,36,0,0,0,0,0,0,0,35,42,0,0,52,0,0,67,0,0,0,0,0,0,0,0,0,27,39,0,0,0,0,0
2359,2019,Uttar Pradesh,9,Firozabad,143,Firozabad,2,53,13,0,0,0,281,35,3,,171,0,0,0,0,0,0,0,24,183,7,0,134,7,0,84,1,0,0,0,0,0,0,0,0,34,77,3,0,0,0,0
2360,2019,Uttar Pradesh,9,Lucknow,162,Grp,0,2,0,0,0,0,0,1,0,,1,0,0,0,0,0,0,0,1,0,0,0,68,0,0,0,0,0,0,0,0,0,0,0,0,4,6,0,0,0,0,0
2361,2019,Uttar Pradesh,9,Ghaziabad,145,Ghaziabad,0,40,0,0,0,0,480,0,0,,49,0,0,0,0,0,0,0,89,151,0,0,307,0,0,0,0,0,0,0,0,0,0,0,6,101,110,2,0,11,0,0
2362,2019,Uttar Pradesh,9,Ghazipur,146,Ghazipur,0,28,10,2,0,0,165,0,0,,11,0,0,0,0,0,0,0,24,117,2,0,82,0,0,45,0,0,0,0,0,0,0,6,0,100,45,0,0,7,7,0
2363,2019,Uttar Pradesh,9,Gonda,147,Gonda,0,50,0,0,0,0,26,0,0,,137,0,0,0,0,0,0,0,24,0,0,0,72,0,0,0,452,0,0,0,0,0,0,4,0,27,46,0,0,0,0,0
2364,2019,Uttar Pradesh,9,Gorakhpur,148,Gorakhpur,1,44,0,0,1,0,480,0,0,,347,0,0,0,0,0,0,0,75,0,0,0,258,0,0,0,0,0,0,0,0,0,0,0,0,234,0,0,0,0,0,0
2365,2019,Uttar Pradesh,9,Hamirpur,149,Hamirpur,0,21,9,0,0,0,122,0,0,,33,0,0,0,0,0,0,0,24,20,0,0,102,2,1,0,0,0,0,0,0,0,0,0,0,18,74,0,0,0,0,0
2366,2019,Uttar Pradesh,9,Hapur,661,Hapur,0,10,0,0,0,0,146,12,0,,103,0,0,0,0,0,0,0,37,0,0,0,36,0,1,46,0,0,0,0,0,0,0,0,0,75,0,0,0,0,0,0
2367,2019,Uttar Pradesh,9,Hardoi,150,Hardoi,1,64,0,0,0,0,342,134,0,,121,0,0,0,0,0,0,0,37,0,0,30,210,0,0,68,229,0,0,0,0,0,0,0,0,30,106,0,0,0,0,0
2368,2019,Uttar Pradesh,9,Hathras,163,Hathras,0,23,8,0,3,0,169,6,2,,46,2,0,0,0,0,0,0,17,116,0,22,83,4,0,50,0,0,0,0,0,0,0,0,0,29,46,0,0,0,0,0
2369,2019,Uttar Pradesh,9,Jalaun,151,Jalaun,0,29,0,0,0,0,150,91,2,,0,0,0,0,0,0,0,0,8,0,0,1,87,0,0,3,150,0,0,0,0,0,0,0,0,1,52,0,0,0,0,0
2370,2019,Uttar Pradesh,9,Jaunpur,152,Jaunpur,1,38,11,0,2,0,164,0,0,,114,0,0,0,0,0,0,0,72,107,0,0,115,0,0,55,0,0,0,0,0,0,0,0,0,55,28,0,0,0,0,0
2371,2019,Uttar Pradesh,9,Jhansi,153,Jhansi,1,34,12,5,0,0,261,0,0,,9,0,0,0,0,0,0,0,38,84,6,0,130,0,0,30,0,0,0,0,0,0,0,1,0,18,40,2,0,0,0,0
2372,2019,Uttar Pradesh,9,Kannauj,155,Kannauj,1,21,10,0,0,0,172,69,0,,48,0,0,0,0,0,0,0,17,0,0,0,105,0,0,0,0,0,0,0,0,0,0,0,0,20,49,0,0,0,0,0
2373,2019,Uttar Pradesh,9,Kanpur Dehat,156,Kanpur Dehat,0,40,16,0,0,0,325,0,0,,93,0,0,0,0,0,0,0,10,49,2,0,198,0,1,39,1,0,0,0,0,0,0,0,0,21,54,0,0,36,3,0
2374,2019,Uttar Pradesh,9,Kanpur Nagar,157,Kanpur Nagar,0,58,0,0,0,0,913,0,0,,209,0,0,0,0,0,0,0,53,76,8,0,324,0,0,0,0,0,0,0,0,0,0,0,0,82,155,4,0,2,0,0
2375,2019,Uttar Pradesh,9,Kasganj,633,Kasganj,0,28,3,0,0,0,108,0,0,,0,0,0,0,0,0,0,0,13,161,0,25,151,0,0,0,0,0,0,0,0,0,0,0,0,23,60,0,0,0,0,0
2376,2019,Uttar Pradesh,9,Kaushambi,158,Kaushambi,0,23,0,0,0,0,75,0,0,,122,0,0,0,0,0,0,0,4,0,0,0,19,0,0,78,0,0,0,0,0,0,0,0,0,22,0,0,0,0,0,0
2377,2019,Uttar Pradesh,9,Kheri,159,Khiri,3,51,9,1,1,0,212,0,0,,238,0,0,0,0,0,0,0,66,61,14,0,288,0,0,0,0,0,0,1,0,0,0,7,0,46,112,0,0,0,0,0
2378,2019,Uttar Pradesh,9,Kushinagar,160,Kushi Nagar,0,32,3,0,0,0,58,9,0,,154,0,0,0,0,0,0,0,10,57,16,0,129,0,0,4,0,0,0,0,0,0,0,0,0,25,64,0,0,1,0,0
2379,2019,Uttar Pradesh,9,Lalitpur,161,Lalitpur,0,10,0,0,0,0,21,0,0,,31,0,0,0,0,0,0,0,7,0,0,0,40,0,0,0,0,0,0,0,0,0,0,0,0,8,21,0,0,0,0,0
2380,2019,Uttar Pradesh,9,Lucknow,162,Lucknow,2,42,0,0,2,0,1422,0,0,,214,0,0,0,0,1,0,0,100,179,14,0,640,0,2,0,0,1,0,0,0,0,0,45,0,100,148,8,0,1,0,1
2381,2019,Uttar Pradesh,9,Mahrajganj,164,Maharajganj,0,23,8,0,0,0,94,0,1,,0,0,0,0,16,0,0,0,13,0,0,0,13,0,0,0,0,0,0,0,0,1,0,11,0,29,76,0,0,184,0,0
2382,2019,Uttar Pradesh,9,Mahoba,165,Mahoba,0,10,2,0,0,0,25,14,0,,21,0,0,0,0,0,0,0,7,42,0,0,42,0,1,0,0,0,0,0,0,0,0,1,0,16,39,0,0,0,0,0
2383,2019,Uttar Pradesh,9,Mainpuri,166,Mainpuri,3,34,7,1,0,0,101,0,0,,0,0,0,0,0,0,0,0,15,109,3,0,103,0,0,0,1,0,0,0,0,0,0,0,0,25,56,0,0,0,0,0
2384,2019,Uttar Pradesh,9,Mathura,167,Mathura,0,26,17,0,1,0,479,114,0,,23,0,0,0,0,0,0,0,61,0,4,5,191,0,0,80,1,0,0,0,0,0,0,0,0,121,0,0,0,0,0,0
2385,2019,Uttar Pradesh,9,Mau,168,Mau,0,22,0,0,1,0,177,0,0,,51,0,0,0,0,0,0,0,19,49,0,0,70,0,0,0,165,0,0,0,0,0,0,0,0,26,19,1,0,22,0,0
2386,2019,Uttar Pradesh,9,Meerut,169,Meerut,0,32,8,0,1,0,599,0,0,,106,0,0,0,0,0,0,0,55,0,73,44,159,39,10,57,0,0,0,0,0,0,2,0,0,35,62,0,0,0,0,0
2387,2019,Uttar Pradesh,9,Mirzapur,170,Mirzapur,0,30,12,0,1,0,166,0,0,,28,0,0,0,0,0,0,0,17,46,0,0,43,0,0,0,0,0,0,0,0,0,0,0,4,37,17,0,0,0,0,0
2388,2019,Uttar Pradesh,9,Moradabad,171,Moradabad,0,26,1,0,1,1,427,66,0,,29,6,0,0,0,0,0,0,83,126,11,0,190,7,0,67,0,0,0,0,1,0,0,6,0,53,67,4,1,8,0,0
2389,2019,Uttar Pradesh,9,Muzaffarnagar,172,Muzaffarnagar,0,20,0,3,1,0,178,0,0,,132,0,0,0,0,0,0,0,42,20,7,30,64,0,0,32,0,0,0,0,0,0,0,0,0,42,25,1,0,0,0,0
2390,2019,Uttar Pradesh,9,Pilibhit,173,Pilibhit,0,41,1,0,0,0,253,0,0,,175,0,0,0,0,0,0,0,63,58,4,0,157,0,1,0,6,0,0,0,0,0,0,3,0,34,40,0,0,1,0,0
2391,2019,Uttar Pradesh,9,Pratapgarh,174,Pratapgarh,1,33,5,17,0,0,325,22,0,,23,0,0,0,0,0,0,0,61,0,0,0,132,0,0,29,0,0,0,0,0,0,0,12,0,24,0,0,0,0,0,0
2392,2019,Uttar Pradesh,9,Rae Bareli,175,Raibareilly,1,24,0,0,1,0,166,0,0,,220,0,0,0,0,0,0,0,74,0,11,0,197,0,0,0,0,0,0,0,0,0,0,0,0,36,0,0,0,0,0,0
2393,2019,Uttar Pradesh,9,Rampur,176,Rampur,1,24,6,0,0,0,334,0,0,,118,0,0,0,0,0,0,0,39,14,4,0,85,0,1,0,334,0,0,0,0,0,0,0,0,40,25,0,0,0,0,0
2394,2019,Uttar Pradesh,9,Saharanpur,177,Saharanpur,0,26,0,0,3,0,271,0,0,,87,0,0,0,0,0,0,0,26,0,3,8,166,0,0,0,0,0,0,0,0,0,0,0,0,60,63,3,0,4,0,0
2395,2019,Uttar Pradesh,9,Sambhal,659,Sambhal,1,38,1,1,2,0,163,0,0,,69,0,0,0,0,1,0,0,33,58,3,0,62,0,0,47,22,0,0,0,0,0,0,2,3,39,39,1,0,2,0,0
2396,2019,Uttar Pradesh,9,Sant Kabir Nagar,178,Sant Kabirnagar,0,9,5,0,0,0,67,0,0,,15,0,0,0,0,0,0,0,16,73,0,0,28,0,0,39,0,0,0,0,0,0,0,0,0,20,28,0,0,0,0,0
2397,2019,Uttar Pradesh,9,Shahjahanpur,180,Shahjahanpur,1,63,12,0,0,0,321,0,0,,106,0,0,0,0,0,0,0,74,76,0,0,189,0,0,0,0,0,0,0,0,0,0,0,0,30,97,0,0,0,0,0
2398,2019,Uttar Pradesh,9,Shamli,660,Shamli,0,10,0,0,0,0,101,0,0,,74,0,0,0,0,0,0,0,19,0,0,0,97,0,0,0,0,0,0,0,0,0,0,0,0,14,25,0,0,0,0,0
2399,2019,Uttar Pradesh,9,Shrawasti,181,Shrawasti,0,9,5,0,0,0,11,0,0,,56,0,0,0,0,0,0,0,3,10,2,0,28,0,0,0,151,0,0,0,0,0,0,0,0,5,15,0,0,0,0,0
2400,2019,Uttar Pradesh,9,Siddharthnagar,182,Sidharthnagar,0,26,3,0,0,0,53,0,0,,5,0,0,0,0,0,0,0,3,57,0,10,65,0,0,0,53,0,0,0,0,0,0,0,0,29,54,0,0,4,0,0
2401,2019,Uttar Pradesh,9,Sitapur,183,Sitapur,0,84,0,0,0,0,514,0,0,,0,0,0,0,0,0,0,0,76,352,0,0,485,0,0,0,0,0,0,0,0,0,0,0,0,77,177,0,0,0,0,0
2402,2019,Uttar Pradesh,9,Sonbhadra,184,Sonbhadra,0,20,9,0,0,0,81,0,0,,6,0,0,0,0,0,0,0,39,38,0,0,36,0,0,0,69,0,0,0,0,0,0,0,0,66,26,3,0,1,3,0
2403,2019,Uttar Pradesh,9,Bhadohi,179,Bhadohi,0,18,5,0,2,0,72,28,1,,21,0,0,0,0,0,0,0,12,14,0,0,12,0,0,6,73,0,0,0,0,0,0,0,0,21,0,0,0,0,0,0
2404,2019,Uttar Pradesh,9,Sultanpur,185,Sultanpur,0,20,7,0,0,0,207,21,0,,63,0,0,0,0,0,0,0,52,89,10,0,231,0,0,0,207,0,0,0,0,0,0,6,0,18,40,1,0,0,0,0
2405,2019,Uttar Pradesh,9,Unnao,186,Unnao,1,49,14,0,1,0,285,0,0,,83,0,0,0,0,0,0,0,53,157,2,0,203,1,0,0,0,0,0,0,0,0,0,4,1,149,0,0,0,0,0,0
2406,2019,Uttar Pradesh,9,Varanasi,187,Varanasi,0,36,19,0,0,0,628,0,0,,79,0,0,0,0,4,0,0,70,135,0,0,129,0,3,66,3,0,0,0,0,3,0,26,10,50,66,0,0,0,0,0
2407,2019,Uttarakhand,5,Almora,45,Almora,0,1,0,0,0,0,2,3,0,,0,0,0,0,6,1,0,0,0,0,0,7,8,0,1,0,1,0,0,0,0,0,0,0,0,0,1,1,0,0,0,0
2408,2019,Uttarakhand,5,Bageshwar,46,Bageshwar,0,4,0,0,0,0,2,0,0,,0,0,0,0,0,0,0,0,4,0,0,0,9,0,0,0,0,0,0,0,0,0,0,0,0,6,0,0,0,0,0,0
2409,2019,Uttarakhand,5,Chamoli,47,Chamoli,0,1,1,0,0,0,0,0,0,,1,0,0,0,13,0,0,0,2,0,1,0,3,0,0,0,0,0,0,0,0,0,0,1,0,4,0,0,0,0,0,0
2410,2019,Uttarakhand,5,Champawat,48,Champawat,0,1,1,0,0,0,3,0,0,,0,0,0,0,9,0,0,0,1,0,0,0,3,0,0,0,0,0,0,0,0,0,0,0,0,9,1,0,0,0,0,0
2411,2019,Uttarakhand,5,Dehradun,49,Dehradun,0,7,0,0,0,0,226,0,0,,31,0,0,0,0,0,0,0,81,0,0,58,62,0,4,9,0,0,0,0,0,0,0,0,12,0,0,0,0,0,0,0
2412,2019,Uttarakhand,5,Haridwar,50,Haridwar,1,16,6,0,2,0,135,90,0,,59,0,0,0,0,0,0,1,69,8,10,92,122,10,3,39,0,1,0,0,0,0,0,0,0,88,51,13,0,12,0,0
2413,2019,Uttarakhand,5,Nainital,51,Nainital,0,5,5,0,0,0,65,4,0,,10,0,0,0,23,1,0,0,23,8,0,27,49,0,0,14,0,0,0,0,0,0,0,0,0,0,14,0,0,0,0,0
2414,2019,Uttarakhand,5,Pauri Garhwal,52,Pauri Garhwal,1,1,3,0,0,0,11,0,0,,0,0,0,0,5,0,0,0,6,2,0,0,23,0,0,0,0,0,0,0,0,0,0,0,0,9,0,0,0,0,0,0
2415,2019,Uttarakhand,5,Pithoragarh,53,Pithoragarh,0,3,3,0,0,0,4,1,0,,0,0,0,0,0,0,0,0,4,0,0,0,7,0,1,0,0,0,0,0,0,0,0,2,0,9,3,0,0,0,0,0
2416,2019,Uttarakhand,5,Rudra Prayag,54,Rudra Prayag,0,0,0,0,0,0,1,0,0,,0,0,0,0,0,0,0,0,1,0,0,0,0,0,0,0,0,0,0,0,0,0,0,0,0,7,0,0,0,0,0,0
2417,2019,Uttarakhand,5,Tehri Garhwal,55,Tehri Garhwal,0,0,0,0,0,0,8,0,0,,1,0,0,0,19,0,0,0,21,3,0,0,15,0,0,0,0,0,0,0,0,0,0,0,0,9,0,0,0,0,0,0
2418,2019,Uttarakhand,5,Uttar Kashi,57,Uttarkashi,0,2,1,0,0,0,9,3,0,,1,0,0,0,5,0,0,0,7,0,0,0,8,0,1,0,0,0,0,0,0,0,0,1,1,13,4,1,0,0,0,0
2419,2019,Uttarakhand,5,Dehradun,49,Grp,0,0,0,0,0,0,0,0,0,,0,0,0,0,0,0,0,0,0,0,0,0,0,0,0,0,0,0,0,0,0,0,0,0,0,1,0,0,0,0,0,0
2420,2019,West Bengal,19,Alipurduar,664,Alipurduar,0,10,22,0,0,0,160,128,0,,0,0,0,0,2,1,0,0,35,3,27,0,42,0,3,0,0,0,0,0,0,1,0,0,0,46,35,2,0,0,0,0
2421,2019,West Bengal,19,Paschim Bardhaman,704,Asansol-Durgapur Pc,1,12,16,0,1,0,517,23,2,,9,0,0,0,0,0,0,0,15,4,10,0,52,0,2,0,0,0,0,0,0,1,0,0,0,26,17,0,0,0,0,0
2422,2019,West Bengal,19,Bankura,305,Bankura,1,18,11,1,0,0,189,20,0,,2,0,3,0,11,0,0,0,13,28,10,0,39,0,14,0,0,0,0,2,0,0,0,0,0,20,11,0,0,0,0,0
2423,2019,West Bengal,19,North 24 Parganas,303,Barrackpur Pc,0,18,12,3,1,2,1338,53,0,,21,0,3,0,40,3,1,0,54,27,29,0,553,0,20,0,0,0,0,0,0,2,0,0,7,47,30,9,0,0,0,0
2424,2019,West Bengal,19,North 24 Parganas,303,Bidhannagar Pc,0,3,6,0,1,0,219,32,0,,0,0,1,0,0,3,0,0,6,17,3,0,69,0,5,0,0,0,0,0,0,2,0,0,0,20,5,3,0,0,0,0
2425,2019,West Bengal,19,Birbhum,307,Birbhum,1,9,16,0,1,1,228,48,0,,4,0,4,0,0,1,1,0,49,27,33,2,52,0,0,2,0,0,0,0,0,5,0,0,0,45,24,34,0,0,0,0
2426,2019,West Bengal,19,Cooch Behar,308,Coochbehar,0,28,19,6,0,1,337,42,0,,0,0,0,0,236,0,0,0,47,0,31,0,51,0,1,0,0,0,0,0,0,0,0,0,0,35,18,0,0,0,0,0
2427,2019,West Bengal,19,Dakshin Dinajpur,310,Dakshin Dinajpur,0,9,0,0,0,0,67,8,0,,0,0,1,0,44,0,0,0,13,0,18,0,38,0,0,0,0,0,0,0,0,2,0,0,0,15,1,0,0,0,0,0
2428,2019,West Bengal,19,Darjeeling,309,Darjeeling,0,5,0,0,0,0,84,36,0,,0,0,0,0,0,0,0,0,8,0,11,0,68,0,1,0,5,0,0,0,0,0,0,0,0,26,12,2,0,0,0,0
2429,2019,West Bengal,19,Hooghly,312,Hooghly Rural Police,0,21,38,0,4,0,535,89,0,,2,0,0,0,4,0,0,0,17,28,12,0,58,0,0,0,0,0,0,0,0,4,0,0,0,32,34,0,0,0,0,0
2430,2019,West Bengal,19,Howrah,313,Howrah Grp,0,1,4,0,0,0,0,1,0,,0,0,0,0,1,2,0,0,0,0,0,0,11,0,0,0,0,0,0,0,0,0,0,0,0,1,0,0,0,0,0,0
2431,2019,West Bengal,19,Howrah,313,Howrah Pc,0,7,7,0,0,0,354,25,0,,3,0,1,0,13,7,0,0,11,0,6,0,72,0,14,0,0,0,0,0,0,0,0,0,0,22,25,8,0,0,0,0
2432,2019,West Bengal,19,Howrah,313,Howrah Rural,1,5,7,0,1,1,689,27,0,,0,0,1,0,0,1,0,0,15,1,18,0,49,0,1,0,0,0,0,0,0,1,0,0,0,27,9,2,0,1,0,0
2433,2019,West Bengal,19,Jalpaiguri,314,Jalpaiguri,0,20,5,0,2,0,125,114,0,,0,0,1,0,7,1,0,0,32,0,28,0,71,0,1,0,0,0,0,0,0,0,0,0,0,66,31,18,0,0,0,0
2434,2019,West Bengal,19,Jhargram,703,Jhargram,0,2,5,0,0,0,72,31,0,,1,0,0,0,0,0,0,0,8,3,4,0,41,0,1,0,0,0,0,0,0,0,0,0,1,14,13,1,0,1,0,0
2435,2019,West Bengal,19,Paschim Medinipur,318,Kharagpur Grp,0,0,0,0,0,0,1,0,0,,0,0,0,0,0,0,0,0,0,0,0,0,1,0,0,0,0,0,0,0,0,0,0,0,0,0,0,0,0,0,0,0
2436,2019,West Bengal,19,Kolkata,315,Kolkata,0,7,27,0,1,2,946,227,2,,9,0,54,1,4,2,0,0,14,13,0,0,372,0,232,0,0,0,0,0,0,35,0,1,0,107,77,38,4,1,0,0
2437,2019,West Bengal,19,Malda,316,Malda,0,15,45,8,0,0,883,197,0,,1,0,0,0,4,2,0,0,77,0,66,2,225,0,8,14,0,0,0,0,0,0,0,0,0,98,44,19,17,18,0,0
2438,2019,West Bengal,19,Murshidabad,319,Murshidabad,0,39,14,4,3,1,1206,141,2,,33,0,5,0,17,5,1,0,192,56,255,0,150,0,6,0,0,0,0,0,0,12,0,1,0,141,38,18,0,3,0,0
2439,2019,West Bengal,19,Nadia,320,Nadia,0,49,22,0,5,0,883,134,0,,20,0,2,0,12,1,1,0,42,105,107,0,93,0,0,0,0,0,0,0,0,7,0,0,0,60,27,0,0,0,0,0
2440,2019,West Bengal,19,Paschim Medinipur,318,Paschim Medinipur,0,9,16,0,0,0,447,20,0,,0,0,0,0,104,0,0,0,50,0,30,0,306,0,8,0,0,0,0,0,0,1,4,0,0,52,29,5,0,0,0,0
2441,2019,West Bengal,19,Purba Medinipur,317,Purab Medinipur,1,12,18,2,5,0,697,129,1,,21,0,6,0,4,5,0,0,42,2,31,0,94,0,3,0,0,0,0,0,0,0,0,0,0,16,22,0,0,0,0,0
2442,2019,West Bengal,19,Purulia,321,Purulia,1,4,8,0,0,0,166,49,0,,0,0,0,0,0,0,0,0,9,0,13,0,104,0,2,0,0,0,0,0,0,0,0,0,0,13,9,1,0,0,0,0
2443,2019,West Bengal,19,Kolkata,315,Sealdah Grp,0,1,2,0,0,0,2,2,0,,0,0,1,0,0,0,0,0,1,0,0,0,11,0,3,0,0,0,0,0,0,0,0,0,0,2,2,1,0,0,0,0
2444,2019,West Bengal,19,Darjeeling,309,Siliguri Grp,0,0,0,0,0,0,0,7,0,,0,0,0,0,0,2,0,0,0,0,0,0,9,0,0,0,0,0,0,0,0,0,0,0,0,0,1,0,0,0,0,0
2445,2019,West Bengal,19,Darjeeling,309,Siliguri Pc,0,5,5,0,0,0,575,20,0,,0,0,0,0,13,3,0,0,44,0,6,0,117,0,33,0,0,0,0,0,0,9,0,0,0,49,16,9,0,0,0,0
2446,2019,West Bengal,19,Uttar Dinajpur,311,Uttar Dinajpur,0,10,19,1,1,0,244,29,0,,0,0,0,0,120,3,0,0,42,4,39,0,16,0,1,0,0,0,0,0,0,4,0,0,1,55,8,4,0,0,0,0
2447,2019,West Bengal,19,South 24 Parganas,304,Baruipur Police,0,31,11,0,2,0,1697,150,0,,2,0,3,0,19,0,0,0,53,92,41,0,179,0,0,0,0,0,0,0,0,2,0,0,0,84,0,0,0,0,0,0
2448,2019,West Bengal,19,Hooghly,312,Chandannagar Pc,0,8,8,0,0,0,421,0,0,,3,0,1,0,4,1,0,0,4,3,1,0,37,0,1,0,0,0,0,0,0,3,2,0,2,23,13,1,0,0,0,0
2449,2019,West Bengal,19,South 24 Parganas,304,Diamond Harbour Police,0,10,12,0,2,0,720,123,0,,0,0,0,0,0,1,1,0,42,5,15,0,76,0,9,0,0,0,0,0,0,1,0,0,0,36,15,5,0,0,0,0
2450,2019,West Bengal,19,Kalimpong,702,Kalimpong,0,0,2,0,0,0,38,17,0,,0,0,1,0,0,0,0,0,2,0,2,0,20,0,0,0,2,0,0,0,0,0,0,0,0,11,2,2,0,4,0,0
2451,2019,West Bengal,19,Purba Bardhaman,306,Purba Bardhaman,0,30,30,0,1,0,471,173,1,,8,0,4,0,10,3,0,0,28,23,38,0,118,0,0,0,0,0,0,0,0,1,0,0,0,50,12,1,0,0,0,0
2452,2019,West Bengal,19,South 24 Parganas,304,Sundarban Police,0,10,5,2,1,0,631,9,0,,1,0,0,0,20,0,3,0,16,14,13,0,25,0,1,0,0,0,0,0,0,0,0,0,0,25,21,3,0,0,0,0
2453,2019,West Bengal,19,North 24 Parganas,303,Barasat,0,24,33,0,2,0,1315,467,0,,0,0,0,0,0,4,1,0,45,0,37,0,122,0,20,0,0,0,0,0,0,2,0,0,0,80,22,12,0,0,0,0
2454,2019,West Bengal,19,North 24 Parganas,303,Basirhat,0,12,0,0,2,1,694,260,0,,22,0,0,0,9,1,0,0,39,0,10,0,42,0,1,0,0,0,0,0,0,0,0,0,0,21,2,3,0,0,0,0
2455,2019,Andaman And Nicobar Islands,35,South Andamans,602,South Andaman,0,0,0,0,0,0,1,0,0,,0,0,0,0,0,0,0,0,3,0,0,7,17,0,3,1,0,0,0,0,0,0,0,0,1,31,3,1,0,0,0,0
2456,2019,Andaman And Nicobar Islands,35,Nicobars,603,Nicobar,0,0,0,0,0,0,0,0,0,,0,0,0,0,0,0,0,0,1,0,0,0,1,0,0,0,0,0,0,0,0,0,0,0,0,23,2,0,0,0,0,0
2457,2019,Chandigarh,4,Chandigarh,44,Chandigarh,0,6,1,0,0,0,177,89,0,,10,0,0,0,8,1,0,0,47,22,0,65,53,2,15,13,1,0,0,0,0,0,0,1,0,1,3,0,0,0,0,0
2458,2019,The Dadra And Nagar Haveli And Daman And Diu,38,Dadra And Nagar Haveli,465,Dadra And Nagar Haveli,0,3,0,0,0,0,3,0,0,,0,0,0,0,1,0,0,0,0,0,0,0,3,0,0,0,0,0,0,0,0,0,0,0,0,38,1,0,0,0,0,0
2459,2019,The Dadra And Nagar Haveli And Daman And Diu,38,Daman,463,Daman,0,1,0,0,0,0,2,0,0,,1,0,0,0,0,0,0,0,3,0,0,0,3,0,3,0,0,0,0,1,0,0,0,0,0,8,1,0,1,0,0,0
2460,2019,The Dadra And Nagar Haveli And Daman And Diu,38,Diu,464,Diu,0,1,0,0,0,0,2,1,0,,0,0,0,0,0,0,0,0,1,0,0,0,2,0,0,0,0,0,0,0,0,0,0,0,0,1,0,1,0,0,0,0
2461,2019,Delhi,7,Central,77,Central,0,4,1,0,0,0,71,130,0,,1,0,0,0,8,4,0,0,95,0,1,0,166,0,38,0,3,0,0,0,0,0,0,1,0,38,39,4,0,0,0,0
2462,2019,Delhi,7,North West,82,Crime Branch,0,0,0,0,0,0,0,1,0,,0,0,0,0,0,0,0,0,0,0,0,0,0,0,0,0,0,0,0,0,0,0,0,0,0,0,0,0,0,0,0,0
2463,2019,Delhi,7,East,78,East,0,7,4,0,2,0,213,163,0,,0,0,0,0,29,2,0,0,90,0,0,0,142,0,30,0,0,0,0,0,0,0,0,0,0,48,47,2,0,0,0,0
2464,2019,Delhi,7,New Delhi,79,Economic Offences Wing,0,0,0,0,0,0,0,0,0,,0,0,0,0,0,0,0,0,0,0,0,0,0,0,0,0,0,0,0,0,0,0,0,0,0,0,0,0,0,0,0,0
2465,2019,Delhi,7,New Delhi,79,Igi Airport,0,0,0,0,0,0,0,0,0,,0,0,0,0,1,0,0,0,4,0,0,0,15,0,8,0,0,0,0,0,0,0,0,0,0,0,0,0,0,0,0,0
2466,2019,Delhi,7,North West,82,Metro,0,0,1,0,0,0,0,2,0,,0,0,0,0,4,0,0,0,2,0,0,0,28,0,5,0,0,0,0,0,0,0,0,0,0,0,4,1,0,0,0,0
2467,2019,Delhi,7,New Delhi,79,New Delhi,0,1,1,0,0,0,13,18,0,,0,0,0,0,2,0,0,0,20,1,0,0,41,0,11,0,0,0,0,0,0,0,0,0,0,7,8,0,0,0,0,0
2468,2019,Delhi,7,North,80,North,1,4,0,0,0,0,165,158,0,,0,0,0,0,8,0,0,0,39,0,0,0,117,0,25,0,0,0,1,0,0,0,0,0,0,38,25,0,0,0,0,0
2469,2019,Delhi,7,North East,81,North-East,0,17,6,2,1,0,425,355,0,,0,0,0,0,11,0,0,0,96,0,2,0,172,0,9,0,1,0,0,0,0,0,0,1,1,77,57,0,0,0,1,0
2470,2019,Delhi,7,North West,82,North-West,0,5,1,0,0,0,223,186,0,,3,0,0,0,3,8,0,0,90,0,0,0,138,1,15,0,0,0,0,0,0,0,0,1,1,91,55,3,0,0,0,0
2471,2019,Delhi,7,North West,82,Outer,2,18,3,1,2,3,352,354,0,,0,0,0,0,27,1,0,0,112,0,1,0,175,0,44,0,0,0,0,0,0,0,0,0,1,96,57,3,0,0,1,0
2472,2019,Delhi,7,New Delhi,79,Railway,0,0,1,0,0,1,0,11,0,,0,0,0,0,1,0,0,0,1,0,0,0,7,0,1,0,0,0,0,0,0,0,0,0,0,2,1,0,0,0,0,0
2473,2019,Delhi,7,South,83,South,0,7,4,1,0,4,321,246,0,,0,0,0,0,31,0,0,0,95,0,3,0,166,0,27,0,3,0,0,0,1,0,1,0,0,73,46,1,0,0,0,0
2474,2019,Delhi,7,South East,670,South-East,1,2,2,1,0,0,158,257,0,,0,0,0,0,9,1,0,0,84,0,0,0,169,0,48,0,14,0,0,0,0,0,0,1,0,79,35,3,0,1,0,0
2475,2019,Delhi,7,South West,84,South-West,0,6,1,0,0,0,186,218,0,,1,0,0,0,4,0,0,0,90,0,0,0,126,0,20,0,2,0,0,0,0,0,0,1,1,75,21,2,3,1,0,0
2476,2019,Delhi,7,North West,82,Spl Cell,0,0,0,0,0,0,0,0,0,,0,0,0,0,0,0,0,0,1,0,0,0,8,0,0,0,0,0,0,0,0,0,0,0,0,0,0,0,0,0,0,0
2477,2019,Delhi,7,New Delhi,79,Spuwac,0,0,0,0,0,0,56,0,0,,0,0,0,0,0,0,0,0,0,0,0,0,0,0,0,0,0,0,0,0,0,0,0,0,0,0,0,0,0,0,0,0
2478,2019,Delhi,7,New Delhi,79,Vigilance,0,0,0,0,0,0,0,0,0,,0,0,0,0,0,0,0,0,0,0,0,0,0,0,0,0,0,0,0,0,0,0,0,0,0,0,0,0,0,0,0,0
2479,2019,Delhi,7,West,85,West,0,6,3,0,1,0,366,203,0,,0,0,0,0,8,1,0,0,75,0,1,0,169,0,39,0,1,0,0,0,0,0,0,0,0,73,49,3,0,0,0,0
2480,2019,Delhi,7,North West,82,Rohini,0,14,5,0,1,1,348,266,0,,0,0,0,0,7,0,0,0,100,0,0,0,191,1,59,0,0,0,0,0,0,0,2,0,0,80,41,4,0,0,0,0
2481,2019,Delhi,7,Shahdara,671,Shahdara,0,3,5,1,0,1,442,198,0,,1,0,0,0,9,0,0,0,76,0,0,0,143,0,38,0,1,0,0,0,0,0,0,0,0,48,21,2,0,0,0,0
2482,2019,Delhi,7,South West,84,Dwarka,0,13,4,0,0,0,315,308,0,,0,0,0,0,27,0,0,0,134,0,0,0,299,0,29,0,1,0,0,0,0,2,0,0,2,57,49,15,0,0,0,0
2483,2019,Delhi,7,New Delhi,79,Outer North,1,9,6,0,1,0,138,396,0,,0,0,0,0,6,7,0,0,49,0,0,0,83,0,10,0,0,0,0,0,0,0,0,0,0,71,38,0,0,0,0,0
2484,2019,Lakshadweep,31,Lakshadweep District,553,Lakshadweep,0,0,0,0,0,0,0,0,0,,0,0,0,0,0,0,0,0,0,0,0,0,5,0,8,0,0,0,0,0,0,0,0,0,0,14,7,4,0,0,0,0
2485,2019,Puducherry,34,Karaikal,598,Karaikal,0,0,0,0,0,0,0,0,0,,0,0,0,0,0,0,0,0,0,0,0,0,0,0,0,0,0,0,0,0,0,0,0,0,0,0,0,0,0,0,0,0
2486,2019,Puducherry,34,Pondicherry,600,Puducherry,0,0,0,0,0,0,8,0,0,,0,0,0,0,0,0,0,0,10,0,0,0,23,0,0,0,6,0,0,0,0,0,0,0,0,48,0,0,0,0,0,0
2487,2020,Andhra Pradesh,28,Ananthapuramu,502,Anantapur,1,17,48,0,0,0,437,4,0,,9,0,23,0,0,3,0,0,27,8,21,42,387,11,26,31,0,0,0,0,0,0,0,0,1,30,3,0,0,0,0,0
2488,2020,Andhra Pradesh,28,Chittoor,503,Chittoor,0,14,32,0,0,0,335,0,0,,2,0,2,0,5,0,0,0,19,4,3,19,147,6,12,36,0,0,0,0,0,4,0,0,1,1,3,2,0,0,0,0
2489,2020,Andhra Pradesh,28,Y.S.R.,504,Cuddapah,1,7,9,0,0,0,283,0,0,,1,0,5,0,0,0,0,0,14,5,3,16,196,1,66,9,21,0,0,0,0,0,0,0,0,6,6,1,0,0,0,0
2490,2020,Andhra Pradesh,28,East Godavari,505,East Godavari,0,7,26,0,0,0,405,31,0,,0,1,2,0,4,0,0,0,57,10,6,54,425,4,62,38,2,0,0,0,0,0,0,2,0,43,4,8,0,7,0,0
2491,2020,Andhra Pradesh,28,Ananthapuramu,502,Guntakal Railway,0,0,3,0,0,0,1,0,0,,0,0,0,0,0,0,0,0,0,0,0,1,3,0,0,0,0,0,0,0,0,0,0,0,0,1,0,0,0,0,0,0
2492,2020,Andhra Pradesh,28,Guntur,506,Guntur,0,3,28,0,0,1,614,44,0,,2,2,5,0,0,2,0,0,31,8,10,59,292,2,260,46,0,0,0,0,0,4,0,0,2,0,0,0,0,0,0,0
2493,2020,Andhra Pradesh,28,Guntur,506,Guntur Urban,1,5,19,0,0,0,275,25,0,,3,1,2,0,2,21,0,0,18,2,1,34,160,0,150,38,0,10,0,0,0,2,0,0,0,0,0,0,0,0,0,0
2494,2020,Andhra Pradesh,28,Krishna,510,Krishna,0,8,25,0,0,0,617,102,0,,2,0,0,0,0,0,0,0,39,3,13,40,305,1,242,36,0,0,0,0,0,0,0,0,0,0,0,0,0,3,0,0
2495,2020,Andhra Pradesh,28,Kurnool,511,Kurnool,0,5,44,8,0,0,222,0,0,,4,0,9,0,7,0,0,0,15,5,5,26,426,3,471,0,407,0,0,0,0,9,0,0,0,10,8,5,0,1,0,0
2496,2020,Andhra Pradesh,28,Sri Potti Sriramulu Nellore,515,Nellore,0,7,17,0,1,0,433,3,0,,5,10,4,0,0,2,0,0,19,0,12,28,189,3,55,79,0,6,0,0,0,0,0,4,0,20,49,3,0,0,0,0
2497,2020,Andhra Pradesh,28,Prakasam,517,Prakasham,1,10,26,0,2,0,463,4,0,,1,2,0,0,1,3,0,0,30,0,12,1,280,0,429,0,0,0,0,0,0,1,0,2,0,66,19,37,0,0,0,0
2498,2020,Andhra Pradesh,28,East Godavari,505,Rajahmundry,0,2,9,0,0,0,225,20,0,,0,4,0,0,2,8,0,0,17,7,1,39,158,0,79,17,0,0,0,1,0,0,0,1,1,0,1,1,0,0,0,0
2499,2020,Andhra Pradesh,28,Srikakulam,519,Srikakulam,0,3,16,0,0,0,153,6,0,,0,1,0,0,2,0,0,0,20,6,0,41,132,0,63,14,0,0,0,0,0,0,0,0,0,0,0,0,0,0,0,0
2500,2020,Andhra Pradesh,28,Tirupati,752,Tirupathi Urban,0,0,4,0,0,0,129,1,0,,0,0,0,0,3,0,0,0,5,2,0,7,61,1,0,5,0,0,0,0,0,0,0,3,2,11,5,1,1,0,0,0
2501,2020,Andhra Pradesh,28,Ntr,749,Vijayawada City,0,7,15,0,0,0,522,10,0,,0,2,0,0,2,9,0,0,29,2,0,33,185,2,109,40,0,1,0,0,0,0,0,2,0,0,1,0,0,0,0,0
2502,2020,Andhra Pradesh,28,Ntr,749,Vijayawada Railway,1,0,0,0,0,0,0,0,0,,0,0,0,0,1,0,0,0,0,0,0,1,2,0,1,0,0,0,0,0,0,0,0,0,0,0,0,0,0,0,0,0
2503,2020,Andhra Pradesh,28,Visakhapatnam,520,Visakha Rural,0,4,14,0,0,0,134,17,0,,0,0,0,0,0,0,0,0,29,0,3,12,206,0,1,20,1,0,0,0,0,0,0,3,0,20,0,0,0,0,0,0
2504,2020,Andhra Pradesh,28,Visakhapatnam,520,Visakhapatnam,0,5,12,0,1,0,423,21,0,,0,3,0,0,2,8,0,0,71,0,2,53,269,0,101,19,1,0,0,0,0,1,0,1,21,16,2,3,0,0,0,0
2505,2020,Andhra Pradesh,28,Vizianagaram,521,Vizianagaram,0,1,5,0,0,0,231,24,0,,0,0,0,0,0,1,0,0,51,2,1,22,170,2,81,8,2,0,0,0,0,0,0,3,0,27,1,3,0,0,0,0
2506,2020,Andhra Pradesh,28,West Godavari,523,West Godavari,0,6,19,0,0,0,644,15,0,,4,7,1,0,18,7,0,0,27,7,8,49,380,4,101,77,1,0,0,3,0,6,0,0,0,20,0,0,0,0,0,0
2507,2020,Arunachal Pradesh,12,Anjaw,628,Anjaw,0,0,0,0,0,0,0,0,0,,0,0,0,0,0,0,0,0,0,0,0,0,0,0,0,0,0,0,0,0,0,0,0,0,0,0,0,0,0,0,0,0
2508,2020,Arunachal Pradesh,12,Changlang,229,Changlang,0,0,0,0,0,0,3,0,0,,0,0,0,0,1,0,0,0,3,0,0,5,3,0,0,0,0,0,0,0,0,0,0,0,0,0,0,0,0,0,0,0
2509,2020,Arunachal Pradesh,12,Papum Pare,237,Crime Branch,0,0,0,0,0,0,0,0,0,,0,0,0,0,0,0,0,0,0,0,0,0,0,0,1,0,0,0,0,0,0,0,0,0,0,0,0,0,0,0,0,0
2510,2020,Arunachal Pradesh,12,Dibang Valley,230,Dibang Valley,0,0,0,0,0,0,0,0,0,,0,0,0,0,0,0,0,0,0,0,0,0,3,0,0,0,0,0,0,0,0,0,0,0,0,0,0,0,0,0,0,0
2511,2020,Arunachal Pradesh,12,East Kameng,231,Kameng East,0,0,0,0,0,0,0,0,0,,0,0,0,0,0,0,0,0,0,0,0,2,2,0,0,0,0,0,0,0,0,0,0,0,0,2,0,0,0,0,0,0
2512,2020,Arunachal Pradesh,12,West Kameng,242,Kameng West,0,0,0,0,0,0,1,1,0,,1,0,0,0,0,0,0,0,2,0,0,3,1,0,0,0,0,0,0,0,0,0,0,0,0,0,0,0,0,0,0,0
2513,2020,Arunachal Pradesh,12,Kurung Kumey,233,Kurung Kumey,0,0,0,0,0,0,2,0,0,,0,0,0,0,0,0,0,0,0,0,0,2,0,0,0,0,0,0,0,0,0,0,0,0,0,2,0,0,0,0,0,0
2514,2020,Arunachal Pradesh,12,Lohit,234,Lohit,0,0,0,0,0,0,3,1,0,,0,0,0,0,0,0,0,0,0,2,0,3,5,0,0,0,0,0,0,0,0,0,0,0,0,0,0,0,0,0,0,0
2515,2020,Arunachal Pradesh,12,Longding,666,Longding,0,0,0,0,0,0,0,0,0,,0,0,0,0,0,0,0,0,1,0,0,1,0,0,0,0,0,0,0,0,0,0,0,0,0,0,0,0,0,0,0,0
2516,2020,Arunachal Pradesh,12,Lower Dibang Valley,235,Lower Dibang Valley,0,0,0,0,0,0,1,0,0,,0,0,0,0,0,0,0,0,0,0,0,2,1,0,0,1,0,0,0,0,0,0,0,0,0,0,0,0,0,0,0,0
2517,2020,Arunachal Pradesh,12,Papum Pare,237,Papum Pare City,0,0,0,0,0,0,33,28,0,,0,0,0,0,3,1,0,0,14,0,0,1,13,0,2,0,0,0,0,0,0,0,0,0,0,10,6,0,0,0,0,0
2518,2020,Arunachal Pradesh,12,Papum Pare,237,Papum Pare Rural,0,0,0,0,0,0,0,1,0,,0,0,0,0,0,0,0,0,0,0,0,0,2,0,0,0,0,0,0,0,0,0,0,0,0,0,0,0,0,0,0,0
2519,2020,Arunachal Pradesh,12,Lower Subansiri,236,Subansiri Lower,0,0,0,0,0,0,1,0,0,,0,0,0,0,0,0,0,0,0,0,0,0,1,0,0,0,0,0,0,0,0,0,0,0,0,0,0,0,0,0,0,0
2520,2020,Arunachal Pradesh,12,Upper Subansiri,241,Subansiri Upper,0,0,0,0,0,0,5,0,0,,0,0,0,0,0,0,0,0,4,0,0,0,5,0,0,0,0,0,0,0,0,0,0,0,0,0,2,0,0,0,0,0
2521,2020,Arunachal Pradesh,12,Tawang,238,Tawang,0,0,0,0,0,0,0,0,0,,0,0,0,0,0,0,0,0,0,0,0,0,0,0,0,0,0,0,0,0,0,0,0,0,0,0,0,0,0,0,0,0
2522,2020,Arunachal Pradesh,12,Tirap,239,Tirap,0,0,0,0,0,0,0,0,0,,0,0,0,0,0,0,0,0,1,0,0,0,4,0,0,0,0,0,0,0,0,0,0,0,0,0,0,0,0,0,0,0
2523,2020,Arunachal Pradesh,12,Namsai,678,Namsai,0,0,0,0,0,0,3,0,0,,0,0,2,0,0,0,0,0,0,0,0,0,7,0,0,0,0,0,0,0,0,0,0,0,0,1,1,0,0,0,0,0
2524,2020,Arunachal Pradesh,12,Siang,679,Siang,0,0,0,0,0,0,2,0,0,,0,0,0,0,0,0,0,0,0,0,0,0,4,0,0,0,0,0,0,0,0,0,0,0,0,0,0,0,0,0,0,0
2525,2020,Arunachal Pradesh,12,Kamle,718,Kamle,0,0,0,0,0,0,0,0,0,,0,0,0,0,0,0,0,0,0,0,0,1,0,0,0,0,0,0,0,0,0,0,0,0,0,0,0,0,0,0,0,0
2526,2020,Arunachal Pradesh,12,Kra Daadi,677,Kra Dadi,0,0,0,0,0,0,0,0,0,,0,0,0,0,0,0,0,0,0,0,0,0,0,0,0,0,0,0,0,0,0,0,0,0,0,0,0,0,0,0,0,0
2527,2020,Arunachal Pradesh,12,Lower Siang,719,Lower Siang,0,0,0,0,0,0,0,0,0,,0,0,0,0,0,0,0,0,0,0,0,0,2,0,0,0,0,0,0,0,0,0,0,0,0,0,0,0,0,0,0,0
2528,2020,Arunachal Pradesh,12,Leparada,724,Leparada,0,0,0,0,0,0,3,0,0,,0,0,0,0,0,0,0,0,1,0,0,1,0,0,0,0,0,0,0,0,0,0,0,0,0,0,0,0,0,0,0,0
2529,2020,Arunachal Pradesh,12,Shi Yomi,725,Shiyomi,0,0,1,0,0,0,0,0,0,,0,0,0,0,0,0,0,0,0,0,0,0,1,0,0,0,0,0,0,0,0,0,0,0,0,0,0,0,0,0,0,0
2530,2020,Assam,18,Kamrup Metro,618,Bieo,0,0,0,0,0,0,0,0,0,,0,0,0,0,0,0,0,0,0,0,0,0,0,0,0,0,0,0,0,0,0,0,0,0,0,0,0,0,0,0,0,0
2531,2020,Assam,18,Barpeta,280,Barpeta,0,12,1,0,0,0,882,200,0,,100,0,100,0,0,10,0,0,129,54,78,0,627,0,0,0,0,0,0,0,0,3,0,0,0,71,24,5,0,0,0,0
2532,2020,Assam,18,Baksa,616,Baksa,0,6,0,0,0,0,128,0,0,,56,0,72,0,4,1,0,0,35,0,6,0,86,0,0,0,12,0,0,0,0,0,0,1,0,21,6,1,0,0,0,0
2533,2020,Assam,18,Bongaigaon,281,Bongaigaon,3,7,0,0,0,0,342,4,0,,98,0,74,0,0,3,0,0,46,0,25,0,99,0,0,10,0,0,0,0,0,0,0,0,0,36,21,9,0,0,0,0
2534,2020,Assam,18,Kamrup Metro,618,Cid,0,0,0,0,0,0,0,0,0,,0,0,0,0,0,0,0,0,0,0,0,0,0,0,0,0,0,0,0,0,0,0,0,0,0,1,0,0,0,0,0,0
2535,2020,Assam,18,Cachar,282,Cachar,0,9,0,0,0,0,550,0,0,,84,0,203,0,0,0,0,0,57,0,0,0,56,0,1,0,47,0,0,0,0,0,0,0,0,31,0,0,0,0,0,0
2536,2020,Assam,18,Chirang,612,Chirang,0,2,0,0,0,0,91,0,0,,93,0,2,0,0,0,0,0,20,0,7,0,41,0,0,0,3,0,0,0,0,0,0,0,0,43,0,0,0,0,0,0
2537,2020,Assam,18,Darrang,283,Darrang,0,6,0,0,0,0,415,13,0,,150,0,19,0,20,2,0,0,89,17,8,0,290,0,0,0,9,0,0,0,0,1,0,60,0,26,24,24,0,0,0,0
2538,2020,Assam,18,Dhemaji,284,Dhemaji,0,3,10,0,0,0,186,6,0,,24,0,3,0,7,0,0,0,24,0,6,0,121,0,2,0,7,1,0,0,0,0,0,1,0,24,6,0,0,0,0,0
2539,2020,Assam,18,Dhubri,285,Dhubri,0,9,0,0,1,1,976,19,1,,98,0,73,0,145,8,1,0,111,0,81,0,712,0,5,0,11,0,0,0,0,1,0,0,0,69,28,10,0,0,0,0
2540,2020,Assam,18,Dibrugarh,286,Dibrugarh,0,3,0,0,0,0,379,21,0,,125,0,24,0,5,0,0,0,22,40,0,0,78,0,0,0,65,0,0,0,0,0,0,5,0,55,6,11,2,0,0,0
2541,2020,Assam,18,Kamrup Metro,618,Grp,1,0,0,0,0,0,0,0,0,,0,0,0,0,0,2,0,0,1,0,0,0,4,0,0,0,0,0,0,0,0,0,0,0,0,0,1,0,0,0,0,0
2542,2020,Assam,18,Goalpara,287,Goalpara,0,2,0,0,0,0,300,0,0,,96,0,58,0,0,2,0,0,33,0,27,0,79,0,0,0,0,0,0,0,0,0,0,0,0,35,0,0,0,0,0,0
2543,2020,Assam,18,Golaghat,288,Golaghat,0,0,0,0,0,0,332,23,0,,105,0,4,0,53,1,0,0,31,25,7,0,44,0,0,0,8,0,0,0,0,0,0,1,0,26,4,0,0,0,0,0
2544,2020,Assam,18,Kamrup Metro,618,Guwahati City,0,2,11,1,0,0,725,90,0,,120,0,54,0,65,1,0,0,39,0,5,0,218,0,0,0,33,0,0,0,0,4,0,48,175,20,13,8,0,0,0,0
2545,2020,Assam,18,Hailakandi,289,Hailakandi,0,3,0,0,0,0,291,0,0,,33,0,34,0,0,0,0,0,92,0,24,0,139,0,2,0,8,0,0,0,0,0,0,0,0,17,13,5,0,0,0,0
2546,2020,Assam,18,West Karbi Anglong,710,Hamren,0,2,0,0,0,0,25,0,0,,1,0,0,0,1,0,0,0,1,0,0,0,6,0,0,0,1,0,0,0,0,0,0,1,0,7,3,1,0,0,0,0
2547,2020,Assam,18,Jorhat,290,Jorhat,0,3,0,0,0,0,596,20,0,,246,0,7,0,0,0,0,0,47,0,19,0,158,0,0,0,0,0,0,0,0,0,0,0,0,22,12,0,0,0,0,0
2548,2020,Assam,18,Kamrup,291,Kamrup,18,20,7,0,0,0,409,56,0,,94,0,0,0,130,0,0,0,94,43,0,0,530,0,25,0,37,0,0,0,0,0,0,10,0,63,18,6,0,0,0,0
2549,2020,Assam,18,Karbi Anglong,292,Karbi Anglong,4,0,0,0,0,0,72,29,0,,20,0,0,0,4,0,0,0,16,36,0,0,25,0,0,0,0,0,0,0,0,0,0,9,7,15,4,0,0,0,0,0
2550,2020,Assam,18,Karimganj,293,Karimganj,0,2,3,25,1,1,289,0,0,,57,0,4,0,0,0,0,0,59,0,23,0,70,0,2,0,0,2,0,0,0,0,0,1,0,10,4,2,0,0,0,0
2551,2020,Assam,18,Kokrajhar,294,Kokrajhar,0,7,0,0,0,0,154,0,0,,83,0,7,0,0,5,0,0,27,0,0,0,74,0,0,0,0,0,0,0,0,0,0,0,0,43,0,0,0,0,0,0
2552,2020,Assam,18,Lakhimpur,295,Lakhimpur,0,3,1,0,1,0,347,10,0,,99,0,63,0,23,0,0,0,50,0,15,0,123,0,5,0,131,0,0,0,0,2,0,0,2,54,13,20,0,0,0,0
2553,2020,Assam,18,Marigaon,296,Morigaon,0,9,0,0,0,0,497,150,0,,120,0,0,0,0,1,0,0,222,9,35,0,168,0,0,0,0,0,0,0,0,0,0,0,0,38,20,0,0,0,0,0
2554,2020,Assam,18,Dima Hasao,299,Dima Hasao,0,0,0,0,0,0,13,6,0,,2,0,0,0,0,0,0,0,2,4,0,0,2,0,0,0,0,0,0,0,0,0,0,5,0,10,0,0,0,0,0,0
2555,2020,Assam,18,Nagaon,297,Nagaon,0,5,0,0,0,0,863,73,1,,211,0,73,0,28,3,0,0,77,0,37,0,136,0,0,0,67,0,0,0,0,1,0,0,0,105,0,0,0,0,0,0
2556,2020,Assam,18,Nalbari,298,Nalbari,0,2,0,0,1,0,281,23,0,,49,0,0,0,7,1,0,0,49,0,0,0,102,0,23,0,7,0,0,0,0,0,0,27,0,28,23,4,0,0,0,0
2557,2020,Assam,18,Kamrup Metro,618,Rpo,0,5,0,0,0,0,0,0,0,,2,0,2,0,0,0,0,0,1,0,0,0,0,0,0,0,0,0,0,0,0,0,0,0,0,1,0,0,0,0,0,0
2558,2020,Assam,18,Kamrup Metro,618,Sou,0,0,0,0,0,0,0,0,0,,0,0,0,0,0,0,0,0,0,0,0,0,0,0,0,0,0,0,0,0,0,0,0,0,0,0,0,0,0,0,0,0
2559,2020,Assam,18,Kamrup Metro,618,Stf,0,0,0,0,0,0,0,0,0,,0,0,0,0,0,0,0,0,0,0,0,0,0,0,0,0,0,0,0,0,0,0,0,0,0,0,0,0,0,0,0,0
2560,2020,Assam,18,Sivasagar,300,Sibsagar,0,2,0,0,0,0,320,10,0,,103,0,0,0,0,1,0,0,8,93,11,0,120,0,23,0,14,0,0,0,0,0,0,5,0,23,8,2,0,0,0,0
2561,2020,Assam,18,Sonitpur,301,Sonitpur,0,0,0,0,0,0,454,40,0,,0,0,0,0,0,17,0,0,41,0,0,0,23,0,0,0,4,0,0,0,0,2,0,0,0,10,15,0,0,0,0,0
2562,2020,Assam,18,Tinsukia,302,Tinsukia,0,4,12,0,0,0,250,0,0,,98,0,51,0,0,0,0,0,30,0,13,0,104,0,2,0,0,0,0,0,0,0,0,5,0,38,18,0,1,0,0,0
2563,2020,Assam,18,Udalguri,617,Udalguri,0,4,0,0,0,0,101,15,0,,79,0,9,0,0,2,0,0,29,0,3,0,34,0,0,0,0,0,0,0,0,0,0,0,0,12,12,3,0,0,0,0
2564,2020,Assam,18,Tinsukia,302,Sadia,0,0,0,0,0,0,22,0,0,,5,0,6,0,0,0,0,0,7,0,0,0,3,0,0,0,4,0,0,0,0,0,0,0,0,3,0,0,0,0,0,0
2565,2020,Assam,18,Majuli,706,Majuli,0,0,0,0,0,0,42,5,0,,5,0,0,0,5,0,0,0,2,0,1,0,21,0,0,0,0,0,0,0,0,0,0,1,0,6,1,2,1,1,0,0
2566,2020,Assam,18,Biswanath,705,Biswanath,0,3,3,0,0,0,156,4,0,,5,0,29,0,6,3,0,0,29,0,5,0,83,0,0,0,0,0,0,0,0,0,0,15,0,24,12,0,0,0,0,0
2567,2020,Assam,18,Hojai,709,Hojai,0,4,0,0,0,0,593,38,0,,75,0,62,0,0,0,0,0,59,0,34,0,216,0,0,0,1,0,0,0,0,0,0,1,0,25,4,6,0,0,0,0
2568,2020,Assam,18,South Salmara Mancachar,707,South Salmara,0,4,0,3,0,0,258,0,0,,35,0,0,0,2,2,0,0,42,25,11,18,19,0,0,4,0,0,0,0,0,0,0,3,0,26,0,0,0,0,0,0
2569,2020,Assam,18,Charaideo,708,Charaideo,0,5,4,0,0,0,69,8,0,,12,0,19,0,0,1,0,0,18,0,4,0,17,0,0,0,0,1,0,0,0,0,0,12,0,11,9,1,0,0,0,0
2570,2020,Bihar,10,Araria,188,Araria,0,18,0,0,0,0,55,20,0,,47,0,0,0,20,0,0,0,38,72,0,0,5,0,0,0,82,0,0,0,0,0,0,0,0,25,6,0,0,0,0,0
2571,2020,Bihar,10,Arwal,611,Arwal,0,9,0,0,0,0,8,5,0,,6,0,0,0,0,0,0,0,2,21,0,0,5,0,0,6,13,0,0,0,0,0,0,0,0,2,6,0,0,0,0,0
2572,2020,Bihar,10,Aurangabad,189,Aurangabad,0,25,0,0,0,0,39,0,0,,28,0,0,0,0,0,0,0,11,64,0,0,7,0,0,0,22,0,0,0,0,0,0,0,0,10,18,9,0,0,0,0
2573,2020,Bihar,10,Pashchim Champaran,211,Bagaha,0,16,0,0,0,0,29,19,0,,56,0,0,0,0,0,0,0,12,9,0,0,7,2,0,0,10,0,0,0,0,0,0,0,0,14,10,0,0,0,0,0
2574,2020,Bihar,10,Banka,190,Banka,0,19,0,0,0,0,19,2,0,,63,0,0,0,0,0,0,0,21,20,0,0,23,0,0,0,52,0,0,0,0,0,0,0,0,14,5,0,0,1,1,0
2575,2020,Bihar,10,Begusarai,191,Begusarai,0,28,0,0,0,0,0,12,2,,39,0,0,0,16,0,0,0,26,53,0,0,4,0,0,0,44,3,0,0,0,0,23,0,4,4,3,4,3,0,0,0
2576,2020,Bihar,10,Pashchim Champaran,211,Bettiah,0,30,0,0,0,0,52,23,1,,65,0,0,0,42,3,0,0,12,0,0,0,8,0,0,0,92,1,0,0,0,0,0,0,0,22,53,14,0,0,0,0
2577,2020,Bihar,10,Bhagalpur,192,Bhagalpur,0,17,0,0,0,0,46,10,2,,78,0,0,0,39,0,0,0,42,125,2,0,11,0,0,0,102,3,0,0,0,0,0,2,0,22,25,0,0,0,0,0
2578,2020,Bihar,10,Bhojpur,193,Bhojpur,0,34,0,0,0,0,94,10,1,,0,0,0,0,67,0,0,0,10,89,2,0,42,0,0,0,137,0,0,0,0,0,0,0,2,15,26,4,5,0,0,0
2579,2020,Bihar,10,Buxar,194,Buxar,0,13,0,0,0,0,53,12,0,,15,0,0,0,29,0,0,0,17,51,0,0,3,0,0,0,60,0,0,0,0,0,0,0,0,15,12,11,0,0,0,0
2580,2020,Bihar,10,Darbhanga,195,Darbhanga,0,20,0,0,0,0,80,36,0,,87,0,0,0,15,0,0,0,23,74,0,0,112,0,0,0,49,0,0,0,0,0,0,0,0,24,12,5,0,0,0,0
2581,2020,Bihar,10,Gaya,196,Gaya,0,42,0,0,1,0,108,16,0,,133,0,0,0,48,0,0,0,56,69,0,0,10,0,0,0,86,0,2,0,0,0,0,0,0,25,34,22,0,0,0,0
2582,2020,Bihar,10,Gopalganj,197,Gopalganj,1,30,0,0,0,0,27,14,0,,85,0,0,0,16,0,0,0,9,51,0,0,0,0,0,0,56,0,0,0,0,0,0,0,0,3,8,0,0,0,0,0
2583,2020,Bihar,10,Munger,207,Jamalpur Railway,0,1,0,0,0,0,0,0,0,,0,0,0,0,0,0,0,0,0,0,0,0,0,0,0,0,0,0,0,0,0,0,0,0,0,0,0,0,0,0,0,0
2584,2020,Bihar,10,Jamui,198,Jamui,0,15,0,0,0,0,15,6,1,,25,0,0,0,24,0,0,0,17,20,0,0,15,1,0,0,45,0,0,0,0,0,0,0,0,19,0,2,0,3,0,0
2585,2020,Bihar,10,Jehanabad,199,Jehanabad,0,9,0,0,0,0,9,10,0,,10,0,0,0,6,0,0,0,7,22,0,0,13,0,0,0,24,0,0,0,0,0,0,0,0,5,13,0,0,0,0,0
2586,2020,Bihar,10,Katihar,201,Katihar,1,15,1,0,0,0,51,0,0,,100,0,0,0,10,1,0,0,49,51,0,1,7,2,0,0,117,0,0,0,0,0,0,0,0,23,28,0,0,0,0,0
2587,2020,Bihar,10,Katihar,201,Katihar Railway,0,0,0,0,0,0,0,0,0,,0,0,0,0,0,0,0,0,0,0,0,0,0,0,0,0,0,0,0,0,0,0,0,0,0,1,0,1,0,0,0,0
2588,2020,Bihar,10,Khagaria,202,Khagaria,0,11,0,0,0,0,19,0,0,,37,0,0,0,0,0,0,0,5,59,3,0,0,0,5,0,33,0,0,0,0,0,0,0,0,3,7,13,0,0,0,0
2589,2020,Bihar,10,Kishanganj,203,Kishanganj,0,11,11,1,0,0,34,5,0,,38,0,0,0,8,0,0,0,27,16,1,0,0,0,1,0,73,3,2,0,0,0,0,0,0,16,8,3,1,0,0,0
2590,2020,Bihar,10,Lakhisarai,204,Lakhisarai,0,8,2,0,0,0,20,0,0,,33,0,0,0,0,0,0,0,6,31,0,0,7,0,0,0,15,0,0,0,0,0,0,0,0,9,15,0,0,0,0,0
2591,2020,Bihar,10,Madhepura,205,Madhepura,0,11,0,0,0,0,18,21,0,,31,0,0,0,0,0,0,0,11,47,5,0,1,0,0,0,37,0,0,0,0,0,0,0,0,20,10,4,0,0,0,0
2592,2020,Bihar,10,Madhubani,206,Madhubani,0,30,0,0,0,0,67,18,0,,92,0,0,0,20,0,0,0,31,65,0,0,2,0,0,0,140,0,0,0,0,0,0,0,0,7,13,18,0,0,0,0
2593,2020,Bihar,10,Purbi Champaran,213,Motihari,0,78,0,0,0,0,119,132,0,,99,0,0,0,0,1,0,0,10,30,0,0,0,0,0,0,102,0,0,0,0,0,0,0,0,40,28,0,25,0,0,0
2594,2020,Bihar,10,Munger,207,Munger,1,11,0,0,0,0,22,23,4,,33,0,0,0,1,0,0,0,14,22,7,0,7,0,0,0,50,0,0,0,0,0,0,0,0,6,4,0,44,0,0,0
2595,2020,Bihar,10,Muzaffarpur,208,Muzaffarpur,0,47,0,0,0,0,130,35,0,,161,0,0,0,26,0,0,0,39,217,0,0,8,0,0,0,51,0,1,0,0,0,0,0,0,23,32,6,0,0,0,0
2596,2020,Bihar,10,Muzaffarpur,208,Muzaffarpur Railway,0,1,0,0,0,0,0,0,0,,0,0,0,0,0,0,0,0,0,0,0,0,0,0,0,0,0,0,0,0,0,0,0,0,0,0,0,0,0,0,0,0
2597,2020,Bihar,10,Nalanda,209,Nalanda,0,52,0,0,0,0,82,66,0,,125,0,0,0,0,0,0,0,28,85,0,0,10,0,0,19,133,0,0,0,0,0,0,0,0,30,19,0,20,0,0,0
2598,2020,Bihar,10,Bhagalpur,192,Naugachia,0,4,0,0,0,0,16,6,0,,22,0,0,0,10,0,0,0,10,40,12,0,6,0,0,0,24,0,0,0,0,0,0,1,0,2,10,0,6,0,0,0
2599,2020,Bihar,10,Nawada,210,Nawadah,0,20,0,0,0,0,33,51,0,,72,0,0,0,19,0,0,0,5,13,0,0,17,0,0,0,41,0,0,0,0,0,0,0,0,17,30,0,0,0,0,0
2600,2020,Bihar,10,Patna,212,Patna,0,86,0,0,0,0,242,57,0,,302,0,0,0,24,0,0,0,69,370,21,0,38,0,0,0,230,0,9,0,0,0,0,0,0,14,45,68,0,0,0,0
2601,2020,Bihar,10,Patna,212,Patna Railway,0,1,1,0,0,0,0,0,0,,2,0,0,0,0,0,0,0,2,0,0,0,2,0,0,0,0,0,0,0,0,0,0,0,0,0,1,0,0,0,0,0
2602,2020,Bihar,10,Rohtas,215,Rohtas,0,25,0,0,0,0,53,5,0,,50,0,0,0,12,0,0,0,18,74,0,0,15,0,0,0,52,0,4,0,0,0,0,0,0,15,24,1,0,0,0,0
2603,2020,Bihar,10,Saharsa,216,Saharsa,0,14,0,0,0,0,15,0,0,,73,0,0,0,0,2,0,0,10,10,0,0,3,0,0,0,26,0,0,0,0,0,0,0,0,3,3,0,0,0,0,0
2604,2020,Bihar,10,Samastipur,217,Samastipur,0,40,6,0,0,0,32,0,0,,53,0,0,0,0,0,0,0,21,145,0,0,32,0,0,0,54,0,0,0,0,0,0,0,0,25,14,2,0,0,0,0
2605,2020,Bihar,10,Saran,218,Saran,0,76,0,0,0,0,97,25,0,,53,0,0,0,60,0,0,0,20,180,0,0,54,0,0,0,125,0,0,0,0,2,0,0,0,14,22,8,0,0,0,0
2606,2020,Bihar,10,Sheikhpura,219,Sheikhpura,0,4,0,0,0,0,11,4,0,,6,0,0,0,3,0,0,0,1,4,0,0,23,0,0,0,26,0,0,0,0,0,0,0,0,6,23,0,0,0,0,0
2607,2020,Bihar,10,Sheohar,220,Sheohar,0,5,0,0,0,0,9,4,0,,9,0,0,0,0,0,0,0,2,31,0,0,4,0,0,0,22,0,0,0,0,0,0,0,0,4,2,0,0,0,0,0
2608,2020,Bihar,10,Sitamarhi,221,Sitamarhi,0,26,0,0,0,0,53,26,0,,177,0,0,0,44,0,1,0,35,28,0,0,4,0,0,0,67,0,0,0,0,0,0,0,0,22,13,0,0,0,0,0
2609,2020,Bihar,10,Siwan,222,Siwan,0,33,0,0,0,0,20,25,0,,50,0,0,0,30,0,0,0,8,71,0,0,2,0,0,0,54,0,0,0,0,0,0,0,0,19,16,0,0,0,0,0
2610,2020,Bihar,10,Supaul,223,Supaul,0,16,0,0,0,0,30,0,0,,107,0,0,0,0,0,0,0,6,0,0,0,0,0,0,0,58,0,0,0,0,0,0,0,0,19,13,0,0,0,0,0
2611,2020,Bihar,10,Vaishali,224,Vaishali,0,63,0,0,0,0,56,44,0,,44,0,0,0,0,8,0,0,22,241,11,0,16,0,0,0,76,0,0,0,0,0,0,0,0,11,9,3,2,0,0,0
2612,2020,Bihar,10,Patna,212,Economic Offences Unit,0,0,0,0,0,0,0,0,0,,0,0,0,0,0,0,0,0,0,0,0,0,0,0,0,0,0,0,0,0,0,0,0,0,0,0,0,0,0,0,0,0
2613,2020,Bihar,10,Patna,212,Anti Terrorist Squad,0,0,0,0,0,0,0,0,0,,0,0,0,0,0,0,0,0,0,0,0,0,0,0,0,0,0,0,0,0,0,0,0,0,0,0,0,0,0,0,0,0
2614,2020,Chhattisgarh,22,Balod,646,Balod,0,3,8,0,0,0,12,0,0,,0,1,0,0,0,0,0,0,14,0,0,0,45,0,8,0,0,0,0,0,0,0,0,0,0,51,14,1,15,0,0,0
2615,2020,Chhattisgarh,22,Balrampur Ramanujganj,649,Balrampur,2,3,12,0,0,0,15,51,0,,0,0,0,0,0,3,0,0,96,0,0,0,56,0,0,0,0,0,0,0,0,0,0,0,0,59,19,0,0,0,0,0
2616,2020,Chhattisgarh,22,Bemetara,650,Bemetra,1,3,7,0,0,0,13,32,0,,0,1,0,0,1,0,0,0,17,9,1,0,37,0,10,0,0,0,0,0,0,0,0,1,2,29,12,2,0,0,0,0
2617,2020,Chhattisgarh,22,Bilaspur,375,Bilaspur,0,12,2,0,0,0,72,0,0,,0,0,0,0,0,3,0,0,88,193,106,0,117,0,28,0,0,0,0,0,0,0,0,0,0,55,44,0,0,0,0,0
2618,2020,Chhattisgarh,22,Bijapur,636,Bizapur,0,0,0,0,0,0,0,15,1,,0,0,0,0,0,1,0,0,5,0,0,0,5,0,0,0,0,0,0,0,0,0,0,0,0,9,0,0,0,0,0,0
2619,2020,Chhattisgarh,22,Dakshin Bastar Dantewada,376,Dantewara,0,0,0,0,0,0,2,9,0,,0,1,0,0,0,0,0,0,5,0,0,0,4,0,5,0,0,0,0,0,0,0,0,0,0,11,5,0,0,0,0,0
2620,2020,Chhattisgarh,22,Dhamtari,377,Dhamtari,0,2,9,0,0,0,12,29,1,,1,0,0,0,0,0,0,0,28,4,0,0,39,0,10,0,0,0,0,0,0,0,0,0,0,55,19,2,0,0,0,0
2621,2020,Chhattisgarh,22,Durg,378,Durg,0,2,13,0,0,0,99,139,0,,0,0,0,0,0,0,0,0,63,2,3,0,133,0,24,0,0,0,0,0,0,1,0,5,0,78,49,0,0,0,0,0
2622,2020,Chhattisgarh,22,Gariyaband,645,Gariyaband,0,0,3,0,0,0,4,10,0,,0,0,0,0,0,0,0,0,14,0,1,0,35,0,12,0,0,0,0,0,0,0,0,0,0,54,11,1,0,0,0,0
2623,2020,Chhattisgarh,22,Raipur,387,Grp Raipur,0,0,0,0,0,0,0,2,0,,0,0,0,0,0,0,0,0,1,0,0,0,2,0,0,0,0,0,0,0,0,0,0,0,0,3,0,0,0,0,0,0
2624,2020,Chhattisgarh,22,Bastar,374,Jagdalpur,0,3,4,0,0,0,16,0,0,,0,0,0,0,4,0,0,0,35,0,0,0,20,0,10,0,0,0,0,0,0,0,0,0,0,85,15,0,0,0,0,0
2625,2020,Chhattisgarh,22,Janjgir-Champa,379,Janjgir,0,5,9,0,0,0,33,105,0,,0,0,0,0,0,0,0,0,35,4,0,0,102,0,13,0,0,0,0,0,0,0,0,0,0,102,40,3,0,0,0,0
2626,2020,Chhattisgarh,22,Jashpur,380,Jashpur,0,0,6,0,0,0,15,45,0,,0,1,0,0,4,8,0,0,54,8,0,0,30,0,10,0,0,0,0,0,0,0,0,0,0,73,6,1,0,0,0,0
2627,2020,Chhattisgarh,22,Kabeerdham,382,Kabirdham,0,0,6,0,1,0,22,44,0,,0,0,0,0,1,0,0,0,24,3,0,1,50,1,4,1,0,0,0,0,0,0,0,0,0,36,22,0,0,0,0,0
2628,2020,Chhattisgarh,22,Uttar Bastar Kanker,381,Kanker,0,2,4,0,0,0,10,30,0,,0,0,0,0,0,0,0,0,42,0,2,0,30,0,6,0,0,0,0,0,0,0,0,0,0,49,4,0,0,0,0,0
2629,2020,Chhattisgarh,22,Kondagaon,643,Kondagaon,0,1,1,0,0,0,5,0,0,,3,0,0,0,0,0,0,0,10,0,0,0,7,0,4,0,0,0,0,0,0,0,0,1,0,35,7,0,0,0,0,0
2630,2020,Chhattisgarh,22,Korba,383,Korba,0,5,4,0,0,0,19,44,0,,0,1,0,0,0,0,0,0,47,0,0,0,66,0,12,21,0,0,0,2,0,0,0,2,0,72,0,0,0,0,0,0
2631,2020,Chhattisgarh,22,Korea,384,Koriya,2,2,7,0,0,0,28,50,0,,0,0,0,0,0,0,0,0,70,5,0,0,57,0,5,0,0,0,0,0,0,0,0,0,0,40,20,0,0,0,0,0
2632,2020,Chhattisgarh,22,Mahasamund,385,Mahasamund,0,3,7,0,0,0,8,45,0,,0,0,0,0,0,0,0,0,47,0,0,0,31,0,8,0,0,0,0,0,0,0,0,0,0,45,9,0,0,0,0,0
2633,2020,Chhattisgarh,22,Mungeli,647,Mungali,0,1,6,1,0,0,13,24,0,,1,0,0,0,1,0,0,0,13,1,0,0,39,0,1,0,1,0,0,0,0,0,0,0,0,40,16,0,0,0,0,0
2634,2020,Chhattisgarh,22,Narayanpur,637,Narayanpur,0,0,1,0,0,0,2,5,0,,0,0,0,0,0,4,0,0,7,0,0,0,6,0,0,0,0,0,0,0,0,0,0,0,0,27,2,0,0,0,0,0
2635,2020,Chhattisgarh,22,Raigarh,386,Raigarh,1,6,0,0,0,0,54,0,0,,0,0,0,0,0,1,0,0,150,0,0,11,88,0,22,24,1,0,0,0,0,0,0,0,0,100,24,0,0,0,0,0
2636,2020,Chhattisgarh,22,Raipur,387,Raipur,0,7,14,0,0,0,70,208,0,,0,0,0,0,0,0,0,0,103,0,0,0,116,0,37,0,3,0,0,0,0,0,0,20,0,159,67,3,0,0,0,0
2637,2020,Chhattisgarh,22,Rajnandgaon,388,Rajnandgaon,0,7,0,0,0,0,36,0,0,,0,1,0,0,0,1,0,0,41,2,0,0,78,2,14,35,0,0,0,0,0,0,0,0,0,61,0,0,0,0,0,0
2638,2020,Chhattisgarh,22,Surguja,389,Sarguja,1,1,10,0,0,0,26,56,0,,0,0,0,0,0,0,0,0,96,0,0,0,47,0,8,0,1,0,0,0,0,0,0,1,0,28,12,0,0,0,0,0
2639,2020,Chhattisgarh,22,Sukma,642,Sukma,0,0,0,0,0,0,4,9,0,,0,0,0,0,0,0,0,0,7,0,0,0,2,0,4,0,0,0,0,0,0,0,0,1,0,13,3,0,0,0,0,0
2640,2020,Chhattisgarh,22,Surajpur,648,Surajpur,1,2,9,0,0,0,17,18,1,,0,1,0,0,0,0,0,0,49,2,0,1,36,1,10,0,0,0,0,0,0,0,0,1,0,87,17,0,0,0,0,0
2641,2020,Chhattisgarh,22,Gaurela Pendra Marwahi,734,Gaurela-Pendra-Marwari,0,0,1,0,0,0,1,19,0,,0,0,0,0,1,0,0,0,4,0,0,0,17,0,1,0,0,0,0,0,0,0,0,0,0,15,8,0,0,0,0,0
2642,2020,Goa,30,North Goa,551,North Goa,1,0,0,0,0,0,2,13,0,,0,0,0,0,7,5,0,0,12,0,0,24,29,0,20,5,0,0,0,0,0,0,0,0,0,0,0,0,0,0,0,0
2643,2020,Goa,30,South Goa,552,South Goa,0,0,0,0,0,0,6,10,0,,0,2,0,0,1,5,0,0,6,0,0,17,23,0,13,5,0,0,0,0,0,0,0,0,0,0,0,0,0,0,0,0
2644,2020,Goa,30,North Goa,551,Cid,0,0,0,0,0,0,0,0,0,,0,0,0,0,0,6,0,0,1,0,0,0,5,0,0,0,0,0,0,0,0,0,0,1,0,0,0,0,0,0,0,0
2645,2020,Gujarat,24,Ahmadabad,438,Ahmedabad City,1,0,40,0,0,4,836,48,0,,0,0,0,0,7,0,0,0,77,2,0,0,167,0,1,0,0,0,1,10,6,0,0,2,1,212,56,44,0,8,0,0
2646,2020,Gujarat,24,Ahmadabad,438,Ahmedabad Rural,0,0,11,0,0,0,34,7,0,,0,0,0,0,0,1,0,0,6,0,0,0,20,0,0,0,0,0,0,0,0,0,0,0,0,42,3,0,0,0,0,0
2647,2020,Gujarat,24,Amreli,439,Amreli,0,1,3,0,0,0,105,1,0,,0,0,0,0,0,0,0,0,13,16,0,0,25,0,2,2,0,0,0,0,0,0,0,0,0,64,3,0,0,0,0,0
2648,2020,Gujarat,24,Anand,440,Anand,1,0,5,0,0,0,66,1,0,,0,0,0,0,0,0,0,0,14,0,1,0,26,0,1,0,0,0,0,0,0,0,0,1,0,42,2,0,0,46,0,0
2649,2020,Gujarat,24,Arvalli,672,Arvalli,0,0,8,0,0,0,74,0,0,,5,0,0,0,0,0,0,0,6,28,0,0,23,0,1,0,0,0,0,0,0,0,0,1,0,33,14,2,0,0,0,1
2650,2020,Gujarat,24,Banas Kantha,441,Banaskantha,1,0,0,0,0,0,197,47,0,,3,0,0,0,0,0,0,0,29,0,0,0,44,0,0,0,0,0,3,0,0,0,0,0,0,29,9,0,0,0,0,0
2651,2020,Gujarat,24,Bharuch,442,Bharuch,0,1,7,0,0,0,58,3,0,,0,0,0,0,2,0,0,0,8,0,0,0,23,0,0,0,0,0,0,0,0,0,0,0,0,71,1,19,0,0,0,0
2652,2020,Gujarat,24,Bhavnagar,443,Bhavnagar,0,0,10,0,0,0,151,1,0,,0,0,0,0,0,0,0,0,16,5,0,0,28,0,0,1,0,0,0,0,0,0,0,2,1,73,10,0,0,8,0,0
2653,2020,Gujarat,24,Botad,676,Botad,0,0,6,0,0,0,19,0,0,,0,0,0,0,0,0,0,0,6,0,0,0,8,0,0,0,0,0,0,0,0,0,0,1,0,30,5,4,0,0,0,0
2654,2020,Gujarat,24,Chhotaudepur,668,Chhotaudepur,0,0,8,0,0,0,8,0,0,,2,0,0,0,0,0,0,0,13,7,0,0,8,0,1,0,0,0,0,0,0,0,0,0,0,51,2,0,0,5,0,0
2655,2020,Gujarat,24,Gandhinagar,446,Cid Crime,0,0,0,0,0,0,0,0,0,,0,0,0,0,0,0,0,0,0,0,0,0,0,0,0,0,0,0,0,0,0,0,0,0,0,0,0,0,0,0,0,0
2656,2020,Gujarat,24,Dohad,445,Dahod,0,0,12,0,0,0,37,3,0,,2,0,0,0,0,0,0,0,19,41,0,0,9,0,1,0,0,0,0,0,0,0,0,0,0,87,7,0,0,0,0,0
2657,2020,Gujarat,24,Dang,444,Dang,0,0,2,0,0,0,2,0,0,,0,0,0,0,0,0,0,0,2,0,0,0,4,0,0,0,0,0,0,0,0,0,0,0,0,1,0,0,0,0,0,0
2658,2020,Gujarat,24,Devbhumi Dwarka,674,Devbhumi Dwarka,0,0,2,0,0,0,48,0,0,,0,0,0,0,0,0,0,0,1,4,0,0,4,0,0,0,0,0,0,0,0,0,0,2,0,15,4,0,0,0,0,0
2659,2020,Gujarat,24,Gandhinagar,446,Gandhinagar,0,0,14,0,0,0,81,6,0,,0,0,0,0,0,1,0,0,5,1,0,0,15,0,1,0,0,0,0,0,0,0,0,0,0,60,0,1,0,4,0,0
2660,2020,Gujarat,24,Gir Somnath,675,Gir Somnath,0,0,5,0,0,0,84,1,0,,0,0,0,0,0,0,0,0,13,3,0,0,10,0,0,0,0,0,0,0,0,0,0,1,2,35,6,0,0,0,0,0
2661,2020,Gujarat,24,Jamnagar,447,Jamnagar,0,1,7,0,0,0,39,0,0,,0,0,0,0,1,0,0,0,12,25,0,0,9,0,0,0,0,0,2,0,0,0,0,0,0,37,3,0,0,1,0,0
2662,2020,Gujarat,24,Junagadh,448,Junagadh,0,0,4,0,0,0,167,0,0,,1,0,0,0,0,0,0,0,10,46,0,0,37,0,0,11,0,0,0,0,0,0,0,0,0,31,3,0,0,0,0,1
2663,2020,Gujarat,24,Kachchh,449,Kachchh East(G),1,0,5,0,0,0,76,0,0,,5,0,0,0,0,0,0,0,19,16,0,0,11,0,0,0,0,0,0,0,0,0,0,0,0,25,2,0,0,0,0,0
2664,2020,Gujarat,24,Kachchh,449,Kachchh West(B),0,0,13,0,0,1,51,8,0,,0,0,0,0,0,0,0,0,13,17,0,0,21,0,0,0,0,0,0,0,0,0,0,0,0,24,3,0,0,0,0,0
2665,2020,Gujarat,24,Kheda,450,Kheda,0,0,4,0,1,0,64,0,0,,2,0,0,0,0,0,0,0,6,23,0,0,26,0,0,0,0,0,0,0,0,0,0,0,0,72,7,7,0,0,0,0
2666,2020,Gujarat,24,Mahisagar,669,Mahisagar,0,0,13,0,0,0,27,7,0,,1,0,0,0,0,0,0,0,1,0,0,0,9,0,0,0,0,0,0,0,0,0,0,0,0,41,3,0,0,0,0,0
2667,2020,Gujarat,24,Mahesana,451,Mehsana,0,0,5,0,0,0,63,3,0,,0,0,0,0,1,0,0,0,10,0,0,0,13,0,0,0,0,0,0,0,0,0,0,0,0,51,13,4,0,1,0,0
2668,2020,Gujarat,24,Morbi,673,Morbi,0,0,4,0,0,0,12,0,0,,1,0,0,0,0,0,0,0,8,7,0,0,5,0,1,0,0,0,0,0,0,0,0,0,0,42,2,0,0,0,0,0
2669,2020,Gujarat,24,Narmada,452,Narmada,0,0,2,0,0,0,11,0,0,,0,0,0,0,0,0,0,0,3,3,1,0,8,0,0,0,0,0,0,0,0,0,0,3,0,26,4,0,0,0,0,0
2670,2020,Gujarat,24,Navsari,453,Navsari,0,1,2,0,0,0,14,5,0,,0,0,0,0,0,0,0,0,5,0,0,0,10,0,0,0,0,0,0,0,0,0,0,0,0,22,3,0,0,0,0,0
2671,2020,Gujarat,24,Panch Mahals,454,Panchmahal,0,0,16,0,0,0,50,1,0,,0,0,0,0,0,0,0,0,7,0,0,0,22,0,0,0,0,0,0,0,0,2,0,2,0,57,12,11,0,0,0,0
2672,2020,Gujarat,24,Patan,455,Patan,0,0,9,0,0,0,71,11,0,,1,0,0,0,1,0,0,0,20,2,1,0,34,0,0,0,0,0,0,0,0,2,0,0,0,43,6,0,1,1,0,0
2673,2020,Gujarat,24,Porbandar,456,Porbandar,0,0,1,0,0,0,26,0,0,,1,0,0,0,0,0,0,0,3,6,0,0,7,0,0,0,0,0,0,0,0,0,0,1,0,7,3,0,0,0,0,0
2674,2020,Gujarat,24,Rajkot,457,Rajkot City,0,0,0,0,1,1,64,0,0,,1,0,0,0,0,0,0,0,23,19,0,0,14,0,0,0,0,0,12,0,0,0,0,0,0,64,13,0,0,0,0,0
2675,2020,Gujarat,24,Rajkot,457,Rajkot Rural,0,0,11,0,0,1,122,1,0,,5,0,0,0,3,0,0,0,17,9,0,0,24,0,0,0,0,0,1,0,0,0,0,0,0,79,7,1,1,0,0,0
2676,2020,Gujarat,24,Sabar Kantha,458,Sabarkantha,2,0,9,0,0,0,75,0,0,,0,0,0,0,0,0,0,0,8,0,0,0,3,0,0,1,0,0,0,0,0,1,0,0,0,37,0,0,0,0,0,0
2677,2020,Gujarat,24,Surat,459,Surat City,0,0,17,0,2,0,342,0,0,,0,0,0,0,0,1,2,0,27,0,0,0,50,0,3,0,0,0,0,0,0,0,0,0,1,147,36,5,0,0,0,0
2678,2020,Gujarat,24,Surat,459,Surat Rural,0,1,5,0,0,1,17,14,0,,1,0,0,0,0,0,0,0,6,5,0,0,12,0,1,1,1,0,0,0,1,0,0,1,1,47,2,0,0,0,0,0
2679,2020,Gujarat,24,Surendranagar,460,Surendranagar,0,0,7,0,0,0,15,0,0,,0,0,0,0,0,0,0,0,10,35,0,0,23,0,0,0,0,0,0,0,0,0,0,0,0,14,7,0,0,0,0,0
2680,2020,Gujarat,24,Tapi,641,Tapi,0,0,2,0,0,0,4,0,0,,0,0,0,0,0,0,0,0,3,0,0,0,3,0,0,0,1,0,0,0,0,0,0,0,1,11,1,1,0,0,0,0
2681,2020,Gujarat,24,Vadodara,461,Vadodara City,0,0,9,0,0,0,181,1,0,,0,0,0,0,6,0,0,0,20,17,0,0,41,0,2,0,0,0,5,0,0,1,0,0,3,47,17,4,0,0,0,0
2682,2020,Gujarat,24,Vadodara,461,Vadodara Rural,0,0,8,0,0,0,42,4,0,,0,0,0,0,0,0,0,0,15,20,0,0,19,0,2,1,0,0,0,0,0,0,0,0,0,71,2,6,0,0,0,0
2683,2020,Gujarat,24,Valsad,462,Valsad,1,1,8,0,0,0,12,6,0,,0,0,0,0,1,1,0,0,10,5,0,0,6,0,0,0,0,0,0,0,0,0,0,0,0,28,3,0,0,0,0,0
2684,2020,Gujarat,24,Ahmadabad,438,Cyber Ahmedabad Range,0,0,0,0,0,0,0,0,0,,0,0,0,0,0,0,0,0,0,0,0,0,1,0,0,0,0,0,0,0,0,0,0,0,0,0,0,0,0,0,0,0
2685,2020,Gujarat,24,Bhavnagar,443,Cyber Bhavnagar Range,0,0,0,0,0,0,0,0,0,,0,0,0,0,0,0,0,0,0,0,0,0,0,0,0,0,0,0,0,0,0,0,0,0,0,0,0,0,0,0,0,0
2686,2020,Gujarat,24,Kachchh,449,Cyber Border Range,0,0,0,0,0,0,0,0,0,,0,0,0,0,0,0,0,0,0,0,0,0,0,0,0,0,0,0,0,0,0,0,0,0,0,0,0,0,0,0,0,0
2687,2020,Gujarat,24,Gandhinagar,446,Cyber Gandhinagar Range,0,0,0,0,0,0,0,0,0,,0,0,0,0,0,0,0,0,0,0,0,0,0,0,0,0,0,0,0,0,0,0,0,0,0,0,0,0,0,0,0,0
2688,2020,Gujarat,24,Junagadh,448,Cyber Junagadh Range,0,0,0,0,0,0,0,0,0,,0,0,0,0,0,0,0,0,0,0,0,0,3,0,0,0,0,0,0,0,0,0,0,0,0,0,0,0,0,0,0,0
2689,2020,Gujarat,24,Panch Mahals,454,Cyber Panchmahal Range,0,0,0,0,0,0,0,0,0,,0,0,0,0,0,0,0,0,0,0,0,0,0,0,0,0,0,0,0,0,0,0,0,0,0,0,0,0,0,0,0,0
2690,2020,Gujarat,24,Rajkot,457,Cyber Rajkot Range,0,0,0,0,0,0,0,0,0,,0,0,0,0,0,0,0,0,0,0,0,0,0,0,0,0,0,0,0,0,0,0,0,0,0,0,0,0,0,0,0,0
2691,2020,Gujarat,24,Surat,459,Cyber Surat Range,0,0,0,0,0,0,0,0,0,,0,0,0,0,0,0,0,0,0,0,0,0,0,0,0,0,0,0,0,0,0,0,0,0,0,0,0,0,0,0,0,0
2692,2020,Gujarat,24,Vadodara,461,Cyber Vadodara Range,0,0,0,0,0,0,0,0,0,,0,0,0,0,0,0,0,0,0,0,0,0,0,0,0,0,0,0,0,0,0,0,0,0,0,0,0,0,0,0,0,0
2693,2020,Haryana,6,Ambala,58,Ambala,0,6,7,0,0,0,258,0,0,,46,0,22,0,25,1,1,0,49,1,1,0,56,0,4,0,0,0,0,0,0,0,0,1,0,30,21,24,0,0,0,0
2694,2020,Haryana,6,Bhiwani,59,Bhiwani,0,14,9,0,0,0,178,0,0,,27,0,12,0,14,0,0,0,43,0,11,0,164,0,4,0,1,0,0,0,0,0,0,4,0,48,20,9,0,0,0,0
2695,2020,Haryana,6,Faridabad,60,Faridabad,0,19,13,3,0,0,401,69,0,,41,0,118,0,13,0,0,0,131,0,15,0,116,0,10,0,4,1,0,0,0,0,0,5,0,94,44,8,0,2,0,0
2696,2020,Haryana,6,Fatehabad,61,Fatehabad,0,8,6,0,0,0,64,0,0,,2,0,29,0,9,0,0,0,29,0,0,0,50,0,8,0,1,0,0,0,0,3,0,0,0,28,23,0,0,0,0,0
2697,2020,Haryana,6,Ambala,58,Grp,0,1,2,0,0,0,0,0,0,,0,0,0,0,0,0,0,0,0,0,0,0,2,0,0,0,0,0,0,0,0,0,0,0,0,0,0,0,0,0,0,0
2698,2020,Haryana,6,Gurugram,62,Gurugram,0,26,24,1,0,0,291,15,1,,42,0,72,0,12,0,0,0,173,0,15,0,219,0,44,0,1,0,0,1,0,0,0,9,1,108,32,17,0,0,0,0
2699,2020,Haryana,6,Hisar,63,Hissar,0,7,8,0,0,0,191,1,0,,12,0,43,0,2,0,0,0,67,2,3,0,158,0,8,0,1,0,0,0,0,0,0,0,9,52,32,11,0,1,0,0
2700,2020,Haryana,6,Jhajjar,64,Jhajjar,1,13,15,0,0,0,177,0,0,,25,0,0,0,21,0,0,0,31,30,4,0,105,0,9,0,0,0,0,0,0,0,0,1,0,37,15,1,0,0,0,0
2701,2020,Haryana,6,Jind,65,Jind,0,6,8,0,0,0,138,0,0,,35,0,31,0,7,0,0,0,43,0,8,0,63,0,2,0,0,0,0,0,0,2,0,0,0,40,20,5,0,0,0,0
2702,2020,Haryana,6,Kaithal,66,Kaithal,0,8,7,0,0,0,173,0,0,,110,0,44,0,45,0,0,0,21,0,2,0,80,0,8,0,0,0,0,0,0,0,0,2,5,23,12,7,0,2,0,0
2703,2020,Haryana,6,Karnal,67,Karnal,0,9,6,0,0,0,252,0,0,,50,0,84,0,18,0,0,0,97,0,23,0,132,0,7,0,1,0,0,0,0,0,0,7,0,52,33,17,0,0,0,0
2704,2020,Haryana,6,Kurukshetra,68,Kurukshetra,0,7,7,0,0,0,285,0,0,,84,0,0,0,33,3,0,0,51,0,20,0,116,0,8,0,3,0,0,0,0,5,0,0,0,51,43,0,0,0,0,0
2705,2020,Haryana,6,Mahendragarh,69,Mahendergarh,0,9,6,0,0,0,46,0,0,,19,0,14,0,5,0,0,0,32,0,10,0,109,0,2,0,1,0,1,0,0,0,0,1,0,24,16,4,0,2,0,0
2706,2020,Haryana,6,Nuh,604,Nuh,0,20,4,1,0,0,54,0,1,,17,0,20,0,15,0,0,0,63,0,4,0,71,0,0,0,0,3,0,0,0,0,0,1,0,53,23,1,0,0,0,0
2707,2020,Haryana,6,Palwal,619,Palwal,0,16,2,2,0,0,106,0,1,,21,0,32,0,11,0,0,0,32,3,3,0,53,0,3,0,0,0,0,0,0,0,0,2,0,58,18,2,0,0,0,0
2708,2020,Haryana,6,Panchkula,70,Panchkula,0,3,1,0,0,0,95,0,0,,9,0,0,0,0,0,0,0,36,20,5,0,47,0,0,0,0,0,0,0,0,0,0,1,0,29,6,7,0,1,0,0
2709,2020,Haryana,6,Panipat,71,Panipat,0,12,10,0,1,0,261,3,0,,76,0,32,0,117,0,0,0,67,31,14,0,108,0,9,0,0,0,0,0,0,0,0,10,1,58,24,6,0,0,0,0
2710,2020,Haryana,6,Rewari,72,Rewari,0,12,14,0,0,0,204,7,0,,20,0,28,0,7,0,0,0,54,0,10,0,105,0,16,0,4,0,0,1,0,0,0,4,0,41,35,0,0,0,0,0
2711,2020,Haryana,6,Rohtak,73,Rohtak,0,14,16,0,0,0,245,0,0,,41,0,46,0,66,2,0,0,70,1,13,0,185,0,5,0,0,1,0,4,0,0,0,7,2,37,10,20,0,1,0,0
2712,2020,Haryana,6,Sirsa,74,Sirsa,0,5,8,0,0,0,153,0,0,,38,0,63,0,5,1,0,0,66,0,10,0,82,0,9,0,0,0,0,0,0,0,0,0,0,54,29,0,0,6,0,0
2713,2020,Haryana,6,Sonipat,75,Sonipat,1,21,10,0,0,0,241,1,1,,37,0,78,0,87,1,0,0,80,0,13,0,136,2,8,0,0,0,0,0,0,3,0,0,0,40,27,2,0,1,4,0
2714,2020,Haryana,6,Yamunanagar,76,Yamunanagar,0,9,9,0,0,0,243,0,1,,55,0,0,0,58,1,0,0,102,46,22,0,118,0,9,0,0,0,0,0,0,0,0,8,0,45,28,8,0,0,0,0
2715,2020,Haryana,6,Charki Dadri,701,Charkhi Dadri,0,3,6,0,0,0,22,0,0,,3,0,9,0,2,0,0,0,18,0,3,0,24,0,9,0,0,0,0,1,0,2,0,1,0,11,7,0,1,0,0,0
2716,2020,Haryana,6,Hisar,63,Hansi,0,3,6,0,0,0,41,0,0,,11,0,10,0,5,0,0,0,18,0,4,0,40,0,1,0,8,0,0,0,0,0,0,0,0,19,16,2,0,0,0,0
2717,2020,Himachal Pradesh,2,Solan,25,Baddi,0,1,2,0,0,0,14,11,0,,0,0,1,0,1,0,0,0,5,3,0,13,20,0,1,4,0,0,0,0,0,0,0,1,1,0,0,0,0,0,0,0
2718,2020,Himachal Pradesh,2,Bilaspur,15,Bilaspur,0,0,3,0,0,0,16,15,0,,2,0,0,0,0,0,0,0,9,1,0,14,41,0,13,6,0,0,0,0,0,0,0,0,0,0,0,0,0,0,0,0
2719,2020,Himachal Pradesh,2,Chamba,16,Chamba,4,0,2,0,0,0,8,0,0,,0,0,0,0,0,0,0,0,6,16,0,16,29,0,5,10,0,0,0,0,0,0,0,1,0,0,0,0,0,0,0,0
2720,2020,Himachal Pradesh,2,Shimla,23,Cid,0,0,0,0,0,0,0,0,0,,0,0,0,0,0,0,0,0,0,0,0,0,0,0,0,0,0,0,0,0,0,0,0,0,0,0,0,0,0,0,0,0
2721,2020,Himachal Pradesh,2,Shimla,23,Grp,0,0,1,0,0,0,0,0,0,,0,0,0,0,0,0,0,0,0,0,0,0,0,0,0,0,0,0,0,0,0,0,0,0,0,0,0,0,0,0,0,0
2722,2020,Himachal Pradesh,2,Hamirpur,17,Hamirpur,0,0,3,0,0,0,15,0,0,,1,0,0,0,0,0,0,0,2,10,0,4,31,0,11,7,0,0,0,0,0,0,0,2,0,0,0,0,0,0,0,0
2723,2020,Himachal Pradesh,2,Kangra,18,Kangra,0,0,15,2,0,0,46,0,0,,3,0,0,0,0,0,0,0,22,39,0,25,84,0,11,9,0,0,0,0,0,0,0,4,0,0,1,0,0,0,0,0
2724,2020,Himachal Pradesh,2,Kinnaur,19,Kinnaur,0,0,0,0,0,0,2,4,0,,0,0,0,0,0,0,0,0,0,2,0,5,6,0,1,0,0,0,0,0,0,0,0,0,0,0,0,0,0,0,0,0
2725,2020,Himachal Pradesh,2,Kullu,20,Kullu,0,0,2,0,0,0,15,23,0,,0,0,0,0,0,0,0,0,16,0,0,15,43,0,6,2,0,0,0,0,0,0,0,9,0,0,0,0,0,0,0,0
2726,2020,Himachal Pradesh,2,Mandi,22,Mandi,0,0,6,0,0,0,62,0,0,,5,0,0,0,0,0,0,0,22,54,1,19,81,0,14,6,0,0,0,0,0,0,1,3,0,0,1,1,0,1,0,0
2727,2020,Himachal Pradesh,2,Shimla,23,Shimla,0,0,13,0,0,0,32,3,0,,3,0,0,0,0,0,0,0,16,44,0,38,58,0,18,10,1,0,0,0,0,0,0,0,2,0,0,0,0,0,0,0
2728,2020,Himachal Pradesh,2,Sirmaur,24,Sirmaur,0,0,2,0,0,0,15,14,0,,0,0,0,0,0,0,0,0,15,3,0,29,34,0,2,7,1,0,0,0,0,0,0,7,0,0,0,0,0,0,0,0
2729,2020,Himachal Pradesh,2,Solan,25,Solan,1,0,2,0,0,0,9,13,0,,0,0,0,0,2,0,0,0,9,0,2,7,20,0,3,4,0,0,0,0,0,0,1,1,4,0,0,0,0,0,0,0
2730,2020,Himachal Pradesh,2,Una,26,Una,3,0,6,0,0,0,25,3,0,,0,0,0,0,0,0,0,0,11,5,0,11,23,0,3,3,0,0,0,0,0,0,0,3,0,0,0,0,0,0,0,0
2731,2020,Himachal Pradesh,2,Shimla,23,Cyber,0,0,0,0,0,0,0,0,0,,0,0,0,0,0,0,0,0,0,0,0,0,0,0,0,0,0,0,0,0,0,0,0,0,0,0,0,0,0,0,0,0
2732,2020,Jharkhand,20,Bokaro,322,Bokaro,0,19,0,0,0,0,61,96,0,,54,0,0,0,32,1,0,0,38,42,12,32,0,37,0,25,96,0,0,0,0,0,65,0,0,71,0,0,0,0,0,0
2733,2020,Jharkhand,20,West Singhbhum,343,Chaibasa,0,2,4,0,0,0,17,2,2,,9,0,0,0,2,1,0,0,47,1,1,0,30,0,0,0,19,0,0,0,0,0,0,0,0,49,0,0,0,0,0,0
2734,2020,Jharkhand,20,Chatra,323,Chatra,0,13,0,0,0,0,6,0,0,,12,0,0,0,0,0,0,0,30,23,19,0,24,0,0,0,37,0,0,0,0,0,0,0,0,42,0,0,0,0,0,0
2735,2020,Jharkhand,20,Deoghar,324,Deoghar,1,22,0,0,1,0,53,0,0,,16,0,36,0,0,1,1,0,44,0,16,0,364,3,0,5,121,0,0,0,0,0,0,0,0,24,0,0,0,0,0,0
2736,2020,Jharkhand,20,Dhanbad,325,Dhanbad,0,22,12,2,0,0,74,26,8,,28,0,26,0,0,0,0,0,70,8,8,6,108,0,0,5,154,0,0,0,0,0,0,0,0,17,94,12,0,0,0,0
2737,2020,Jharkhand,20,Dhanbad,325,Dhanbad Railway,0,0,0,0,0,0,0,0,0,,0,0,0,0,0,0,0,0,0,0,0,0,2,0,0,0,0,0,0,0,0,0,0,0,0,0,0,0,0,0,0,0
2738,2020,Jharkhand,20,Dumka,326,Dumka,0,10,0,0,0,0,21,7,0,,0,0,20,0,0,3,0,0,29,0,3,0,72,0,0,0,16,0,0,0,0,0,0,0,0,37,0,0,0,0,0,0
2739,2020,Jharkhand,20,Garhwa,328,Garhwa,0,9,7,4,0,0,68,0,0,,19,0,40,0,6,0,0,0,70,0,2,0,180,0,0,0,79,0,0,0,0,0,0,0,0,71,11,6,0,0,0,0
2740,2020,Jharkhand,20,Giridih,329,Giridih,6,39,0,0,0,0,61,0,0,,36,0,0,0,3,1,0,0,49,0,0,0,71,0,0,0,96,0,0,0,0,0,0,0,0,10,0,0,0,0,0,0
2741,2020,Jharkhand,20,Godda,330,Godda,1,10,0,0,0,0,42,0,0,,15,0,0,0,0,0,0,0,45,0,8,0,30,0,0,0,120,0,0,0,0,0,0,0,0,11,0,0,0,0,0,0
2742,2020,Jharkhand,20,Gumla,331,Gumla,0,2,0,2,0,0,17,11,0,,8,0,0,0,0,4,0,0,55,1,0,36,3,0,0,2,23,0,0,0,0,0,0,0,0,33,0,0,0,0,0,0
2743,2020,Jharkhand,20,Hazaribagh,332,Hazaribagh,1,25,1,0,0,0,36,7,0,,0,0,15,0,0,0,0,0,79,23,19,42,37,0,0,0,131,0,0,0,0,0,1,0,0,42,0,0,0,0,0,0
2744,2020,Jharkhand,20,East Singhbum,327,Jamshedpur,0,11,11,0,0,0,80,11,0,,79,0,0,0,0,0,0,0,104,0,5,0,62,0,0,0,156,0,0,0,0,2,0,0,0,36,0,0,0,0,0,0
2745,2020,Jharkhand,20,East Singhbum,327,Jamshedpur Railway,0,0,0,0,0,0,0,0,0,,0,0,0,0,0,0,0,0,0,0,0,0,2,0,0,0,0,0,0,0,0,0,0,0,0,1,0,0,0,0,0,0
2746,2020,Jharkhand,20,Jamtara,333,Jamtara,0,8,3,0,0,0,15,0,0,,4,0,12,0,0,0,0,0,13,0,5,0,21,0,0,0,23,0,0,0,0,0,0,0,0,16,7,0,0,0,0,0
2747,2020,Jharkhand,20,Khunti,606,Khunti,0,0,0,0,0,0,10,0,0,,0,0,0,0,0,13,0,0,33,0,0,0,6,0,0,0,13,0,0,0,0,0,0,0,0,12,0,0,0,0,0,0
2748,2020,Jharkhand,20,Koderma,334,Koderma,0,15,0,0,0,0,15,0,0,,0,0,14,0,0,0,0,0,13,0,0,0,8,0,0,0,14,0,0,0,0,0,0,0,0,21,0,0,0,0,0,0
2749,2020,Jharkhand,20,Latehar,335,Latehar,0,12,0,0,0,0,12,1,0,,6,0,4,0,0,2,0,0,48,0,3,0,31,0,0,0,41,0,0,0,0,0,0,0,0,11,0,0,0,0,0,0
2750,2020,Jharkhand,20,Lohardaga,336,Lohardagga,0,4,0,0,0,0,5,0,0,,0,0,6,0,0,0,0,0,37,0,0,0,4,0,0,0,26,0,0,0,0,0,0,0,0,23,1,0,0,0,0,0
2751,2020,Jharkhand,20,Pakur,337,Pakur,0,5,0,0,0,0,16,4,0,,17,0,0,0,0,6,0,0,39,0,4,0,9,0,0,0,27,0,0,0,0,0,0,0,0,0,0,0,0,0,0,0
2752,2020,Jharkhand,20,Palamu,338,Palamu,0,11,13,0,0,0,30,5,1,,8,0,37,0,0,0,0,0,56,1,12,0,63,0,5,27,60,0,0,0,0,0,0,3,0,46,27,0,1,1,0,0
2753,2020,Jharkhand,20,Ramgarh,607,Ramgarh,0,10,0,0,0,0,11,0,0,,10,0,20,0,10,0,0,0,33,0,0,0,41,5,0,0,55,0,0,0,0,0,0,0,0,12,11,0,4,0,0,0
2754,2020,Jharkhand,20,Ranchi,339,Ranchi,0,16,0,0,0,0,117,0,0,,50,0,0,0,2,2,0,0,157,6,3,0,81,0,0,0,77,0,0,0,0,0,0,0,0,65,0,0,0,0,0,0
2755,2020,Jharkhand,20,Sahebganj,340,Sahebganj,0,4,0,0,0,0,68,0,0,,28,0,0,0,0,0,0,0,72,0,16,0,27,0,0,0,103,0,0,0,0,0,0,0,0,0,0,0,53,0,0,0
2756,2020,Jharkhand,20,Saraikela Kharsawan,341,Saraikela,0,6,0,0,0,0,15,0,0,,4,0,1,0,0,1,0,0,23,0,7,0,18,0,1,0,31,0,0,0,0,0,0,0,0,14,7,0,13,0,0,0
2757,2020,Jharkhand,20,Simdega,342,Simdega,0,0,0,0,0,0,7,0,0,,10,0,0,0,0,11,0,0,21,0,0,0,0,0,0,0,0,0,0,0,0,0,0,0,0,15,0,0,0,0,0,0
2758,2020,Karnataka,29,Bagalkote,524,Bagalkot,0,4,9,0,0,0,31,1,0,,2,0,3,0,1,0,0,0,10,0,0,0,139,0,2,0,23,0,0,0,0,0,0,0,0,23,2,5,0,1,0,0
2759,2020,Karnataka,29,Bengaluru Urban,525,Bengaluru City,1,28,71,0,1,1,401,469,0,,1,0,7,0,0,6,0,0,108,1,5,0,561,0,22,0,580,10,65,40,6,6,0,63,0,219,42,12,1,3,0,0
2760,2020,Karnataka,29,Bengaluru Urban,525,Bengaluru District,0,7,8,0,0,0,86,0,0,,0,0,3,0,3,0,0,0,14,1,0,0,128,0,3,0,31,0,0,0,0,0,0,16,0,42,5,9,0,0,0,0
2761,2020,Karnataka,29,Belagavi,527,Belagavi District,0,2,18,0,0,0,93,5,0,,1,0,2,0,2,0,0,0,31,0,1,0,230,0,0,1,11,0,0,1,0,0,0,1,0,62,13,4,8,0,0,0
2762,2020,Karnataka,29,Ballari,528,Ballari,0,9,5,0,0,0,87,7,0,,0,0,0,0,0,0,0,0,29,4,0,0,152,0,0,0,79,0,1,0,0,1,0,6,0,55,16,2,0,0,0,0
2763,2020,Karnataka,29,Bidar,529,Bidar,0,8,6,0,0,0,61,6,0,,1,0,2,0,0,0,0,0,5,0,3,0,76,0,4,1,18,0,3,0,0,0,0,0,0,21,3,2,0,0,0,0
2764,2020,Karnataka,29,Vijayapura,530,Vijayapura,1,3,10,1,0,0,90,8,0,,0,0,0,0,7,0,0,0,2,0,0,0,134,0,2,0,22,0,0,0,0,0,0,1,0,40,0,7,0,0,0,0
2765,2020,Karnataka,29,Chikkaballapura,630,Chikkaballapura,0,6,0,0,0,0,26,39,0,,0,0,0,0,0,0,0,0,20,0,0,0,60,0,0,0,30,0,0,0,0,0,0,0,0,84,7,5,0,0,0,0
2766,2020,Karnataka,29,Chamarajanagara,531,Chamarajnagar,0,4,6,0,0,0,17,2,0,,0,0,0,0,0,0,0,0,15,0,0,0,138,0,1,0,3,0,0,0,0,0,0,0,0,24,5,7,0,0,0,0
2767,2020,Karnataka,29,Chikkamagaluru,532,Chikkamagaluru,0,2,7,0,0,0,50,0,0,,1,0,2,0,0,0,0,0,10,0,0,0,143,0,0,0,12,0,0,0,0,0,0,0,0,54,18,2,0,0,0,0
2768,2020,Karnataka,29,Chitradurga,533,Chitradurga,0,6,0,0,0,0,46,6,0,,1,0,0,0,0,0,0,0,13,2,0,0,239,0,2,0,26,0,0,0,0,0,0,0,0,53,5,0,9,0,0,1
2769,2020,Karnataka,29,Dakshina Kannada,534,Dakshina Kannada,0,0,3,0,1,0,18,1,0,,0,0,0,0,0,0,0,0,6,0,0,0,45,0,4,0,6,0,1,0,0,0,0,7,1,30,19,7,0,0,0,0
2770,2020,Karnataka,29,Davangere,535,Davanagere,0,5,4,0,0,0,57,13,0,,2,0,2,0,0,0,0,0,20,0,0,0,144,0,0,0,72,0,0,0,0,0,0,0,0,46,14,0,0,0,0,0
2771,2020,Karnataka,29,Dharwad,536,Dharwad,0,1,0,0,0,0,13,0,0,,0,0,0,0,0,0,0,0,4,0,0,0,18,0,0,0,9,0,0,0,0,0,0,2,0,15,2,1,0,1,0,0
2772,2020,Karnataka,29,Gadag,537,Gadag,0,0,0,0,0,0,18,0,0,,1,0,0,0,0,0,0,0,5,16,0,0,35,0,1,0,6,0,0,0,0,0,0,2,0,13,0,0,0,0,0,0
2773,2020,Karnataka,29,Kalaburagi,538,Kalaburgi,0,8,6,0,0,0,91,8,0,,2,0,1,0,1,0,0,0,21,0,0,0,156,0,3,2,5,0,0,0,0,0,0,0,0,41,18,3,0,0,0,0
2774,2020,Karnataka,29,Hassan,539,Hassan,0,14,9,0,0,0,64,70,0,,5,0,0,0,4,0,0,0,19,0,0,0,240,0,2,0,93,0,0,0,0,0,0,6,0,56,0,0,23,0,0,0
2775,2020,Karnataka,29,Haveri,540,Haveri,2,6,4,0,2,0,35,0,0,,0,0,0,0,3,0,0,0,10,0,0,0,89,0,0,0,19,0,0,0,0,0,0,0,0,48,7,3,0,0,0,0
2776,2020,Karnataka,29,Dharwad,536,Hubballi Dharwad City,2,1,11,0,0,0,62,13,0,,0,0,0,0,1,2,0,0,5,0,0,0,24,0,0,0,0,0,0,0,0,0,0,5,0,20,1,0,4,1,0,0
2777,2020,Karnataka,29,Belagavi,527,K.G.F.,0,0,0,0,1,0,6,0,0,,0,0,0,0,0,0,0,0,3,0,0,0,24,0,0,0,9,0,0,0,0,0,0,0,0,19,3,1,2,0,0,0
2778,2020,Karnataka,29,Kodagu,541,Kodagu,0,0,0,0,0,0,37,0,0,,0,0,0,0,0,0,0,0,9,0,0,0,44,0,1,0,13,1,0,0,0,0,0,0,0,63,16,0,0,0,0,0
2779,2020,Karnataka,29,Kolar,542,Kolar,0,6,6,0,0,0,11,0,0,,1,0,0,0,0,0,0,0,10,1,0,0,72,0,1,0,15,0,0,0,0,0,0,3,0,36,4,1,1,0,0,0
2780,2020,Karnataka,29,Koppal,543,Koppal,0,3,1,0,0,0,56,18,0,,0,0,0,0,0,0,0,0,8,0,0,0,102,0,2,1,1,0,1,0,0,0,0,2,0,49,10,0,0,0,0,0
2781,2020,Karnataka,29,Mandya,544,Mandya,0,10,0,0,0,0,78,0,0,,0,0,0,0,0,0,0,0,13,0,0,0,281,0,2,0,32,0,0,0,0,0,0,0,0,53,18,0,0,0,0,0
2782,2020,Karnataka,29,Dakshina Kannada,534,Mangaluru City,0,0,0,0,0,0,15,5,0,,0,0,0,0,2,2,0,0,15,0,0,0,55,0,3,0,20,0,2,0,0,0,0,7,0,23,10,0,1,0,0,0
2783,2020,Karnataka,29,Mysuru,545,Mysuru City,0,6,2,0,0,0,37,1,0,,0,0,0,0,0,1,0,0,16,0,0,0,71,0,3,0,65,9,0,0,0,0,0,0,0,28,8,0,0,0,0,0
2784,2020,Karnataka,29,Mysuru,545,Mysuru District,0,10,12,1,0,0,46,2,0,,0,0,0,0,0,0,0,0,11,0,0,0,217,0,0,0,32,0,0,0,0,0,0,3,0,40,9,4,0,0,0,0
2785,2020,Karnataka,29,Raichur,546,Raichur,0,1,6,0,0,0,85,17,0,,1,0,0,0,7,0,0,0,12,0,0,0,161,0,0,0,66,0,0,0,0,0,0,2,0,35,10,0,0,0,0,0
2786,2020,Karnataka,29,Bengaluru Urban,525,K.Railways,0,1,0,0,0,0,0,0,0,,0,0,0,0,0,0,0,0,0,0,0,0,8,0,0,0,0,0,0,0,0,0,0,0,0,2,0,0,0,0,0,0
2787,2020,Karnataka,29,Ramanagara,631,Ramanagara,0,12,6,0,0,0,29,41,0,,2,0,0,0,0,0,0,0,11,0,0,0,148,0,0,0,42,0,0,1,0,0,0,0,0,43,23,0,0,0,0,0
2788,2020,Karnataka,29,Shivamogga,547,Shimoga,0,6,16,0,0,0,63,51,0,,1,0,0,0,0,1,0,0,8,0,2,0,250,0,1,0,53,0,0,0,0,1,0,1,0,106,12,10,4,1,0,0
2789,2020,Karnataka,29,Tumakuru,548,Tumakuru,0,4,8,0,0,0,47,0,0,,0,0,0,0,0,0,0,0,8,2,0,0,167,0,2,0,36,0,0,2,0,0,0,1,0,33,21,5,0,0,0,0
2790,2020,Karnataka,29,Udupi,549,Udupi,0,1,2,0,0,0,32,9,0,,0,0,0,0,0,0,0,0,11,0,0,0,70,0,4,0,27,0,0,0,0,1,0,13,0,35,5,2,0,0,0,0
2791,2020,Karnataka,29,Uttara Kannada,550,Uttara Kannada,0,1,9,0,0,0,27,1,0,,1,0,0,0,0,0,0,0,5,0,0,0,124,0,2,0,11,4,0,0,0,0,0,0,0,40,4,0,0,2,0,0
2792,2020,Karnataka,29,Yadgir,635,Yadgiri,0,1,3,0,0,0,42,4,0,,0,0,0,0,0,0,0,0,12,0,0,0,141,0,0,1,11,0,0,0,0,2,0,0,0,23,3,2,0,0,0,0
2793,2020,Karnataka,29,Belagavi,527,Belagavi City,0,0,4,0,0,0,47,10,0,,1,0,2,0,1,0,0,0,2,0,0,0,25,0,0,0,5,0,0,0,0,1,0,1,0,16,0,1,0,0,0,0
2794,2020,Karnataka,29,Kalaburagi,538,Kalaburgi City,1,0,5,0,0,0,51,6,0,,0,0,2,0,0,0,0,0,3,0,0,0,34,0,3,0,28,0,0,0,0,0,0,0,0,8,2,0,1,1,0,0
2795,2020,Kerala,32,Alappuzha,554,Alapuzha,0,1,2,0,0,0,96,0,0,,1,3,0,0,0,0,0,0,32,10,3,0,218,1,20,50,0,0,0,0,0,0,7,8,1,74,22,6,3,0,0,0
2796,2020,Kerala,32,Ernakulam,555,Ernakulam Commissionerate,0,0,1,0,0,0,72,3,0,,0,0,0,0,1,10,0,0,43,2,0,0,149,1,32,29,0,0,0,0,0,0,9,11,0,30,5,4,0,0,0,1
2797,2020,Kerala,32,Ernakulam,555,Ernakulam Rural,0,0,0,0,0,0,119,11,0,,1,3,1,0,1,25,0,0,47,2,5,0,226,0,43,41,0,0,0,0,0,1,10,8,0,37,5,5,0,0,0,0
2798,2020,Kerala,32,Idukki,556,Idukki,0,1,1,0,1,0,55,2,0,,0,3,1,0,0,0,0,0,27,0,1,0,164,0,25,38,0,0,0,0,0,0,6,1,0,94,24,6,0,0,0,0
2799,2020,Kerala,32,Kannur,557,Kannur,0,0,2,0,0,0,194,1,0,,0,2,0,0,1,7,0,0,36,0,2,0,134,0,32,0,0,0,0,0,0,0,2,6,0,62,40,7,0,1,0,0
2800,2020,Kerala,32,Kasaragod,558,Kasargod,0,0,3,0,0,0,76,0,0,,0,2,0,0,5,1,0,0,46,0,1,0,85,0,9,49,0,0,0,0,0,0,1,0,0,56,52,2,4,0,0,0
2801,2020,Kerala,32,Kollam,559,Kollam Commissionerate,0,0,0,0,1,0,163,4,0,,0,0,0,0,0,13,0,0,24,4,0,0,170,0,21,0,0,0,0,0,0,2,8,3,0,38,29,13,0,0,0,0
2802,2020,Kerala,32,Kollam,559,Kollam Rural,0,0,0,0,0,0,137,0,0,,0,0,0,0,0,0,0,0,28,13,6,0,224,0,29,22,0,0,0,0,0,0,9,0,0,72,27,0,31,0,0,0
2803,2020,Kerala,32,Kottayam,560,Kottayam,0,0,1,0,0,0,77,6,0,,0,1,0,0,0,0,0,0,26,2,2,0,132,3,12,31,0,0,0,0,0,0,8,5,0,66,12,1,3,0,0,0
2804,2020,Kerala,32,Kozhikode,561,Kozhikode Commissionerate,0,0,0,0,0,0,160,7,0,,0,4,0,0,0,3,0,0,24,0,1,0,103,1,18,23,0,0,0,0,0,0,3,3,0,41,1,1,1,0,0,0
2805,2020,Kerala,32,Kozhikode,561,Kozhikode Rural,0,0,1,0,0,0,251,7,0,,2,5,1,0,0,1,0,0,26,0,2,0,223,0,17,52,0,0,0,0,0,0,4,4,0,35,9,5,1,0,0,0
2806,2020,Kerala,32,Malappuram,562,Malappuram,0,0,4,0,0,0,455,11,0,,1,6,0,0,2,9,0,0,49,0,4,0,272,2,32,134,0,0,0,0,0,0,21,13,1,98,5,4,0,1,1,0
2807,2020,Kerala,32,Palakkad,563,Palakkad,1,2,4,0,1,1,166,16,0,,0,2,0,0,0,1,0,0,48,0,0,0,84,0,14,85,0,0,0,0,0,0,6,18,0,110,1,1,4,0,1,0
2808,2020,Kerala,32,Pathanamthitta,564,Pathanamthitta,0,0,1,0,0,0,57,2,0,,0,0,0,0,0,0,0,0,30,0,0,0,177,0,20,2,0,0,0,0,0,0,14,0,0,74,8,9,3,2,0,0
2809,2020,Kerala,32,Thiruvananthapuram,565,Railways,0,0,0,0,0,0,0,0,0,,0,0,0,0,0,0,0,0,0,0,0,0,11,0,4,0,0,0,0,0,0,0,0,0,0,0,1,0,0,0,0,0
2810,2020,Kerala,32,Thrissur,566,Thrissur Commissionerate,0,0,1,0,0,0,154,0,0,,0,0,0,0,0,2,0,0,28,6,1,0,131,1,30,1,0,0,0,1,0,0,11,5,0,48,34,9,0,0,0,0
2811,2020,Kerala,32,Thrissur,566,Thrissur Rural,0,1,3,0,0,0,131,7,0,,0,4,0,0,0,0,0,0,26,0,2,0,171,0,8,51,0,0,0,0,0,0,15,0,1,43,6,5,1,0,0,1
2812,2020,Kerala,32,Thiruvananthapuram,565,Trivandrum Commissionerate,0,0,1,0,0,0,66,0,0,,0,0,0,0,3,0,0,0,24,0,3,0,141,0,18,1,1,0,0,0,0,0,13,14,3,68,21,8,6,3,0,1
2813,2020,Kerala,32,Thiruvananthapuram,565,Trivandrum Rural,0,1,7,0,1,1,203,4,0,,1,0,1,0,1,0,0,0,44,2,13,0,363,1,16,8,0,0,0,0,0,1,17,10,0,124,62,12,9,1,0,0
2814,2020,Kerala,32,Wayanad,567,Wayanadu,0,0,1,0,0,0,75,2,0,,0,0,1,0,1,0,0,0,27,1,3,0,92,0,7,2,2,0,0,0,0,0,1,3,0,72,30,11,0,0,0,0
2815,2020,Kerala,32,Thiruvananthapuram,565,Crime Branch,0,0,1,0,0,0,0,0,0,,0,0,0,0,0,0,0,0,2,0,0,0,0,0,0,1,0,0,0,0,0,0,0,1,0,1,0,0,17,0,0,0
2816,2020,Madhya Pradesh,23,Agar-Malwa,667,Agar,0,3,7,0,0,0,49,6,0,,2,0,0,0,0,1,0,0,3,0,0,0,49,0,1,0,0,0,0,0,0,0,0,0,0,27,19,1,0,0,0,0
2817,2020,Madhya Pradesh,23,Alirajpur,639,Alirajpur,0,0,16,3,0,0,11,48,0,,7,0,0,0,0,1,0,0,29,23,1,0,15,1,2,0,0,0,0,0,0,0,0,0,0,37,8,0,0,0,0,0
2818,2020,Madhya Pradesh,23,Anuppur,390,Anuppur,1,6,8,0,0,0,70,70,0,,0,0,0,0,0,0,0,0,46,8,0,0,60,0,1,0,0,0,0,0,0,0,0,0,0,46,23,0,0,0,0,0
2819,2020,Madhya Pradesh,23,Ashoknagar,391,Ashok Nagar,2,6,6,0,0,0,67,43,0,,0,0,0,0,2,1,0,0,30,0,0,0,92,0,4,0,0,0,0,0,0,0,0,0,0,75,45,0,0,0,0,0
2820,2020,Madhya Pradesh,23,Balaghat,392,Balaghat,1,14,9,0,0,0,204,150,0,,0,0,0,0,2,1,0,0,69,0,0,0,115,0,6,0,1,0,0,0,0,0,0,0,0,68,44,1,0,0,0,0
2821,2020,Madhya Pradesh,23,Barwani,393,Barwani,0,4,14,0,0,0,54,0,0,,0,0,0,0,0,0,1,0,35,0,1,0,83,0,3,0,1,0,0,0,0,0,0,0,0,98,27,1,0,0,0,0
2822,2020,Madhya Pradesh,23,Betul,394,Betul,1,16,11,0,0,0,49,0,0,,4,0,0,0,0,3,0,0,48,152,1,0,85,0,2,0,2,0,0,0,0,0,0,1,0,53,40,0,0,0,0,0
2823,2020,Madhya Pradesh,23,Bhind,395,Bhind,0,26,0,0,0,0,160,0,0,,0,0,0,0,0,0,0,0,21,0,0,0,67,1,4,0,0,0,0,0,0,0,0,0,0,32,51,0,0,0,0,0
2824,2020,Madhya Pradesh,23,Bhopal,396,Bhopal,0,13,22,2,1,1,310,265,0,,1,0,4,0,2,0,0,0,120,7,1,0,215,0,15,0,48,6,0,0,0,0,0,0,0,152,110,8,3,0,0,0
2825,2020,Madhya Pradesh,23,Bhopal,396,Bhopal Railway,0,1,0,0,0,0,1,1,0,,1,0,0,0,0,0,0,0,3,0,0,1,3,0,2,0,0,0,0,0,0,0,0,0,0,1,0,0,0,0,0,0
2826,2020,Madhya Pradesh,23,Burhanpur,397,Burhanpur,0,1,3,0,0,0,43,0,0,,0,0,3,0,0,0,0,0,16,0,0,0,61,0,3,0,0,0,0,0,0,0,0,0,0,34,23,0,0,0,0,0
2827,2020,Madhya Pradesh,23,Chhatarpur,398,Chhatarpur,1,24,22,0,0,0,82,2,0,,0,0,0,0,0,0,0,0,52,38,1,0,158,3,2,0,1,0,0,0,0,0,0,5,0,59,102,9,0,0,0,0
2828,2020,Madhya Pradesh,23,Chhindwara,399,Chhindwara,3,22,7,0,0,0,68,124,0,,0,0,0,0,0,1,0,0,53,0,0,0,81,0,0,0,3,0,0,0,0,0,0,0,0,42,28,0,0,0,0,0
2829,2020,Madhya Pradesh,23,Damoh,400,Damoh,0,14,25,0,0,0,103,145,0,,0,0,0,0,0,0,0,0,34,0,0,0,109,0,3,0,3,0,0,0,0,0,0,0,0,25,59,0,0,0,0,0
2830,2020,Madhya Pradesh,23,Datia,401,Datia,2,12,5,0,0,0,49,0,0,,0,0,0,0,0,0,0,0,15,0,0,0,65,0,1,0,0,0,0,0,0,0,0,1,0,16,22,0,0,0,0,0
2831,2020,Madhya Pradesh,23,Dewas,402,Dewas,0,9,13,0,0,0,154,92,0,,1,0,0,0,0,0,0,0,30,3,0,0,138,1,11,0,0,0,0,0,0,0,5,0,0,121,63,1,0,0,0,0
2832,2020,Madhya Pradesh,23,Dhar,403,Dhar,0,6,37,0,0,0,94,2,0,,2,0,0,0,0,0,0,0,82,11,1,0,135,0,3,0,0,0,0,0,0,0,0,0,0,128,59,1,0,5,0,0
2833,2020,Madhya Pradesh,23,Dindori,404,Dindori,0,3,7,0,1,0,85,0,0,,1,0,0,0,0,0,0,0,32,2,0,0,49,0,1,0,0,0,0,0,0,0,0,0,0,38,25,0,0,0,0,0
2834,2020,Madhya Pradesh,23,Guna,406,Guna,1,3,16,0,0,0,111,86,0,,1,0,2,0,16,0,0,0,65,0,0,0,182,0,2,0,2,0,0,0,0,0,1,0,0,78,56,0,0,0,0,0
2835,2020,Madhya Pradesh,23,Gwalior,407,Gwalior,0,24,24,0,0,1,564,139,0,,2,0,3,0,2,3,0,1,162,7,2,0,286,0,6,1,5,0,0,0,0,0,0,5,5,85,104,1,0,0,0,0
2836,2020,Madhya Pradesh,23,Harda,408,Harda,0,0,5,0,0,0,38,2,0,,0,0,0,0,0,0,0,0,27,0,0,0,37,0,1,22,0,0,0,0,0,0,0,1,0,65,0,0,0,0,0,0
2837,2020,Madhya Pradesh,23,Narmadapuram,409,Hoshangabad,0,13,10,0,1,0,115,86,0,,1,0,0,0,1,0,0,0,53,4,0,0,127,0,5,0,2,0,0,0,0,0,0,0,0,58,46,2,0,0,0,0
2838,2020,Madhya Pradesh,23,Indore,410,Indore,3,28,36,0,0,1,455,398,0,,2,0,0,0,0,4,0,0,147,24,1,0,285,0,14,0,1,4,0,0,0,0,0,1,1,165,122,2,0,0,0,0
2839,2020,Madhya Pradesh,23,Indore,410,Indore Railway,0,0,0,0,0,0,0,0,0,,0,0,0,0,0,0,0,0,0,0,0,0,2,0,0,0,0,0,0,0,0,0,0,0,0,2,2,0,0,0,0,0
2840,2020,Madhya Pradesh,23,Jabalpur,411,Jabalpur,0,19,21,0,0,0,201,269,0,,0,3,0,0,0,5,0,0,107,1,3,9,221,0,3,0,17,0,0,0,0,0,172,0,0,117,102,3,0,0,0,0
2841,2020,Madhya Pradesh,23,Jabalpur,411,Jabalpur Railway,0,1,0,0,0,0,0,1,0,,0,0,0,0,0,0,0,0,1,0,0,0,4,0,0,0,0,0,0,0,0,0,0,0,0,0,0,0,0,0,0,0
2842,2020,Madhya Pradesh,23,Jhabua,412,Jhabua,0,0,17,0,0,0,11,67,0,,1,0,1,0,1,0,0,0,16,3,0,0,21,0,2,0,0,0,0,0,0,0,0,0,0,24,10,0,0,0,0,0
2843,2020,Madhya Pradesh,23,Katni,413,Katni,1,10,12,0,0,0,59,98,0,,0,0,0,0,0,0,0,0,24,0,0,0,60,0,4,0,0,0,0,0,0,0,1,0,0,32,36,0,0,0,0,0
2844,2020,Madhya Pradesh,23,Khandwa (East Nimar),405,Khandwa,0,11,8,0,0,0,45,90,0,,0,0,0,0,0,0,0,0,28,0,0,0,128,0,1,0,0,0,0,0,0,0,0,0,0,74,38,0,0,0,0,0
2845,2020,Madhya Pradesh,23,Khargone (West Nimar),414,Khargone,0,4,13,0,0,0,49,24,0,,3,1,0,0,0,0,0,0,48,11,1,0,153,0,8,0,0,1,0,0,0,0,0,2,0,136,57,10,0,0,0,0
2846,2020,Madhya Pradesh,23,Mandla,415,Mandla,1,2,3,0,0,0,49,104,0,,1,0,8,0,0,2,0,0,21,3,1,0,30,0,1,0,0,0,0,0,0,0,0,1,0,22,24,0,0,0,0,0
2847,2020,Madhya Pradesh,23,Mandsaur,416,Mandsaur,0,8,11,0,0,0,40,56,0,,3,0,0,0,0,2,0,0,23,0,1,0,80,0,4,0,0,0,0,0,0,0,0,0,0,39,50,0,0,0,0,0
2848,2020,Madhya Pradesh,23,Morena,417,Morena,0,32,20,0,0,0,136,0,0,,4,0,0,0,0,1,0,0,46,0,1,0,94,0,3,0,0,0,0,0,0,0,0,0,0,48,33,3,0,0,0,0
2849,2020,Madhya Pradesh,23,Narsimhapur,418,Narsinghpur,0,12,11,0,0,0,28,85,0,,0,0,0,0,0,0,0,0,27,2,0,0,49,0,1,0,0,0,0,2,0,0,1,0,0,38,34,0,0,2,0,0
2850,2020,Madhya Pradesh,23,Neemuch,419,Neemuch,0,6,7,0,0,0,35,36,0,,0,0,0,0,0,0,1,0,11,0,0,0,26,0,0,0,0,0,0,0,0,0,0,0,0,33,18,0,0,0,0,0
2851,2020,Madhya Pradesh,23,Panna,420,Panna,0,13,17,5,0,0,71,129,0,,0,0,0,0,0,0,0,0,23,0,0,0,94,0,2,0,0,0,0,0,0,0,0,2,0,20,54,0,0,0,0,0
2852,2020,Madhya Pradesh,23,Raisen,421,Raisen,0,16,15,0,0,0,96,94,0,,0,0,0,0,0,1,0,0,51,0,0,0,89,0,3,0,0,0,0,0,0,0,0,0,0,101,46,0,0,0,0,0
2853,2020,Madhya Pradesh,23,Rajgarh,422,Rajgarh,0,13,18,0,0,0,159,1,0,,0,0,0,0,0,1,0,0,57,0,2,0,131,0,3,0,0,0,0,0,0,0,0,0,0,58,57,1,0,0,0,0
2854,2020,Madhya Pradesh,23,Ratlam,423,Ratlam,1,6,22,7,1,0,88,125,0,,1,0,1,0,1,0,0,0,43,9,0,0,116,0,5,0,0,0,0,0,0,1,0,0,1,117,58,0,0,0,0,0
2855,2020,Madhya Pradesh,23,Rewa,424,Rewa,0,32,21,19,0,0,152,218,0,,3,0,0,0,0,0,0,0,49,4,0,0,121,0,6,0,0,0,0,0,0,0,0,12,0,87,64,0,0,0,0,0
2856,2020,Madhya Pradesh,23,Sagar,425,Sagar,2,33,26,1,0,1,97,0,1,,31,0,0,0,1,1,0,0,74,158,3,0,189,0,3,0,0,0,0,0,0,0,0,0,0,135,112,0,0,0,0,0
2857,2020,Madhya Pradesh,23,Satna,426,Satna,0,20,15,0,0,0,118,0,0,,0,0,0,0,0,0,0,0,51,197,0,0,100,0,5,0,1,0,0,0,0,0,0,0,0,93,68,0,0,0,0,0
2858,2020,Madhya Pradesh,23,Seoni,428,Seoni,0,4,4,0,0,0,117,0,0,,3,0,0,0,0,1,0,0,36,134,1,0,68,0,3,0,0,0,0,0,0,0,0,0,0,43,20,0,0,0,0,0
2859,2020,Madhya Pradesh,23,Shahdol,429,Shahdol,1,10,19,0,0,0,150,99,0,,0,0,10,0,0,0,0,0,44,3,0,0,82,0,1,0,0,0,0,0,0,0,0,0,1,59,37,0,0,0,0,0
2860,2020,Madhya Pradesh,23,Shajapur,430,Shajapur,0,7,8,0,0,0,60,29,0,,0,0,0,0,0,0,0,0,33,2,1,0,91,0,2,0,0,0,0,0,0,0,0,0,0,65,30,0,7,0,0,0
2861,2020,Madhya Pradesh,23,Sheopur,431,Sheopur,0,6,5,0,0,0,40,22,0,,0,1,0,0,0,0,0,0,13,2,0,0,35,0,0,0,0,0,0,0,0,0,0,0,2,12,8,1,0,0,0,0
2862,2020,Madhya Pradesh,23,Shivpuri,432,Shivpuri,0,13,14,0,0,0,110,107,0,,0,0,0,0,0,0,0,0,69,0,1,0,122,0,3,0,1,0,0,0,0,0,0,0,0,44,49,0,0,0,0,0
2863,2020,Madhya Pradesh,23,Sidhi,433,Sidhi,0,10,22,0,0,0,93,1,0,,0,0,0,0,0,0,1,0,18,0,0,0,39,0,6,0,0,0,0,0,0,0,0,0,0,30,31,0,0,0,0,0
2864,2020,Madhya Pradesh,23,Sehore,427,Sehore,0,5,10,0,0,0,75,0,0,,4,3,0,0,0,0,0,0,49,61,0,0,103,1,5,41,0,0,0,0,0,0,0,0,0,113,0,0,0,0,0,0
2865,2020,Madhya Pradesh,23,Singrauli,638,Singrauli,2,12,18,0,1,0,103,70,0,,0,0,0,0,0,2,0,0,38,14,0,0,50,0,3,0,0,0,0,0,0,0,0,0,0,41,17,0,0,0,0,0
2866,2020,Madhya Pradesh,23,Tikamgarh,434,Tikamgarh,0,26,17,0,0,0,32,38,0,,0,0,0,0,0,1,0,0,24,39,0,0,77,0,2,0,0,0,0,0,0,0,0,0,0,48,22,0,0,0,0,0
2867,2020,Madhya Pradesh,23,Ujjain,435,Ujjain,0,8,16,0,0,0,194,141,0,,1,3,0,0,1,0,1,0,65,8,0,0,173,1,6,63,2,0,0,0,0,0,0,0,0,0,0,0,0,0,0,0
2868,2020,Madhya Pradesh,23,Umaria,436,Umaria,3,2,6,0,0,0,28,31,0,,0,0,0,0,0,1,0,0,16,2,0,0,25,1,1,0,0,0,0,0,0,0,0,0,0,23,17,0,0,0,0,0
2869,2020,Madhya Pradesh,23,Vidisha,437,Vidisha,1,13,17,0,0,0,115,98,0,,2,0,0,0,0,1,0,0,42,0,0,0,125,2,11,0,0,0,0,0,0,0,0,0,0,86,73,0,0,0,1,0
2870,2020,Madhya Pradesh,23,Indore,410,Cyber Crime Cell,0,0,0,0,0,0,0,0,0,,0,0,0,0,0,0,0,0,0,0,0,0,0,0,0,0,0,0,0,0,0,0,0,21,0,0,0,0,0,0,0,0
2871,2020,Madhya Pradesh,23,Niwari,722,Niwari,0,6,2,0,0,0,53,0,0,,0,0,0,0,0,0,0,0,10,11,0,0,56,0,0,0,0,0,0,0,0,0,0,0,0,16,17,0,0,0,0,0
2872,2020,Maharashtra,27,Ahmednagar,466,Ahmednagar,1,7,55,0,0,0,486,267,0,,12,0,0,0,0,0,0,0,92,34,0,0,543,0,14,0,0,0,2,0,0,0,0,0,5,62,65,0,0,0,0,0
2873,2020,Maharashtra,27,Akola,467,Akola,0,7,12,0,0,0,261,45,0,,2,0,0,0,0,0,0,0,28,9,0,0,245,0,5,0,1,0,0,0,0,0,0,0,4,34,68,0,0,0,0,0
2874,2020,Maharashtra,27,Amravati,468,Amravati Commissionerate,0,0,5,0,1,0,72,46,0,,4,0,0,0,8,0,0,0,53,5,1,0,235,0,3,0,0,0,0,0,0,0,0,0,0,26,50,0,2,0,0,0
2875,2020,Maharashtra,27,Amravati,468,Amravati Rural,1,1,28,0,0,0,161,94,0,,0,0,0,0,0,0,0,0,41,3,0,0,226,0,6,0,4,0,0,0,0,0,1,0,0,70,82,0,0,0,0,0
2876,2020,Maharashtra,27,Chhatrapati Sambhajinagar,469,Aurangabad Commissionerate,0,4,11,0,0,0,206,91,0,,2,0,3,0,0,0,0,0,45,1,0,0,198,0,8,0,0,0,7,0,0,0,0,6,2,39,47,0,0,0,0,0
2877,2020,Maharashtra,27,Chhatrapati Sambhajinagar,469,Aurangabad Rural,1,9,17,0,0,0,121,0,0,,4,0,0,0,0,0,0,0,34,0,0,0,131,0,3,0,0,0,0,0,0,1,0,2,0,19,36,0,0,0,0,0
2878,2020,Maharashtra,27,Beed,470,Beed,1,11,38,0,0,0,255,7,0,,1,0,14,0,0,0,0,0,50,3,0,0,248,0,16,0,0,0,0,0,0,0,0,0,0,79,56,0,0,0,1,0
2879,2020,Maharashtra,27,Bhandara,471,Bhandara,1,1,7,0,0,0,38,60,0,,2,0,1,0,0,0,0,0,15,0,0,0,88,0,12,0,4,1,0,0,0,0,0,1,0,45,19,0,0,0,0,0
2880,2020,Maharashtra,27,Buldhana,472,Buldhana,0,8,28,0,0,0,144,71,0,,3,0,0,0,0,0,0,0,34,12,0,0,313,0,9,0,0,0,0,0,0,0,0,0,0,43,88,0,0,1,0,0
2881,2020,Maharashtra,27,Chandrapur,473,Chandrapur,0,3,10,0,0,0,127,113,0,,3,0,0,0,0,0,0,0,45,12,0,0,194,0,15,0,2,0,0,0,0,0,0,2,0,70,57,0,0,0,0,0
2882,2020,Maharashtra,27,Dhule,474,Dhule,1,4,12,0,1,0,236,4,0,,0,0,0,0,0,0,0,0,14,72,0,0,80,0,9,0,0,0,0,0,0,0,0,1,0,28,26,0,0,0,0,0
2883,2020,Maharashtra,27,Gadchiroli,475,Gadchiroli,1,0,9,0,0,0,21,28,0,,0,0,0,0,0,0,0,0,17,0,0,0,55,0,1,0,1,0,0,0,0,0,0,0,0,41,13,0,0,0,0,0
2884,2020,Maharashtra,27,Gondia,476,Gondia,0,2,5,0,0,0,11,36,0,,2,0,0,0,0,0,0,0,18,0,0,0,57,0,4,0,5,0,0,0,0,0,0,0,0,32,27,0,0,0,0,0
2885,2020,Maharashtra,27,Hingoli,477,Hingoli,0,6,6,0,0,0,71,13,0,,1,0,0,0,0,0,0,0,14,3,0,0,73,0,1,0,0,4,0,0,0,0,0,0,0,17,15,0,0,0,0,0
2886,2020,Maharashtra,27,Jalgaon,478,Jalgaon,1,2,40,0,0,0,206,21,0,,0,0,0,0,8,0,0,0,29,114,0,0,259,1,20,0,0,0,0,0,5,0,0,0,3,62,55,0,0,0,0,0
2887,2020,Maharashtra,27,Jalna,479,Jalna,0,12,34,0,0,0,191,0,0,,10,0,0,0,20,0,0,0,36,38,0,0,208,0,0,0,0,0,0,0,0,2,0,0,0,23,168,0,0,0,0,0
2888,2020,Maharashtra,27,Kolhapur,480,Kolhapur,1,6,13,1,0,0,194,130,0,,0,0,0,0,0,15,0,0,51,3,0,0,263,0,15,0,0,0,0,2,0,0,0,0,0,64,55,0,1,0,1,0
2889,2020,Maharashtra,27,Latur,481,Latur,0,7,14,1,0,0,131,74,0,,0,0,8,0,0,3,0,0,25,4,0,0,138,0,0,0,0,0,0,0,0,0,0,0,0,26,23,0,0,0,0,0
2890,2020,Maharashtra,27,Mumbai,482,Mumbai Commissionerate,2,12,39,1,0,0,501,765,0,,1,0,0,0,1,30,0,0,322,2,0,0,1507,0,455,0,0,2,0,2,0,1,1,14,3,445,439,19,14,2,3,0
2891,2020,Maharashtra,27,Mumbai,482,Mumbai Railway,0,0,0,0,0,0,0,1,0,,0,0,0,0,0,0,0,0,1,0,0,0,46,0,4,0,0,0,0,0,0,0,0,0,0,2,4,0,0,0,0,0
2892,2020,Maharashtra,27,Nagpur,484,Nagpur Commissionerate,0,8,13,0,0,0,118,243,0,,1,0,2,0,0,8,0,0,79,0,0,0,219,0,19,0,0,0,0,14,0,0,0,0,0,93,103,0,0,0,0,0
2893,2020,Maharashtra,27,Nagpur,484,Nagpur Railway,0,0,0,0,0,0,0,0,0,,1,0,0,0,0,0,0,0,1,1,0,0,8,0,0,0,0,0,0,0,0,0,0,0,0,1,0,0,0,0,0,0
2894,2020,Maharashtra,27,Nagpur,484,Nagpur Rural,0,3,10,1,0,0,16,1,0,,0,0,0,0,0,0,0,0,34,0,0,0,159,0,13,0,3,0,0,0,0,0,1,1,0,63,88,0,0,0,1,0
2895,2020,Maharashtra,27,Nanded,485,Nanded,1,6,17,0,0,0,242,63,0,,3,0,0,0,8,0,0,0,39,15,0,0,232,0,9,0,0,0,0,0,0,1,0,0,0,59,57,0,0,0,0,0
2896,2020,Maharashtra,27,Nandurbar,486,Nandurbar,0,1,3,0,0,0,50,2,0,,1,0,0,0,1,0,0,0,17,6,0,0,44,0,5,0,0,0,0,0,0,0,0,2,0,25,9,0,1,0,0,0
2897,2020,Maharashtra,27,Nashik,487,Nasik Commissionerate,0,0,19,0,0,0,202,0,0,,0,0,0,0,0,0,0,0,25,0,0,0,147,0,12,0,0,0,0,2,0,0,0,4,0,32,34,0,0,0,0,0
2898,2020,Maharashtra,27,Nashik,487,Nasik Rural,1,7,45,0,0,0,324,197,0,,0,0,8,0,0,1,0,0,34,32,0,0,237,0,8,0,0,0,0,0,0,0,0,1,1,75,46,0,0,0,0,0
2899,2020,Maharashtra,27,Mumbai Suburban,483,Navi Mumbai,0,1,14,0,0,0,94,146,0,,0,0,0,0,0,4,0,0,57,0,0,0,158,0,25,0,1,9,0,0,0,0,0,2,4,68,40,1,0,0,0,0
2900,2020,Maharashtra,27,Dharashiv,488,Osmanabad,0,6,19,0,0,0,67,50,0,,1,0,0,0,2,0,0,0,20,23,0,0,123,0,2,0,0,0,0,0,0,0,0,0,0,26,25,0,0,0,0,0
2901,2020,Maharashtra,27,Palghar,665,Palghar,0,0,7,2,0,0,22,0,0,,0,0,0,0,0,1,0,0,30,0,0,0,83,0,7,0,0,0,0,0,0,0,0,1,0,34,20,0,0,0,0,0
2902,2020,Maharashtra,27,Parbhani,489,Parbhani,0,3,14,0,0,0,115,29,0,,1,0,0,0,0,0,0,0,32,7,0,0,139,0,4,0,0,0,0,0,0,0,0,0,0,38,39,0,0,0,0,0
2903,2020,Maharashtra,27,Pune,490,Pune Commissionerate,0,6,24,3,1,0,245,254,0,,0,0,1,0,0,13,0,0,59,0,0,0,192,0,32,0,0,8,0,0,0,5,0,11,1,121,77,2,0,0,0,0
2904,2020,Maharashtra,27,Pune,490,Pune Railway,0,0,1,0,0,0,0,0,0,,0,0,0,0,0,0,0,0,1,0,0,0,1,0,0,0,0,0,0,0,0,0,0,0,0,0,0,1,0,0,0,0
2905,2020,Maharashtra,27,Pune,490,Pune Rural,0,4,50,0,1,0,227,271,0,,1,0,3,0,0,6,0,0,81,6,1,0,493,0,26,0,0,4,1,1,4,0,0,0,0,125,122,1,0,0,1,0
2906,2020,Maharashtra,27,Raigad,491,Raigad,2,0,7,5,0,0,34,56,0,,0,0,0,0,0,0,0,0,18,0,0,0,77,0,7,0,0,0,0,0,0,0,0,0,0,38,24,2,0,0,0,0
2907,2020,Maharashtra,27,Ratnagiri,492,Ratnagiri,1,0,4,0,0,0,12,33,0,,0,0,0,0,0,0,0,0,10,0,0,0,53,0,29,0,0,0,0,0,0,0,0,0,0,28,9,1,0,0,0,0
2908,2020,Maharashtra,27,Sangli,493,Sangli,1,7,17,0,0,0,103,133,0,,0,0,1,0,2,0,0,0,38,16,0,0,250,0,18,0,0,0,0,0,0,0,0,0,1,66,54,3,1,0,0,0
2909,2020,Maharashtra,27,Satara,494,Satara,0,4,22,0,0,0,168,141,0,,1,0,4,0,1,2,0,0,49,3,0,0,275,0,15,0,0,2,0,0,0,0,0,5,0,92,59,0,0,0,0,0
2910,2020,Maharashtra,27,Sindhudurg,495,Sindhudurg,0,0,1,0,0,0,0,13,0,,0,0,0,0,0,0,0,0,6,0,0,0,53,0,2,0,0,0,0,0,0,0,0,0,0,17,10,0,0,0,0,0
2911,2020,Maharashtra,27,Solapur,496,Solapur Commissionerate,0,1,8,0,0,1,86,60,0,,2,0,0,0,0,0,0,0,19,2,0,0,103,0,5,0,0,0,0,0,0,0,0,0,0,39,43,0,0,0,0,0
2912,2020,Maharashtra,27,Solapur,496,Solapur Rural,0,2,60,0,0,0,136,133,0,,3,0,0,0,0,0,0,0,74,0,0,0,346,0,4,0,0,0,0,0,0,2,0,0,0,92,67,3,0,0,0,0
2913,2020,Maharashtra,27,Thane,497,Thane Commissionerate,1,11,25,0,0,0,259,388,0,,1,0,0,0,22,13,0,0,81,6,0,0,299,0,34,0,0,0,0,0,0,0,0,8,3,139,113,5,0,1,0,0
2914,2020,Maharashtra,27,Thane,497,Thane Rural,0,0,8,1,0,0,38,23,0,,1,0,0,0,0,0,0,0,23,0,0,0,84,0,6,0,1,0,0,0,0,0,0,0,0,27,20,0,0,0,0,0
2915,2020,Maharashtra,27,Wardha,498,Wardha,0,2,4,0,0,0,48,100,0,,0,0,2,0,0,0,0,0,24,3,0,0,197,0,6,0,1,0,0,0,0,0,0,4,0,40,43,7,0,0,0,0
2916,2020,Maharashtra,27,Washim,499,Washim,0,12,8,0,0,0,181,0,0,,4,0,0,0,0,0,0,0,24,6,0,0,163,0,1,0,1,0,0,0,0,0,0,0,0,23,34,0,0,0,0,0
2917,2020,Maharashtra,27,Yavatmal,500,Yavatmal,1,6,19,0,0,0,231,104,0,,7,0,0,0,0,0,0,0,43,4,0,0,187,0,16,0,1,1,0,0,0,0,0,2,0,56,62,0,0,0,0,0
2918,2020,Maharashtra,27,Pune,490,Pimpri Chinchwad City,0,5,19,0,0,0,185,54,0,,3,0,1,0,0,9,0,0,92,0,0,0,250,0,21,0,0,1,0,0,0,0,0,6,0,61,34,1,5,0,0,0
2919,2020,Maharashtra,27,Chhatrapati Sambhajinagar,469,Aurangabad Railway,0,0,0,0,0,0,0,3,0,,0,0,0,0,0,0,0,0,0,0,0,0,6,0,2,0,0,0,0,0,0,0,0,0,0,0,0,0,0,0,0,0
2920,2020,Maharashtra,27,Thane,497,Mira Bhayandar Vasai Virar Commissionerate,1,0,11,3,0,0,93,245,0,,0,0,0,0,0,11,0,0,87,2,0,0,280,0,41,0,0,1,0,0,0,0,0,2,0,80,74,2,0,0,3,0
2921,2020,Manipur,14,Bishnupur,252,Bishnupur,2,1,0,0,0,0,1,1,0,,2,0,0,0,0,2,0,0,4,0,2,2,2,0,0,0,0,0,0,0,0,0,0,0,0,10,1,1,2,0,0,0
2922,2020,Manipur,14,Chandel,253,Chandel,0,0,0,0,0,0,0,0,0,,0,0,0,0,0,0,0,0,0,0,0,0,0,0,0,0,0,0,0,0,0,0,0,0,0,2,0,0,0,0,0,0
2923,2020,Manipur,14,Churachandpur,254,Churachandpur,0,0,0,0,0,0,0,0,0,,1,0,0,0,0,0,0,0,0,0,1,0,0,0,0,0,0,0,0,0,0,0,0,0,0,4,1,0,0,0,0,0
2924,2020,Manipur,14,Imphal West,256,Cid,0,0,0,0,0,0,0,0,0,,0,0,0,0,0,0,0,0,0,0,0,0,2,0,6,0,0,0,0,0,0,0,0,3,0,0,0,0,0,0,0,0
2925,2020,Manipur,14,Imphal East,255,Imphal East,0,0,0,0,0,0,2,0,0,,6,0,1,0,1,0,0,0,3,3,0,0,12,0,0,0,0,0,0,0,0,0,0,0,0,10,1,0,0,0,0,0
2926,2020,Manipur,14,Imphal West,256,Imphal West,0,0,0,0,0,0,1,0,0,,4,0,11,1,3,0,0,0,10,1,0,0,30,0,1,0,0,0,0,0,0,0,1,0,0,10,3,0,0,0,0,0
2927,2020,Manipur,14,Senapati,257,Senapati,0,0,0,0,0,0,0,0,0,,0,0,0,0,0,0,0,0,1,0,0,0,0,0,0,0,0,0,0,0,0,0,0,0,0,2,1,0,0,0,0,0
2928,2020,Manipur,14,Tamenglong,258,Tamenglong,0,0,0,0,0,0,0,0,0,,0,0,0,0,0,0,0,0,0,0,0,0,0,0,0,0,0,0,0,0,0,0,0,0,0,0,0,0,0,0,0,0
2929,2020,Manipur,14,Thoubal,259,Thoubal,0,0,2,0,0,0,1,0,0,,0,0,6,0,0,0,0,0,5,0,2,0,8,0,0,1,0,0,0,0,0,0,0,0,0,6,4,2,0,0,0,0
2930,2020,Manipur,14,Ukhrul,260,Ukhrul,0,0,0,0,0,0,0,0,0,,0,0,0,0,0,0,0,0,0,0,0,0,0,0,0,0,0,0,0,0,0,0,0,0,0,1,0,0,0,0,0,0
2931,2020,Manipur,14,Kakching,711,Kakching,0,0,0,0,0,0,1,0,0,,2,0,4,0,1,0,0,0,6,0,0,0,2,0,1,0,0,0,0,0,0,0,0,0,0,7,2,1,0,0,0,0
2932,2020,Manipur,14,Kamjong,717,Kamjong,0,0,0,0,0,0,0,0,0,,0,0,0,0,0,0,0,0,0,0,0,0,0,0,0,0,0,0,0,0,0,0,0,0,0,0,0,0,0,0,0,0
2933,2020,Manipur,14,Kangpokpi,712,Kangpokpi,0,0,0,0,0,0,0,0,0,,0,0,0,0,0,0,0,0,0,0,0,0,1,0,0,0,0,0,0,0,0,0,0,0,0,1,0,0,0,0,0,0
2934,2020,Manipur,14,Jiribam,713,Jiribam,0,0,0,0,0,0,1,0,0,,0,0,1,0,0,0,0,0,0,0,0,0,0,0,0,0,0,0,0,0,0,0,0,0,0,2,0,0,0,0,0,0
2935,2020,Manipur,14,Noney,714,Noney,0,0,0,0,0,0,0,0,0,,0,0,0,0,0,0,0,0,0,0,0,0,2,0,0,0,0,0,0,0,0,0,0,0,0,0,0,0,0,0,0,0
2936,2020,Manipur,14,Pherzawl,715,Pherzawl,0,0,0,0,0,0,0,0,0,,0,0,0,0,0,0,0,0,0,0,0,0,0,0,0,0,0,0,0,0,0,0,0,0,0,0,0,0,0,0,0,0
2937,2020,Manipur,14,Tengnoupal,716,Tengnoupal,0,0,0,0,0,0,0,0,0,,0,0,0,0,0,0,0,0,1,0,0,0,1,0,0,0,0,0,0,0,0,0,0,0,0,0,0,0,0,0,0,0
2938,2020,Manipur,14,Imphal West,256,Narcotic,0,0,0,0,0,0,0,0,0,,0,0,0,0,0,0,0,0,0,0,0,0,0,0,0,0,0,0,0,0,0,0,0,0,0,0,0,0,0,0,0,0
2939,2020,Meghalaya,17,East Garo Hills,273,East Garo Hills,0,0,0,0,0,0,0,0,0,,0,0,1,0,0,0,0,0,2,0,0,0,5,0,0,0,0,0,0,0,0,0,0,0,0,12,5,0,0,0,0,0
2940,2020,Meghalaya,17,South Garo Hills,277,South Garo Hills,1,0,0,0,0,0,0,0,0,,0,0,1,0,0,0,0,0,1,0,0,0,0,0,1,0,0,0,0,0,0,0,0,0,1,13,4,1,0,0,0,0
2941,2020,Meghalaya,17,South West Garo Hills,663,South West Garo Hills,0,0,0,0,0,0,0,0,0,,0,0,3,0,0,0,0,0,3,0,0,0,1,2,0,0,0,0,0,0,0,0,0,0,0,13,3,0,1,0,0,0
2942,2020,Meghalaya,17,West Garo Hills,278,West Garo Hills,0,0,0,0,0,0,9,0,0,,0,0,7,0,0,0,0,0,6,0,3,1,6,0,2,0,0,0,0,0,0,0,0,1,0,20,3,3,0,1,0,0
2943,2020,Meghalaya,17,West Jaintia Hills,275,West Jaintia Hills,1,0,0,0,0,0,0,1,0,,0,0,0,0,0,0,0,0,5,0,2,0,5,0,0,0,0,0,0,0,0,0,0,0,0,35,1,1,0,0,0,0
2944,2020,Meghalaya,17,East Jaintia Hills,657,East Jaintia Hills,0,0,0,0,2,0,0,10,0,,0,0,0,0,1,0,0,0,7,0,0,0,0,0,0,10,0,0,0,0,0,0,0,0,0,18,2,0,0,0,0,0
2945,2020,Meghalaya,17,East Khasi Hills,274,East Khasi Hills,0,1,0,0,0,0,2,0,0,,1,0,3,0,0,0,0,0,12,0,4,0,45,0,12,0,0,0,0,0,0,0,0,4,0,52,22,1,1,0,0,0
2946,2020,Meghalaya,17,South West Khasi Hills,658,South West Khasi Hills,0,0,0,0,0,0,0,1,0,,0,0,0,0,0,0,0,0,2,0,2,0,3,0,0,0,0,0,0,0,0,0,0,0,0,8,2,0,0,0,0,0
2947,2020,Meghalaya,17,West Khasi Hills,279,West Khasi Hills,0,0,0,0,0,0,2,0,0,,0,0,0,0,0,0,0,0,12,0,3,0,3,0,0,0,0,0,0,0,0,0,0,0,0,33,6,0,0,0,0,0
2948,2020,Meghalaya,17,Ri Bhoi,276,Ri-Bhoi,0,0,0,0,0,0,3,0,0,,0,0,0,0,0,0,0,0,13,0,3,0,6,0,1,0,0,0,0,0,0,0,0,2,0,38,11,2,0,1,0,0
2949,2020,Meghalaya,17,East Khasi Hills,274,Cyber Cell,0,0,0,0,0,0,0,0,0,,0,0,0,0,0,0,0,0,0,0,0,0,0,0,0,0,0,0,0,0,0,0,0,0,1,0,0,0,0,0,0,0
2950,2020,Mizoram,15,Aizawl,261,Aizawl,0,0,0,0,0,0,5,0,0,,0,0,0,0,0,0,0,0,12,0,0,7,11,0,2,0,0,0,0,0,0,0,0,0,0,10,16,0,0,2,0,0
2951,2020,Mizoram,15,Champhai,262,Champhai,0,0,0,0,0,0,0,0,0,,0,0,0,0,0,0,0,0,1,0,1,2,0,0,0,0,0,0,0,0,0,0,0,1,0,5,9,0,0,0,0,0
2952,2020,Mizoram,15,Kolasib,263,Kolasib,0,0,0,0,0,0,1,0,0,,0,0,0,0,0,0,0,0,2,0,0,1,3,0,1,0,0,0,0,0,0,0,0,0,0,8,5,0,0,0,0,0
2953,2020,Mizoram,15,Lawngtlai,264,Lawngtlai,0,0,0,0,0,0,0,0,0,,0,0,0,0,0,0,0,0,0,0,0,0,1,0,0,0,0,0,0,0,0,0,0,0,0,8,3,0,0,0,0,0
2954,2020,Mizoram,15,Lunglei,265,Lunglei,0,0,0,0,0,0,0,0,0,,0,0,0,0,0,0,0,0,0,0,0,0,3,0,0,0,0,0,0,0,0,0,0,0,0,14,0,0,0,0,0,0
2955,2020,Mizoram,15,Mamit,266,Mamit,0,0,0,0,0,0,0,1,0,,0,0,0,0,0,0,0,0,1,0,0,5,3,0,0,0,0,0,0,0,0,0,0,0,0,3,4,1,0,0,0,0
2956,2020,Mizoram,15,Siaha,267,Saiha,0,0,0,0,0,0,0,0,0,,0,0,0,0,0,0,0,0,0,0,0,0,1,0,0,0,0,0,0,0,0,0,0,0,0,3,0,0,0,0,0,0
2957,2020,Mizoram,15,Serchhip,268,Serchhip,0,0,0,0,0,0,0,0,0,,0,0,0,0,0,0,0,0,0,0,0,0,1,0,0,0,0,0,0,0,0,0,0,0,0,2,2,0,0,0,0,0
2958,2020,Mizoram,15,Aizawl,261,Spl Narcotic,0,0,0,0,0,0,0,0,0,,0,0,0,0,0,0,0,0,0,0,0,0,0,0,0,0,0,0,0,0,0,0,0,0,0,0,0,0,0,0,0,0
2959,2020,Mizoram,15,Saitual,727,Saitual,0,0,0,0,0,0,0,0,0,,0,0,0,0,0,0,0,0,0,0,0,0,0,0,0,0,0,0,0,0,0,0,0,0,0,0,0,0,0,0,0,0
2960,2020,Mizoram,15,Khawzawl,728,Khawzawl,0,0,0,0,0,0,1,0,0,,0,0,0,0,0,0,0,0,2,0,0,0,3,0,0,0,0,0,0,0,0,0,0,0,0,3,0,0,0,0,0,0
2961,2020,Mizoram,15,Hnahthial,726,Hnahthial,0,0,0,0,0,0,0,0,0,,0,0,0,0,0,0,0,0,0,0,0,0,0,0,0,0,0,0,0,0,0,0,0,0,0,1,1,0,0,0,0,0
2962,2020,Mizoram,15,Aizawl,261,Cyber,0,0,0,0,0,0,0,0,0,,0,0,0,0,0,0,0,0,0,0,0,0,0,0,0,0,0,0,0,0,0,0,0,0,0,0,0,0,0,0,0,0
2963,2020,Nagaland,13,Dimapur,244,Dimapur,0,0,0,0,0,0,1,3,0,,0,0,0,0,0,0,0,0,2,0,0,0,5,0,2,0,0,0,0,0,0,0,0,0,0,4,1,1,0,0,0,0
2964,2020,Nagaland,13,Kiphire,614,Kiphire,0,0,0,0,0,0,0,0,0,,0,0,0,0,0,0,0,0,0,0,0,1,0,0,0,0,0,0,0,0,0,0,0,0,0,0,0,0,0,0,0,0
2965,2020,Nagaland,13,Kohima,245,Kohima,0,0,0,0,0,0,0,0,0,,0,0,0,0,0,0,0,0,0,0,0,0,0,0,0,0,0,0,0,0,0,0,0,0,0,4,0,0,0,0,0,0
2966,2020,Nagaland,13,Longleng,615,Longleng,0,0,0,0,0,0,0,0,0,,0,0,0,0,0,0,0,0,0,0,0,0,0,0,0,0,0,0,0,0,0,0,0,0,0,0,0,0,0,0,0,0
2967,2020,Nagaland,13,Mokokchung,246,Mokokchung,0,0,0,0,0,0,0,0,0,,0,0,0,0,0,0,0,0,0,0,0,0,2,0,0,0,0,0,0,0,0,0,0,0,0,0,0,0,0,0,0,0
2968,2020,Nagaland,13,Mon,247,Mon,0,0,0,0,0,0,0,2,0,,0,0,0,0,0,0,0,0,0,0,0,0,0,0,0,0,0,0,0,0,0,0,0,0,0,1,1,0,0,0,0,0
2969,2020,Nagaland,13,Peren,613,Peren,0,0,0,0,0,0,0,0,0,,0,0,0,0,0,0,0,0,0,0,0,0,0,0,0,0,0,0,0,0,0,0,0,0,0,0,0,0,0,0,0,0
2970,2020,Nagaland,13,Phek,248,Phek,0,0,0,0,0,0,0,0,0,,0,0,0,0,0,0,0,0,1,0,0,0,0,0,0,0,0,0,0,0,0,0,0,0,0,1,0,0,0,0,0,0
2971,2020,Nagaland,13,Tuensang,249,Tuensang,0,1,0,0,0,0,0,0,0,,0,0,0,0,0,0,0,0,0,0,0,0,0,0,0,0,0,0,0,0,0,0,0,0,0,0,0,0,0,0,0,0
2972,2020,Nagaland,13,Wokha,250,Wokha,0,0,0,0,0,0,0,0,0,,0,0,0,0,0,0,0,0,0,0,0,0,0,0,0,0,0,0,0,0,0,0,0,0,0,2,0,0,0,0,0,0
2973,2020,Nagaland,13,Zunheboto,251,Zunheboto,0,0,0,0,0,0,1,0,0,,0,0,0,0,1,0,0,0,0,0,0,0,0,0,0,0,0,0,0,0,0,0,0,0,0,2,0,0,0,0,0,0
2974,2020,Odisha,21,Anugul,344,Angul,0,7,0,0,0,0,290,125,0,,0,0,0,0,0,1,0,0,46,0,3,0,667,0,13,0,0,0,0,0,0,1,0,12,0,62,19,0,0,0,0,0
2975,2020,Odisha,21,Baleshwar,346,Balasore,3,32,1,0,0,0,406,213,0,,3,0,10,0,0,0,0,0,65,51,12,0,622,0,38,0,0,0,0,0,0,1,0,19,19,95,12,1,10,0,0,0
2976,2020,Odisha,21,Bargarh,347,Baragarh,0,8,0,0,0,0,45,66,0,,0,0,0,0,0,0,0,0,34,0,5,0,281,0,17,0,0,0,0,0,0,0,0,2,5,14,20,0,0,0,0,0
2977,2020,Odisha,21,Baleshwar,346,Berhampur,0,6,0,0,0,0,108,62,0,,0,0,0,0,0,0,0,0,32,0,2,0,384,0,32,0,0,0,0,0,0,0,0,3,2,37,16,0,0,0,0,0
2978,2020,Odisha,21,Bhadrak,348,Bhadrak,0,23,0,0,0,0,112,221,0,,0,0,0,0,0,0,0,0,34,0,5,0,348,0,21,0,0,0,0,0,0,1,0,22,8,58,31,0,0,0,0,0
2979,2020,Odisha,21,Balangir,345,Bolangir,0,4,0,0,0,0,124,108,0,,0,0,0,0,0,19,0,0,25,0,2,0,599,0,24,0,0,0,0,0,0,1,0,6,0,50,11,0,0,0,0,0
2980,2020,Odisha,21,Boudh,349,Boudh,0,4,0,0,0,0,38,28,0,,0,0,0,0,0,0,0,0,11,0,0,0,104,0,0,0,0,0,0,0,0,2,0,1,0,18,5,0,0,0,0,0
2981,2020,Odisha,21,Cuttack,350,Cuttack,0,26,0,0,0,0,52,141,0,,0,0,0,0,0,0,0,0,37,0,4,0,323,0,4,0,0,0,0,0,0,0,0,12,16,37,4,0,0,0,0,0
2982,2020,Odisha,21,Khordha,362,Dcp Bhubaneswar,2,11,0,0,0,0,89,154,0,,0,0,0,0,0,1,0,0,49,0,0,0,256,0,25,0,0,0,0,0,0,0,0,16,10,64,10,0,0,0,0,0
2983,2020,Odisha,21,Cuttack,350,Dcp Cuttack,0,5,0,0,0,0,109,130,0,,0,0,0,0,0,0,0,0,20,0,3,0,223,0,8,0,0,0,0,0,0,0,0,31,0,30,15,0,0,0,0,0
2984,2020,Odisha,21,Deogarh,351,Deogarh,0,2,1,0,0,0,36,16,0,,0,0,0,0,0,0,0,0,16,0,1,17,89,0,20,0,0,0,0,0,0,0,0,1,1,0,0,0,0,0,0,0
2985,2020,Odisha,21,Dhenkanal,352,Dhenkanal,1,6,3,0,1,0,99,81,0,,52,0,0,0,0,2,0,0,44,19,1,0,494,0,26,0,156,0,2,0,0,0,0,4,0,42,36,0,22,0,0,0
2986,2020,Odisha,21,Gajapati,353,Gajapati,0,1,0,0,0,0,21,35,0,,0,0,0,0,0,1,0,0,9,0,0,0,139,0,9,0,0,0,0,0,0,0,0,0,4,42,7,0,0,0,0,0
2987,2020,Odisha,21,Ganjam,354,Ganjam,0,10,0,0,0,0,158,52,0,,0,0,0,0,0,0,0,0,56,0,8,0,595,0,35,0,0,0,0,0,1,0,0,14,0,53,20,0,0,0,0,0
2988,2020,Odisha,21,Jagatsinghapur,355,Jagatsinghpur,0,23,0,0,0,0,89,137,0,,0,0,0,0,0,3,0,0,40,0,8,0,652,0,25,0,0,0,0,0,0,1,0,8,9,37,24,0,0,0,0,0
2989,2020,Odisha,21,Jajapur,356,Jajpur,1,34,0,0,1,0,93,202,0,,0,0,0,0,0,0,0,0,57,0,8,0,848,0,6,0,0,0,0,0,0,1,0,32,12,98,18,0,0,0,0,0
2990,2020,Odisha,21,Jharsuguda,357,Jharsuguda,0,3,0,0,0,0,56,54,0,,0,0,0,0,0,0,0,0,27,0,3,0,222,0,11,0,0,0,0,0,0,0,0,13,3,29,15,0,0,0,0,0
2991,2020,Odisha,21,Kalahandi,358,Kalahandi,0,3,0,0,0,0,101,127,0,,0,0,0,0,0,1,0,0,38,0,12,0,447,0,28,0,0,0,0,0,0,1,0,2,15,48,19,0,0,0,0,0
2992,2020,Odisha,21,Kandhamal,359,Kandhamal,0,3,0,0,1,0,56,66,0,,0,0,0,0,0,2,0,0,47,0,4,0,106,0,19,0,0,0,0,0,0,0,0,6,1,18,23,0,0,0,0,0
2993,2020,Odisha,21,Kendrapara,360,Kendrapara,0,21,0,0,0,0,248,176,0,,0,0,0,0,0,0,0,0,37,0,9,0,794,0,10,0,0,0,0,0,0,0,0,4,27,61,25,0,0,0,0,0
2994,2020,Odisha,21,Kendujhar,361,Keonjhar,1,6,0,0,0,0,100,83,0,,0,0,0,0,50,1,0,0,33,0,4,0,374,0,16,0,0,0,0,0,0,0,0,8,4,69,16,0,0,0,0,0
2995,2020,Odisha,21,Khordha,362,Khurda,0,16,0,0,1,0,62,72,0,,0,0,0,0,0,1,0,0,17,0,2,0,305,0,19,0,0,0,0,0,0,0,0,5,9,40,5,0,0,0,0,0
2996,2020,Odisha,21,Koraput,363,Koraput,1,0,4,0,0,0,103,97,0,,0,0,0,0,0,0,0,0,33,0,1,0,323,0,4,0,0,0,0,0,0,0,0,8,7,65,1,0,0,0,0,0
2997,2020,Odisha,21,Malkangiri,364,Malkangiri,0,3,0,0,0,0,75,80,0,,0,0,0,0,0,8,0,0,15,0,1,0,192,0,9,0,0,0,0,0,0,2,0,4,1,46,10,0,0,0,0,0
2998,2020,Odisha,21,Mayurbhanj,365,Mayurbhanj,4,7,0,0,0,0,294,271,0,,0,0,0,0,0,5,0,0,138,0,18,0,502,0,60,0,0,0,0,0,0,0,0,12,34,102,39,0,1,0,0,3
2999,2020,Odisha,21,Nayagarh,367,Nayagarh,3,16,0,0,1,0,42,68,0,,0,0,0,0,0,0,0,0,18,13,2,0,157,0,1,0,118,0,0,0,0,0,0,11,0,32,26,0,0,0,0,0
3000,2020,Odisha,21,Nabarangpur,366,Nabarangpur,0,3,2,0,0,0,91,101,1,,47,0,0,0,0,3,0,0,26,0,2,0,275,0,13,0,0,0,1,0,0,0,0,1,1,83,7,16,0,0,0,0
3001,2020,Odisha,21,Nuapada,368,Nuapada,0,0,0,0,0,0,26,51,0,,0,0,0,0,0,0,0,0,3,0,0,0,123,0,9,0,0,0,0,0,0,0,0,2,3,18,5,0,0,0,0,0
3002,2020,Odisha,21,Puri,369,Puri,0,20,0,0,0,0,123,177,0,,0,0,0,0,0,0,0,0,53,0,9,0,1027,0,44,0,0,0,0,0,0,2,0,9,10,54,16,0,0,0,0,0
3003,2020,Odisha,21,Rayagada,370,Rayagada,1,3,3,1,0,0,93,76,0,,0,0,0,0,3,3,0,0,22,9,2,0,182,0,30,0,38,0,0,0,0,0,0,3,3,66,9,0,0,0,0,0
3004,2020,Odisha,21,Sundargarh,373,Rourkela,0,6,0,0,1,0,73,90,0,,0,0,0,0,0,3,0,0,39,0,8,0,202,0,11,0,0,0,0,0,0,0,0,4,7,44,21,0,0,0,0,0
3005,2020,Odisha,21,Sambalpur,371,Sambalpur,1,5,0,0,0,0,136,76,0,,0,0,0,0,0,2,0,0,31,0,3,0,434,0,19,0,0,0,0,0,0,1,0,3,7,46,17,0,0,0,0,0
3006,2020,Odisha,21,Sonepur,372,Sonepur,0,3,0,0,0,0,11,17,0,,0,0,0,0,0,0,0,0,12,0,0,0,98,0,7,0,0,0,0,0,0,1,0,0,4,17,3,0,0,0,0,0
3007,2020,Odisha,21,Cuttack,350,Srp(Cuttack),0,0,0,0,0,0,1,0,0,,0,0,0,0,0,0,0,0,2,0,0,0,4,0,0,0,0,0,0,0,0,0,0,0,0,0,0,0,0,0,0,0
3008,2020,Odisha,21,Sundargarh,373,Srp(Rourkela),0,0,0,0,0,0,1,2,0,,0,0,0,0,0,0,0,0,0,0,0,0,5,0,0,0,0,0,0,0,0,0,0,0,0,0,1,0,0,0,0,0
3009,2020,Odisha,21,Sundargarh,373,Sundargarh,0,0,2,1,0,0,98,57,0,,0,0,0,0,2,0,0,0,28,0,2,0,195,0,2,0,0,0,0,0,0,0,0,1,7,54,14,0,0,0,0,0
3010,2020,Punjab,3,Amritsar,27,Amritsar Rural,0,2,0,0,0,0,37,0,0,,13,0,0,0,3,0,0,0,19,56,1,0,46,4,1,0,0,0,0,0,0,0,0,0,0,22,7,0,0,0,0,0
3011,2020,Punjab,3,Barnala,605,Barnala,0,3,9,1,0,0,15,0,0,,12,0,0,0,1,0,0,0,8,19,1,0,17,0,0,0,0,0,0,0,0,4,0,0,0,13,2,0,0,0,0,0
3012,2020,Punjab,3,Gurdaspur,32,Batala,0,2,6,0,0,0,36,0,0,,23,0,0,0,0,0,0,0,7,19,2,0,16,0,0,0,0,0,0,0,0,0,0,0,0,12,3,0,0,0,0,0
3013,2020,Punjab,3,Bathinda,28,Bathinda,1,3,12,0,0,0,46,4,0,,4,0,0,0,0,0,0,0,33,35,0,0,34,0,1,0,0,0,0,0,0,0,0,0,0,33,6,0,0,0,0,0
3014,2020,Punjab,3,Amritsar,27,Cp Amritsar,0,2,5,0,0,0,60,1,0,,9,0,0,0,5,0,0,0,15,55,0,0,43,1,0,0,1,0,0,0,0,0,0,0,2,22,6,0,0,0,0,0
3015,2020,Punjab,3,Jalandhar,34,Cp Jalandhar,0,4,6,0,0,0,94,2,0,,4,0,0,0,2,0,0,0,9,52,0,0,18,1,0,0,0,1,0,0,0,0,0,0,0,21,6,1,0,0,0,0
3016,2020,Punjab,3,Ludhiana,36,Cp Ludhiana,0,3,17,0,0,0,104,0,0,,11,0,0,0,0,0,0,0,36,108,1,1,45,5,1,0,0,0,0,0,0,0,0,1,11,60,14,0,0,0,0,0
3017,2020,Punjab,3,Faridkot,29,Faridkot,0,1,5,0,0,0,12,0,0,,7,0,0,0,0,0,0,0,10,31,2,0,21,2,0,0,0,0,0,0,0,0,0,0,0,11,4,0,0,0,0,0
3018,2020,Punjab,3,Fatehgarh Sahib,30,Fatehgarh Sahib,0,1,7,0,0,0,41,0,0,,0,0,0,0,0,0,0,0,9,24,0,0,14,0,1,0,2,0,0,0,0,0,0,0,0,11,3,0,0,0,0,0
3019,2020,Punjab,3,Fazilka,651,Fazilka,0,1,11,0,0,0,47,0,0,,7,0,0,0,2,0,0,0,38,26,1,0,32,0,4,1,1,0,0,0,0,0,0,0,1,49,14,0,0,0,0,0
3020,2020,Punjab,3,Patiala,41,Grp,1,0,0,0,0,0,0,0,0,,0,0,0,0,0,0,0,0,0,0,0,0,0,0,0,0,0,0,0,0,0,0,0,0,0,0,1,0,0,0,0,0
3021,2020,Punjab,3,Gurdaspur,32,Gurdaspur,0,2,4,0,0,0,52,0,0,,9,0,0,0,2,0,0,0,10,22,0,0,14,1,0,0,0,0,0,0,0,0,0,0,0,10,1,0,0,0,0,0
3022,2020,Punjab,3,Hoshiarpur,33,Hoshiarpur,1,2,15,1,0,0,97,2,0,,0,0,0,0,4,0,0,0,21,40,0,0,27,0,3,4,0,0,0,0,0,0,0,0,0,18,4,0,0,0,0,0
3023,2020,Punjab,3,Jalandhar,34,Jalandhar Rural,1,0,8,0,0,0,33,0,0,,5,0,0,0,2,1,0,0,16,27,0,0,37,1,0,0,0,1,0,0,0,0,0,0,0,20,5,0,0,0,0,0
3024,2020,Punjab,3,Kapurthala,35,Kapurthala,0,1,5,0,0,0,20,0,0,,17,0,0,0,0,0,0,0,13,51,5,0,21,0,3,0,0,0,0,0,0,0,0,2,4,22,4,0,0,0,0,0
3025,2020,Punjab,3,Ludhiana,36,Khanna,0,1,5,0,0,0,14,0,0,,19,0,0,0,0,0,0,0,9,9,0,0,17,0,0,0,0,0,0,0,0,0,0,0,0,11,3,0,0,0,0,0
3026,2020,Punjab,3,Ludhiana,36,Ludhiana Rural,0,4,3,2,0,0,10,0,0,,11,0,0,0,1,0,0,0,7,20,0,0,12,0,0,0,0,0,0,0,0,0,0,1,0,14,0,0,4,0,0,0
3027,2020,Punjab,3,Mansa,37,Mansa,0,3,8,0,0,0,17,0,0,,10,0,0,0,0,0,0,0,17,21,0,0,9,1,5,0,0,0,0,0,0,3,0,0,0,26,5,0,0,1,0,0
3028,2020,Punjab,3,Moga,38,Moga,1,1,4,0,0,0,16,1,0,,0,0,0,0,1,0,0,0,9,22,0,0,19,0,0,0,0,0,0,0,0,0,0,6,1,11,3,0,0,0,0,0
3029,2020,Punjab,3,Sri Muktsar Sahib,39,Muktsar,0,2,10,3,0,0,23,1,1,,0,0,0,0,1,0,0,0,21,43,1,0,31,3,5,0,2,0,0,0,0,0,0,0,0,14,9,0,0,0,0,0
3030,2020,Punjab,3,Pathankot,662,Pathankot,0,1,1,0,0,0,31,0,0,,9,0,0,0,0,0,0,0,15,19,1,0,13,0,0,0,0,0,0,0,0,0,0,1,0,15,3,0,1,1,0,0
3031,2020,Punjab,3,Patiala,41,Patiala,0,6,20,0,1,1,112,0,0,,11,0,0,0,5,1,0,0,19,66,4,0,46,2,0,0,0,0,0,1,0,0,0,2,0,32,11,0,0,0,0,0
3032,2020,Punjab,3,Rupnagar,42,Ropar,0,0,4,0,0,0,27,0,0,,15,0,0,0,0,0,0,0,14,10,1,20,28,1,0,0,0,0,0,0,0,0,0,0,0,0,0,0,0,0,0,0
3033,2020,Punjab,3,Sangrur,43,Sangrur,0,2,0,0,1,0,58,0,0,,4,0,0,0,0,0,0,0,21,59,1,41,56,1,4,13,1,0,0,0,0,0,0,0,0,0,0,0,0,0,0,0
3034,2020,Punjab,3,Tarn Taran,609,Tarn Taran,0,4,7,0,0,0,22,0,0,,3,0,0,0,0,0,0,0,14,29,2,0,23,0,0,0,0,0,0,0,0,0,0,6,0,22,7,0,0,0,0,0
3035,2020,Punjab,3,S.A.S Nagar,608,Bureau Of Investigation,0,0,0,0,0,0,0,0,0,,0,0,0,0,0,0,0,0,0,0,0,0,3,0,0,0,0,0,0,0,0,0,0,3,0,0,0,0,0,0,0,0
3036,2020,Punjab,3,S.A.S Nagar,608,Intelligence Wing,0,0,0,0,0,0,0,0,0,,0,0,0,0,0,0,0,0,0,0,0,0,0,0,0,0,0,0,0,0,0,0,0,0,0,0,0,0,0,0,0,0
3037,2020,Punjab,3,S.A.S Nagar,608,Nri Wing,0,0,0,0,0,0,105,0,0,,0,0,0,0,0,0,0,0,1,0,0,0,0,0,0,0,0,0,0,0,0,0,0,0,0,0,0,0,0,0,0,0
3038,2020,Punjab,3,Amritsar,27,Special Task Force,0,0,0,0,0,0,0,0,0,,0,0,0,0,0,0,0,0,0,0,0,0,0,0,0,0,0,0,0,0,0,0,0,0,0,0,0,0,0,0,0,0
3039,2020,Rajasthan,8,Ajmer,86,Ajmer,1,13,13,0,0,0,724,180,0,,15,6,0,0,8,0,0,0,150,30,44,58,533,8,23,56,0,1,0,0,0,1,0,2,2,0,1,0,0,0,0,0
3040,2020,Rajasthan,8,Alwar,87,Alwar,0,21,1,0,0,0,464,44,0,,0,0,0,0,24,0,0,0,171,46,104,45,330,0,0,24,0,1,0,0,0,5,0,0,0,0,0,0,0,0,0,0
3041,2020,Rajasthan,8,Banswara,88,Banswara,0,11,9,0,0,0,156,12,0,,68,0,0,0,14,0,0,0,69,21,6,24,139,0,1,1,0,0,0,0,0,0,0,0,0,0,0,0,0,2,0,0
3042,2020,Rajasthan,8,Baran,89,Baran,0,4,10,0,0,0,268,104,0,,30,1,0,0,2,0,0,0,83,7,11,38,259,1,4,78,0,0,0,0,0,2,0,0,0,0,0,0,0,0,0,0
3043,2020,Rajasthan,8,Barmer,90,Barmer,1,24,4,0,0,0,370,3,0,,45,0,0,0,3,0,0,0,173,39,54,54,356,16,0,58,0,0,0,0,0,2,0,2,0,0,0,0,0,0,0,0
3044,2020,Rajasthan,8,Bharatpur,91,Bharatpur,0,41,2,0,0,0,771,39,0,,22,0,0,0,70,0,0,0,213,0,153,47,76,0,0,9,0,0,0,0,0,0,0,0,0,0,0,0,0,110,1,0
3045,2020,Rajasthan,8,Bhilwara,92,Bhilwara,0,12,12,0,0,0,551,32,0,,2,0,2,0,123,0,0,0,150,30,23,23,381,0,1,11,0,1,0,0,0,2,0,0,0,0,0,0,0,0,0,0
3046,2020,Rajasthan,8,Bikaner,93,Bikaner,0,15,8,0,0,0,431,33,0,,28,0,0,0,15,0,0,0,116,0,26,50,183,0,5,28,0,0,0,0,0,0,0,0,0,0,0,0,0,17,0,0
3047,2020,Rajasthan,8,Bundi,94,Bundi,0,3,1,0,0,0,244,31,0,,8,0,0,0,87,0,0,0,90,0,6,13,217,0,0,25,0,0,0,0,0,1,0,0,0,0,0,2,0,12,0,0
3048,2020,Rajasthan,8,Chittorgarh,95,Chittorgarh,0,7,9,1,0,0,426,63,0,,12,0,0,0,97,0,0,0,99,0,2,25,201,0,1,27,0,0,0,4,0,0,0,0,0,0,0,0,0,0,0,0
3049,2020,Rajasthan,8,Churu,96,Churu,0,12,6,0,0,0,377,7,0,,9,0,0,0,68,0,0,0,114,0,8,26,77,9,1,15,0,1,0,0,0,0,0,0,0,0,0,0,0,0,0,0
3050,2020,Rajasthan,8,Dausa,97,Dausa,0,15,1,0,0,0,225,1,0,,6,0,0,0,89,0,0,0,98,0,20,16,44,0,0,9,0,0,0,0,0,2,0,0,0,0,0,1,3,0,0,0
3051,2020,Rajasthan,8,Dholpur,98,Dholpur,0,32,1,0,0,0,256,26,0,,17,0,0,0,41,0,0,0,69,2,33,27,149,0,0,42,0,0,0,0,0,0,0,0,0,0,0,0,17,0,0,0
3052,2020,Rajasthan,8,Dungarpur,99,Dungarpur,0,3,2,0,0,0,108,0,0,,38,0,0,0,1,0,0,0,61,148,5,36,123,1,0,6,0,0,0,0,0,2,0,0,0,0,0,0,0,0,0,0
3053,2020,Rajasthan,8,Ajmer,86,Grp Ajmer,0,1,0,0,0,0,0,0,0,,0,0,0,0,0,0,0,0,2,0,0,0,4,0,1,0,0,0,0,0,0,0,0,0,0,0,0,0,0,0,0,0
3054,2020,Rajasthan,8,Jodhpur,107,Grp Jodhpur,0,0,1,0,0,0,0,1,0,,0,0,0,0,0,0,0,0,0,0,0,1,1,0,0,1,0,0,0,0,0,0,0,0,0,0,0,0,0,0,0,0
3055,2020,Rajasthan,8,Ganganagar,100,Ganganagar,0,10,8,0,0,0,693,72,0,,4,0,0,0,63,0,0,0,162,7,28,38,244,6,1,48,0,0,1,0,0,0,0,2,1,0,0,0,0,1,0,0
3056,2020,Rajasthan,8,Hanumangarh,101,Hanumangarh,2,18,4,0,0,0,522,45,0,,1,0,0,0,38,0,0,0,119,3,24,53,173,5,2,31,0,0,0,0,0,0,0,0,0,0,0,0,0,0,0,0
3057,2020,Rajasthan,8,Jaipur,102,Jaipur East,0,5,4,0,0,0,228,55,0,,9,0,0,0,5,0,0,0,82,3,10,16,145,2,1,12,0,0,0,0,0,0,0,0,0,0,0,0,0,0,0,0
3058,2020,Rajasthan,8,Jaipur,102,Jaipur North,0,9,1,0,0,0,211,32,0,,2,0,0,0,39,0,0,0,65,0,3,15,82,0,3,10,0,0,0,0,0,1,0,0,0,0,0,0,0,0,0,0
3059,2020,Rajasthan,8,Jaipur,102,Jaipur Rural,0,12,5,0,1,0,288,22,0,,12,1,0,0,69,0,0,0,83,7,33,40,128,0,0,14,0,0,0,0,0,1,0,3,0,0,0,0,0,16,0,0
3060,2020,Rajasthan,8,Jaipur,102,Jaipur South,0,4,3,0,0,0,233,37,0,,4,1,0,0,64,0,0,0,76,7,3,23,97,2,0,14,0,0,0,1,0,0,0,3,0,1,0,0,0,1,0,0
3061,2020,Rajasthan,8,Jaipur,102,Jaipur West,0,8,4,0,0,0,371,38,0,,0,0,0,0,78,0,0,0,99,0,7,33,86,0,2,11,1,0,0,1,0,0,0,0,0,0,0,0,0,6,0,0
3062,2020,Rajasthan,8,Jaisalmer,103,Jaisalmer,0,6,0,0,0,0,66,13,0,,8,0,0,0,2,0,0,0,21,0,4,6,102,0,0,19,0,0,0,2,0,0,0,0,0,0,0,0,0,0,0,0
3063,2020,Rajasthan,8,Jalore,104,Jalore,0,17,6,0,0,0,185,35,0,,24,0,0,0,19,0,0,0,75,0,15,3,239,0,0,1,0,0,0,1,0,0,0,0,0,0,0,0,0,6,0,0
3064,2020,Rajasthan,8,Jhalawar,105,Jhalawar,1,6,10,0,0,0,439,126,0,,36,0,0,0,8,0,0,0,110,1,8,48,273,6,4,74,2,1,0,0,0,0,0,0,0,0,0,0,0,0,0,0
3065,2020,Rajasthan,8,Jhunjhunu,106,Jhunjhunu,0,8,5,0,0,0,388,45,0,,16,0,0,0,62,0,0,0,96,5,7,6,113,0,0,2,0,0,0,0,0,0,0,0,2,0,0,0,0,0,0,0
3066,2020,Rajasthan,8,Jodhpur,107,Jodhpur East,0,4,2,0,0,0,171,19,0,,0,0,0,0,21,0,0,0,42,0,2,12,127,0,3,9,0,2,0,0,2,0,0,0,0,0,0,0,0,2,0,0
3067,2020,Rajasthan,8,Jodhpur,107,Jodhpur West,0,7,4,0,0,0,198,47,0,,11,0,0,0,6,0,0,0,29,0,1,25,132,0,11,18,0,1,0,0,0,1,0,3,0,0,0,0,2,0,0,0
3068,2020,Rajasthan,8,Jodhpur,107,Jodhpur Rural,0,14,1,0,0,0,220,12,0,,0,0,0,0,52,0,0,0,73,7,8,36,218,1,0,29,0,0,0,0,0,0,0,0,0,0,0,0,0,0,0,0
3069,2020,Rajasthan,8,Karauli,108,Karauli,0,22,1,0,0,0,195,18,0,,36,0,0,0,36,0,0,0,87,1,47,29,126,0,0,16,0,0,0,0,0,1,0,4,0,0,0,0,0,0,0,0
3070,2020,Rajasthan,8,Kota,109,Kota City,0,5,3,0,0,0,318,104,0,,8,0,0,0,2,0,0,0,106,2,5,27,169,1,3,38,1,3,0,0,0,0,0,0,1,0,0,1,0,2,0,0
3071,2020,Rajasthan,8,Kota,109,Kota Rural,0,4,3,0,0,0,161,51,0,,3,0,0,0,20,0,0,0,52,0,0,24,146,1,1,30,0,0,0,0,0,0,0,0,0,0,0,1,0,0,0,0
3072,2020,Rajasthan,8,Nagaur,110,Nagaur,1,17,7,0,0,0,494,67,0,,23,0,0,0,15,1,0,0,101,0,33,48,233,0,2,27,0,1,0,0,0,0,0,0,0,0,0,0,0,0,0,0
3073,2020,Rajasthan,8,Pali,111,Pali,0,8,7,0,0,0,510,35,0,,38,0,0,0,71,1,0,0,115,0,6,22,373,0,0,46,0,0,0,0,0,0,0,0,0,0,0,0,0,0,0,0
3074,2020,Rajasthan,8,Pratapgarh,629,Pratapgarh,1,3,7,0,0,0,209,73,0,,59,0,0,0,0,0,0,0,100,2,15,33,138,0,0,8,0,0,0,0,0,0,0,0,0,0,0,0,0,4,0,0
3075,2020,Rajasthan,8,Rajsamand,112,Rajsamand,0,6,3,0,0,0,242,85,0,,12,0,0,0,25,0,0,0,54,1,13,19,177,1,0,16,0,0,0,0,0,0,0,0,0,0,0,0,0,0,0,0
3076,2020,Rajasthan,8,Sawai Madhopur,113,Sawai Madhopur,0,13,2,0,0,0,224,7,1,,46,0,0,0,18,0,0,0,85,1,17,28,205,7,0,51,0,0,0,0,2,0,0,4,0,0,0,0,0,0,0,0
3077,2020,Rajasthan,8,Sikar,114,Sikar,1,11,1,0,1,0,518,59,1,,19,0,0,0,73,0,0,0,87,3,25,42,146,0,2,30,0,0,0,0,0,0,0,0,0,0,0,0,0,0,0,0
3078,2020,Rajasthan,8,Sirohi,115,Sirohi,0,3,2,0,0,0,240,18,0,,11,0,0,0,11,0,0,0,66,6,20,30,163,0,0,6,0,0,0,0,0,1,0,0,0,0,0,0,13,0,0,0
3079,2020,Rajasthan,8,Tonk,116,Tonk,0,5,1,0,0,0,265,65,0,,6,0,0,0,34,0,0,0,83,0,26,21,113,0,1,32,0,2,0,0,0,0,0,0,0,0,0,0,0,0,0,0
3080,2020,Rajasthan,8,Udaipur,117,Udaipur,0,10,14,0,0,0,402,214,0,,38,0,0,0,12,0,0,0,160,19,11,68,267,1,3,20,0,10,0,0,0,3,0,0,1,0,4,0,0,0,0,0
3081,2020,Rajasthan,8,Jaipur,102,Jaipur Metro,0,0,0,0,0,0,0,0,0,,0,0,0,0,0,0,0,0,0,0,0,0,0,0,0,0,0,0,0,0,0,0,0,0,0,0,0,0,0,0,0,0
3082,2020,Rajasthan,8,Jaipur,102,Scrb,0,0,0,0,0,0,0,0,0,,0,0,0,0,0,0,0,0,0,0,0,0,0,0,0,0,0,0,0,0,0,0,0,0,0,0,0,0,0,0,0,0
3083,2020,Rajasthan,8,Jaipur,102,Sog,0,0,0,0,0,0,0,0,0,,0,0,0,0,0,0,0,0,0,0,1,0,1,0,0,0,0,0,0,0,0,0,0,0,0,0,0,0,0,0,0,0
3084,2020,Rajasthan,8,Jaipur,102,Ssb,0,0,0,0,0,0,0,0,0,,0,0,0,0,0,0,0,0,0,0,0,0,0,0,0,0,0,0,0,0,0,0,0,0,0,0,0,0,0,0,0,0
3085,2020,Rajasthan,8,Jaipur,102,Jaipur Crime,0,0,0,0,0,0,0,0,0,,0,0,0,0,0,0,0,0,0,0,0,0,0,0,0,0,0,0,0,0,0,0,0,0,0,0,0,0,0,0,0,0
3086,2020,Rajasthan,8,Khairthal-Tijara,770,Bhiwadi,0,30,2,0,0,0,403,81,0,,23,0,9,0,39,0,0,0,145,0,20,51,157,10,0,13,0,0,0,0,0,4,0,1,0,0,0,0,0,0,0,0
3087,2020,Sikkim,11,Gangtok,225,East,0,0,0,0,0,0,0,11,0,,0,0,0,0,0,0,0,0,4,0,0,3,15,0,0,1,0,0,0,0,0,0,0,0,0,38,10,0,0,0,0,0
3088,2020,Sikkim,11,Mangan,226,North,0,0,0,0,0,0,0,0,0,,0,0,0,0,0,0,0,0,2,0,0,0,0,0,0,0,0,0,0,0,0,0,0,0,0,5,1,0,0,0,0,0
3089,2020,Sikkim,11,Namchi,227,South,0,0,0,0,0,0,1,0,0,,0,0,0,0,0,0,0,0,3,0,1,0,2,0,0,0,0,0,0,0,0,0,0,0,0,16,10,2,0,0,0,0
3090,2020,Sikkim,11,Gyalshing,228,West,0,0,0,0,0,0,0,0,0,,0,0,0,0,0,0,0,0,0,0,0,0,0,0,0,0,0,0,0,0,0,0,0,0,0,11,2,2,0,0,0,0
3091,2020,Tamil Nadu,33,Ariyalur,610,Ariyalur,0,0,0,0,0,0,8,1,0,,0,0,5,0,0,0,0,0,9,0,0,0,6,0,0,0,0,0,0,0,0,0,0,0,0,27,9,1,0,1,0,0
3092,2020,Tamil Nadu,33,Chennai,568,Chennai,1,3,12,0,0,1,56,6,1,,2,0,4,0,1,0,0,0,31,0,1,0,61,0,7,0,9,0,96,8,1,1,0,15,25,152,58,16,2,0,2,1
3093,2020,Tamil Nadu,33,Coimbatore,569,Coimbatore,0,0,7,0,0,0,13,0,0,,3,0,0,0,0,0,0,0,7,0,0,0,2,0,0,2,0,0,0,0,0,16,0,6,0,43,21,0,0,0,0,0
3094,2020,Tamil Nadu,33,Coimbatore,569,Coimbatore City,0,0,0,0,0,0,23,0,0,,0,0,0,0,1,0,0,0,2,0,0,0,2,0,0,0,0,0,0,0,0,0,0,0,0,46,23,0,0,0,0,0
3095,2020,Tamil Nadu,33,Cuddalore,570,Cuddalore,0,18,29,0,0,0,46,0,0,,17,0,22,0,0,0,0,0,32,0,0,0,23,0,0,0,0,0,0,0,0,0,0,0,0,79,23,5,0,0,0,0
3096,2020,Tamil Nadu,33,Dharmapuri,571,Dharmapuri,0,0,5,0,0,0,10,8,0,,2,0,0,0,1,0,0,0,4,4,0,0,12,0,0,0,0,0,0,0,0,1,0,1,0,58,7,2,1,0,0,0
3097,2020,Tamil Nadu,33,Dindigul,572,Dindigul,0,0,7,0,0,0,27,2,0,,2,0,4,0,1,0,0,0,8,0,0,0,26,0,0,4,0,1,0,0,0,17,0,4,0,80,23,2,3,0,0,0
3098,2020,Tamil Nadu,33,Erode,573,Erode,0,0,2,0,0,0,5,4,0,,12,0,2,0,2,0,0,0,6,5,0,0,22,0,0,0,4,4,0,0,0,0,0,0,0,48,36,0,0,0,0,0
3099,2020,Tamil Nadu,33,Kanchipuram,574,Kanchipuram,0,0,6,0,0,0,3,0,0,,4,0,0,0,0,0,0,0,5,0,0,0,1,0,0,0,0,0,2,0,0,0,0,0,0,32,5,1,3,0,0,0
3100,2020,Tamil Nadu,33,Kanniyakumari,575,Kanyakumari,0,1,0,0,0,0,3,0,0,,0,0,0,0,0,0,0,0,11,28,0,0,10,0,0,0,48,0,0,0,0,0,0,13,0,59,25,13,2,0,0,0
3101,2020,Tamil Nadu,33,Karur,576,Karur,0,1,8,0,0,0,10,0,0,,3,0,0,0,0,0,0,0,4,2,0,0,20,0,0,0,3,0,0,0,0,4,0,0,0,22,6,2,0,0,0,0
3102,2020,Tamil Nadu,33,Krishnagiri,577,Krishnagiri,0,0,5,0,0,0,5,0,0,,5,0,0,0,0,0,0,0,4,7,0,0,14,0,0,0,0,0,0,0,0,3,0,0,0,40,6,1,1,0,0,0
3103,2020,Tamil Nadu,33,Madurai,578,Madurai,0,1,3,0,0,0,25,1,0,,9,0,0,0,0,0,0,0,17,1,3,0,26,0,0,0,4,0,0,0,0,0,0,3,0,70,39,6,4,1,0,0
3104,2020,Tamil Nadu,33,Madurai,578,Madurai City,0,1,0,0,0,0,87,0,0,,1,0,0,0,0,0,0,0,8,8,0,0,18,0,5,0,0,17,0,0,0,0,0,4,0,52,27,0,0,0,0,0
3105,2020,Tamil Nadu,33,Nagapattinam,579,Nagapattinam,0,0,0,0,0,0,5,0,0,,11,0,0,0,0,0,0,0,14,0,0,0,48,0,0,0,0,0,0,0,0,0,0,0,0,46,20,0,0,0,0,0
3106,2020,Tamil Nadu,33,Namakkal,580,Namakkal,0,0,5,0,0,0,7,0,0,,4,0,0,0,0,0,0,0,2,7,0,0,26,0,0,0,5,0,0,0,0,2,0,1,0,54,5,8,0,0,0,0
3107,2020,Tamil Nadu,33,The Nilgiris,587,Nilgiris,0,0,4,0,0,0,1,1,0,,0,0,0,0,0,0,0,0,7,0,0,0,11,0,1,0,0,0,0,0,0,0,0,0,0,45,0,0,0,17,0,1
3108,2020,Tamil Nadu,33,Perambalur,581,Perambalur,0,1,5,0,0,0,1,0,0,,0,0,1,0,0,0,0,0,3,0,0,0,12,0,0,0,1,0,0,0,0,0,0,0,0,30,6,0,0,0,0,0
3109,2020,Tamil Nadu,33,Pudukkottai,582,Pudukottai,1,1,5,0,0,0,19,0,0,,14,0,0,0,0,0,0,0,7,0,0,0,51,0,1,0,5,0,0,0,0,0,0,66,0,24,16,2,0,0,0,0
3110,2020,Tamil Nadu,33,Ramanathapuram,583,Ramnathapuram,0,0,0,0,0,0,9,0,0,,16,0,0,0,0,0,0,0,15,0,0,0,23,0,0,0,17,0,0,0,0,0,0,5,0,51,30,9,2,0,0,0
3111,2020,Tamil Nadu,33,Chennai,568,Railway Chennai,0,0,2,0,0,0,0,0,0,,0,0,0,0,0,2,0,0,0,0,0,0,1,0,0,0,0,0,0,0,0,0,0,0,0,1,0,0,0,0,0,0
3112,2020,Tamil Nadu,33,Tiruchirappalli,591,Railway Trichy,0,0,0,0,0,0,0,0,0,,0,0,0,0,0,0,0,0,0,0,0,0,0,0,1,0,0,0,0,0,0,0,0,0,0,0,0,0,0,0,0,0
3113,2020,Tamil Nadu,33,Salem,584,Salem,0,1,10,0,0,0,4,0,0,,0,0,0,0,0,0,0,0,6,33,0,0,69,0,0,0,0,2,0,0,0,0,0,0,0,72,16,0,0,0,0,0
3114,2020,Tamil Nadu,33,Salem,584,Salem City,0,0,0,0,0,0,9,7,0,,2,0,0,0,0,0,0,0,1,0,0,0,7,0,0,0,5,17,0,0,0,0,0,0,0,48,0,0,19,0,0,0
3115,2020,Tamil Nadu,33,Sivaganga,585,Sivagangai,0,0,9,0,0,0,24,6,0,,14,0,8,0,0,0,0,0,9,0,0,0,24,0,0,0,0,0,1,0,0,0,0,0,0,49,9,2,2,0,0,0
3116,2020,Tamil Nadu,33,Thanjavur,586,Thanjavur,0,2,14,0,0,0,21,0,0,,11,0,0,0,0,0,0,0,3,0,1,0,84,0,2,0,7,0,0,0,0,0,0,3,8,41,8,1,0,4,0,0
3117,2020,Tamil Nadu,33,Theni,588,Theni,0,3,5,0,0,0,15,0,0,,0,0,0,0,0,0,0,0,5,1,0,0,10,0,0,0,0,2,3,0,0,0,0,0,1,59,17,13,1,0,0,0
3118,2020,Tamil Nadu,33,Tirunelveli,592,Thirunelveli,0,0,4,0,0,0,12,1,0,,2,0,0,0,0,1,0,0,8,0,4,0,43,0,0,1,2,0,0,0,0,3,0,0,4,51,8,9,5,2,0,0
3119,2020,Tamil Nadu,33,Tirunelveli,592,Thirunelveli City,0,0,1,0,0,0,11,0,0,,2,0,0,0,0,0,0,0,2,0,0,0,12,0,5,0,9,0,0,0,0,3,0,0,0,23,13,0,0,0,0,0
3120,2020,Tamil Nadu,33,Thiruvallur,589,Thiruvallur,1,1,12,0,0,0,11,0,0,,2,0,0,0,0,0,0,0,8,1,0,0,8,0,0,0,1,0,0,0,0,0,0,0,0,56,4,12,1,1,0,0
3121,2020,Tamil Nadu,33,Tiruvannamalai,593,Thiruvannamalai,0,1,21,0,0,0,10,2,0,,12,0,16,0,0,0,0,0,16,0,3,0,10,0,0,0,6,0,0,0,0,0,0,0,0,64,6,4,1,1,0,0
3122,2020,Tamil Nadu,33,Thiruvarur,590,Thiruvarur,0,0,0,0,0,0,9,0,0,,43,1,14,0,0,0,0,0,10,0,1,0,25,0,3,1,0,1,0,0,0,0,0,3,1,46,8,7,0,0,0,0
3123,2020,Tamil Nadu,33,Tuticorin,594,Thoothukudi,0,0,7,0,0,0,43,0,0,,7,0,0,0,0,0,0,0,10,3,0,0,17,0,1,0,2,6,0,0,0,0,0,1,0,90,23,8,2,0,0,0
3124,2020,Tamil Nadu,33,Tiruppur,634,Tiruppur,0,0,8,0,0,0,7,0,0,,1,0,0,0,2,0,0,0,4,0,0,0,17,0,0,0,3,0,0,0,0,0,0,7,0,39,19,0,0,0,0,0
3125,2020,Tamil Nadu,33,Tiruppur,634,Tiruppur City,0,0,1,0,0,0,8,0,0,,0,0,0,0,0,0,0,0,2,1,0,0,5,0,0,0,1,6,0,0,0,0,0,0,0,22,13,0,0,0,0,0
3126,2020,Tamil Nadu,33,Tiruchirappalli,591,Trichy,0,0,8,0,0,0,50,0,0,,1,0,0,0,14,0,0,0,17,1,0,0,21,0,1,3,5,0,0,1,0,0,0,1,0,75,9,5,1,0,0,1
3127,2020,Tamil Nadu,33,Tiruchirappalli,591,Trichy City,0,0,4,0,0,0,24,2,0,,1,0,0,0,0,0,0,0,6,0,0,0,10,0,1,0,5,0,0,0,0,0,0,0,0,23,6,5,0,0,0,0
3128,2020,Tamil Nadu,33,Vellore,595,Vellore,0,0,6,0,0,0,7,0,0,,0,0,0,0,0,1,0,0,5,14,0,0,7,0,2,0,0,0,0,0,0,1,0,0,0,48,12,0,0,0,0,0
3129,2020,Tamil Nadu,33,Villupuram,596,Villupuram,0,2,12,0,0,0,10,0,0,,46,0,5,0,5,0,0,0,21,12,0,0,27,0,0,8,4,0,0,0,0,9,0,1,1,81,8,5,0,0,0,0
3130,2020,Tamil Nadu,33,Virudhunagar,597,Virudhunagar,0,1,6,0,0,0,14,2,0,,5,0,0,0,1,0,0,0,13,0,0,0,12,0,0,0,11,0,0,0,0,0,0,9,0,54,4,4,0,1,0,0
3131,2020,Tamil Nadu,33,Coimbatore,569,Cyber Cell,0,0,0,0,0,0,0,0,0,,0,0,0,0,0,0,0,0,0,0,0,0,0,0,0,0,0,0,0,0,0,0,0,0,0,0,0,0,0,0,0,0
3132,2020,Tamil Nadu,33,Chennai,568,Other Units,0,0,0,0,0,0,0,0,0,,0,0,0,0,0,0,0,0,0,0,0,0,0,0,0,0,0,0,0,0,0,0,0,0,0,0,0,0,0,0,0,0
3133,2020,Tamil Nadu,33,Chengalpattu,730,Chengalpattu,0,0,0,0,0,0,3,0,0,,0,0,0,0,0,0,0,0,12,0,0,0,6,0,0,0,0,0,0,0,0,0,0,0,0,24,9,4,1,0,0,0
3134,2020,Tamil Nadu,33,Kallakurichi,729,Kallakurichi,0,0,0,0,0,0,10,0,0,,43,0,0,0,0,0,0,0,17,12,0,0,17,0,0,0,24,0,0,0,0,0,0,2,0,45,1,1,0,0,0,0
3135,2020,Tamil Nadu,33,Ranipet,731,Ranipet,0,2,6,0,0,0,3,0,0,,1,0,0,0,0,0,0,0,3,1,0,0,6,0,0,0,12,0,0,1,0,0,0,0,1,30,3,2,0,0,0,0
3136,2020,Tamil Nadu,33,Tirupathur,732,Tiruppattur,0,0,3,0,0,0,15,12,0,,19,0,0,0,4,0,0,0,9,0,1,0,11,0,0,3,5,0,0,0,2,0,0,0,0,58,10,5,0,0,0,0
3137,2020,Tamil Nadu,33,Tenkasi,733,Tenkasi,0,0,5,0,0,0,6,0,0,,2,0,0,0,0,0,0,0,6,0,1,0,7,0,0,0,9,0,0,0,0,0,0,2,0,48,22,1,2,0,0,0
3138,2020,Telangana,36,Hyderabad,507,Cyberabad Commissionerate,3,20,59,0,0,0,1055,260,0,,7,1,0,0,7,37,0,0,107,79,2,0,620,0,128,10,0,3,0,0,0,0,0,1,10,189,107,8,2,0,0,0
3139,2020,Telangana,36,Hyderabad,507,Hyderabad Commissionerate,0,21,17,0,0,0,1226,128,0,,0,0,0,0,0,0,0,0,92,3,0,0,451,0,123,0,0,0,0,0,0,0,0,6,9,222,88,3,0,1,0,0
3140,2020,Telangana,36,Karimnagar,508,Karimnagar Commissionerate,0,2,5,0,0,0,289,6,0,,1,0,0,0,3,0,0,0,21,2,0,0,142,0,5,23,0,0,0,0,0,5,0,0,4,13,23,0,0,0,0,0
3141,2020,Telangana,36,Khammam,509,Khammam Commissionerate,1,5,20,0,0,0,280,58,0,,0,0,0,0,0,0,0,0,24,0,0,0,175,0,22,0,0,0,0,0,0,0,0,0,5,56,39,12,0,2,0,0
3142,2020,Telangana,36,Nizamabad,516,Nizamabad Commissionerate,0,3,14,0,0,0,250,5,0,,0,0,7,0,2,2,0,0,13,4,0,0,127,0,25,0,0,0,0,0,0,1,0,0,0,26,19,2,2,0,0,0
3143,2020,Telangana,36,Yadadri Bhuvanagiri,697,Rachakonda Commissionerate,0,24,33,0,0,0,1184,0,0,,0,20,0,0,62,0,0,0,155,0,0,0,1040,0,0,0,0,0,0,0,0,0,0,0,0,187,0,0,0,0,0,0
3144,2020,Telangana,36,Peddapalli,682,Ramagundam Commissionerate,0,8,31,0,0,0,400,39,0,,2,0,0,0,0,0,0,0,31,7,0,0,254,0,14,0,0,1,0,0,0,0,0,0,0,42,24,0,0,0,0,0
3145,2020,Telangana,36,Siddipet,692,Siddipet Commissionerate,0,4,12,0,0,0,365,4,0,,1,0,14,0,2,0,0,0,15,0,1,0,162,0,5,0,0,0,0,0,0,0,0,0,6,34,27,0,0,0,0,0
3146,2020,Telangana,36,Warangal,522,Warangal Commissionerate,1,7,30,0,0,0,297,120,0,,0,0,0,0,4,4,0,0,32,4,4,0,227,0,38,0,4,0,0,0,0,0,0,0,0,34,36,2,0,0,0,0
3147,2020,Telangana,36,Adilabad,501,Adilabad,0,2,7,0,0,0,70,11,0,,1,0,2,0,2,0,0,0,8,1,0,0,50,0,5,0,0,0,0,0,0,0,0,0,0,27,14,0,0,0,0,0
3148,2020,Telangana,36,Bhadradri Kothagudem,690,Bhadradri Kothagudem,0,1,10,0,0,0,266,29,0,,2,0,1,0,0,0,0,0,30,0,0,0,178,0,15,0,0,2,0,0,0,0,0,0,0,71,4,33,0,3,0,0
3149,2020,Telangana,36,Jayashankar Bhupalapally,687,Jayashankar Bhupalpalli,0,4,4,0,0,0,60,23,0,,4,0,0,0,0,0,0,0,5,1,1,0,72,1,0,12,0,0,0,0,0,0,0,0,0,11,12,0,1,0,0,0
3150,2020,Telangana,36,Jogulamba Gadwal,695,Jogulamba Gadwal,0,3,4,0,0,0,30,2,0,,1,0,0,0,0,0,0,0,5,2,0,0,52,0,0,0,0,0,0,0,0,0,0,0,0,30,12,0,0,0,0,0
3151,2020,Telangana,36,Kamareddy,685,Kamareddy,0,3,7,0,0,0,141,4,0,,0,0,2,0,1,0,0,0,14,1,3,0,71,0,16,4,0,0,0,0,0,1,0,0,0,36,0,0,0,0,0,0
3152,2020,Telangana,36,Kumuram Bheem Asifabad,699,Kumaram Bheem Asifabad,6,5,8,0,0,0,65,26,0,,1,0,0,0,0,0,0,0,13,0,2,0,47,0,10,0,0,0,0,0,0,0,0,0,0,10,7,0,0,0,0,0
3153,2020,Telangana,36,Mahabubabad,688,Mahabubabad,0,7,13,0,0,0,106,35,0,,6,0,0,0,0,0,0,0,12,1,1,0,85,1,11,1,0,0,0,0,0,0,0,0,0,24,18,0,4,0,0,0
3154,2020,Telangana,36,Mahabubnagar,512,Mahabubnagar,0,3,23,0,0,0,67,0,0,,6,0,0,0,0,0,0,0,17,58,0,0,85,0,2,19,0,0,0,0,0,0,0,0,0,47,0,0,0,0,0,0
3155,2020,Telangana,36,Medak,513,Medak,1,4,9,0,0,0,115,16,0,,0,2,0,0,0,0,0,0,7,0,1,0,33,0,8,52,0,0,0,0,0,0,0,0,0,31,0,0,0,0,0,0
3156,2020,Telangana,36,Nagarkurnool,694,Nagarkurnool,0,4,10,0,0,0,65,37,0,,0,0,0,0,0,0,0,0,16,2,1,0,74,1,4,0,0,0,0,0,0,0,0,1,0,26,13,0,1,0,0,0
3157,2020,Telangana,36,Nalgonda,514,Nalgonda,0,1,23,0,1,0,250,18,0,,15,0,6,0,0,3,0,0,14,6,2,0,173,0,75,0,0,0,0,0,0,0,0,1,0,40,32,0,0,0,0,0
3158,2020,Telangana,36,Nirmal,680,Nirmal,0,2,6,0,0,0,42,6,0,,0,0,0,0,0,0,0,0,9,0,0,0,36,0,3,0,0,0,0,0,0,0,0,0,0,10,8,0,0,0,0,0
3159,2020,Telangana,36,Rajanna Sircilla,683,Rajanna Siricilla,0,1,7,0,0,0,143,0,0,,0,0,0,0,0,3,0,0,19,16,0,0,65,0,0,20,0,0,0,0,0,0,0,0,0,25,0,0,0,0,0,0
3160,2020,Telangana,36,Sangareddy,691,Sangareddy,1,9,8,0,0,0,113,0,0,,2,0,8,0,6,0,0,0,16,0,0,0,69,0,16,2,0,0,0,0,0,0,0,0,0,21,2,0,0,0,0,0
3161,2020,Telangana,36,Suryapet,696,Suryapet,0,3,5,0,1,0,220,37,0,,1,0,2,0,2,3,0,0,27,6,3,0,222,0,7,0,0,0,0,0,0,0,0,1,0,41,22,0,0,0,0,0
3162,2020,Telangana,36,Vikarabad,698,Vikarabad,0,4,12,0,0,0,80,24,0,,2,0,2,0,0,0,0,0,11,5,0,0,45,0,3,1,0,0,0,0,0,0,0,0,0,54,5,15,0,0,0,0
3163,2020,Telangana,36,Wanaparthy,693,Wanaparthy,0,0,0,0,0,0,46,0,0,,0,0,0,0,0,0,0,0,10,3,0,0,37,0,0,9,0,0,0,0,0,0,0,0,0,27,0,0,0,0,0,0
3164,2020,Telangana,36,Hyderabad,507,Railway Police Secunderabad,0,0,0,0,0,0,0,0,0,,0,0,0,0,0,0,0,0,0,0,0,0,4,0,0,0,0,0,0,0,0,0,0,0,0,0,0,0,0,0,0,0
3165,2020,Telangana,36,Mulugu,720,Mulug,0,1,10,0,0,0,69,8,0,,0,0,2,0,0,0,0,0,8,0,1,0,33,0,2,0,0,0,0,0,0,0,0,0,0,18,0,6,0,0,0,0
3166,2020,Telangana,36,Narayanpet,721,Narayanpet,0,3,2,0,0,0,37,0,0,,0,0,0,0,0,0,0,0,9,13,0,0,28,0,0,0,0,0,0,0,0,0,0,0,0,46,7,0,0,0,0,0
3167,2020,Tripura,16,Dhalai,269,Dhalai,0,0,0,0,0,0,12,2,0,,0,0,1,0,1,0,0,0,9,2,2,0,11,0,0,0,0,0,0,0,0,0,0,0,0,9,4,0,0,0,0,0
3168,2020,Tripura,16,Gomati,654,Gomati,1,2,3,1,0,0,66,4,0,,1,0,6,0,1,0,0,0,11,2,0,0,12,0,0,1,0,0,0,0,0,0,0,1,0,12,1,0,0,0,0,0
3169,2020,Tripura,16,West Tripura,272,Grp,0,0,0,0,0,0,0,0,0,,0,0,0,0,0,0,0,0,0,0,0,0,0,0,0,0,0,0,0,0,0,0,0,0,0,0,1,0,0,0,0,0
3170,2020,Tripura,16,Khowai,652,Kowai,0,2,0,0,0,0,20,0,0,,1,0,0,0,0,0,0,0,10,13,0,0,17,0,0,0,0,0,0,0,0,0,0,0,1,10,4,0,0,0,0,0
3171,2020,Tripura,16,North Tripura,270,North,0,1,2,0,0,0,33,3,0,,2,0,0,0,0,0,0,0,9,2,3,0,6,0,0,0,0,0,0,0,0,0,0,0,0,9,5,0,0,0,0,0
3172,2020,Tripura,16,Unakoti,655,Sipahijala,1,5,0,0,0,0,35,12,0,,4,0,0,0,0,0,0,0,7,0,0,0,5,0,0,0,0,0,0,0,0,0,0,0,0,9,6,0,0,0,0,0
3173,2020,Tripura,16,South Tripura,271,South,0,2,5,1,1,0,56,6,0,,1,0,1,0,0,0,0,0,7,8,6,0,11,0,0,0,0,0,0,0,0,0,0,0,0,7,5,0,0,0,0,0
3174,2020,Tripura,16,Unakoti,655,Unakoti,0,3,3,1,0,0,29,1,0,,1,1,3,0,1,0,0,0,8,4,0,0,13,0,0,0,0,0,0,0,0,0,0,1,0,16,11,1,0,0,0,0
3175,2020,Tripura,16,West Tripura,272,West,0,8,10,0,1,0,105,7,0,,3,0,6,0,1,0,0,0,18,10,2,0,39,0,2,0,0,0,0,0,0,0,0,0,0,14,17,1,0,0,0,0
3176,2020,Uttar Pradesh,9,Agra,118,Agra,1,75,2,8,1,0,240,21,0,,161,0,0,0,0,2,0,0,80,0,0,0,198,12,0,4,0,0,0,0,0,5,0,0,0,63,144,0,0,0,0,0
3177,2020,Uttar Pradesh,9,Aligarh,119,Aligarh,3,50,13,0,1,0,692,32,0,,148,0,0,0,0,0,0,0,74,0,1,0,374,0,0,0,2,0,0,0,0,0,0,0,0,62,148,0,0,0,0,0
3178,2020,Uttar Pradesh,9,Prayagraj,120,Prayagraj,2,48,23,0,0,0,810,0,0,,187,0,0,0,0,0,0,0,112,86,0,9,264,0,0,129,1,0,0,0,0,2,0,0,0,69,5,0,0,0,0,0
3179,2020,Uttar Pradesh,9,Ambedkar Nagar,121,Ambedkar Nagar,0,15,0,0,0,0,129,100,0,,0,0,0,0,0,0,0,0,22,0,0,0,102,0,0,20,21,0,0,0,0,0,0,0,0,49,0,0,0,0,0,0
3180,2020,Uttar Pradesh,9,Amethi,640,Amethi,0,7,0,0,0,0,107,0,0,,27,0,0,0,0,0,0,0,33,0,2,0,76,0,0,0,0,0,0,0,0,0,0,0,0,24,37,0,0,0,0,0
3181,2020,Uttar Pradesh,9,Amroha,154,Amroha,0,17,0,0,0,0,196,0,0,,42,0,0,0,0,0,0,0,34,0,5,0,62,0,0,0,0,0,0,0,0,0,0,12,0,33,23,0,0,0,0,0
3182,2020,Uttar Pradesh,9,Auraiya,122,Auraiya,0,30,0,0,0,0,143,0,0,,86,0,0,0,0,0,0,0,28,14,0,0,82,0,0,0,10,0,0,0,0,0,0,1,0,23,42,0,0,0,0,0
3183,2020,Uttar Pradesh,9,Azamgarh,123,Azamgarh,0,30,0,0,0,0,130,48,0,,54,0,0,0,0,0,0,0,24,32,0,0,191,0,0,0,130,0,0,0,0,0,0,8,0,48,67,0,0,0,0,0
3184,2020,Uttar Pradesh,9,Budaun,133,Badaun,0,30,0,2,1,0,188,88,3,,98,0,0,0,0,0,0,0,15,0,1,4,76,0,0,25,10,0,0,0,0,0,0,0,0,26,43,1,0,0,0,0
3185,2020,Uttar Pradesh,9,Baghpat,124,Baghpat,0,17,0,0,0,0,81,0,0,,92,0,0,0,0,0,0,0,16,70,5,13,37,7,0,14,0,0,0,0,0,0,0,0,0,9,37,1,0,2,0,0
3186,2020,Uttar Pradesh,9,Bahraich,125,Bahraich,0,69,0,0,1,0,19,83,0,,0,0,0,0,0,0,0,0,39,0,7,0,156,0,0,0,430,0,0,0,0,0,0,0,0,27,87,0,0,0,0,0
3187,2020,Uttar Pradesh,9,Ballia,126,Ballia,0,23,8,0,0,0,4,12,0,,90,0,0,0,0,0,0,0,16,0,0,0,58,0,0,0,83,0,0,0,0,0,0,6,0,23,39,0,8,0,0,0
3188,2020,Uttar Pradesh,9,Balrampur,127,Balrampur,0,25,3,0,0,0,11,0,0,,47,0,0,0,0,0,0,0,8,72,0,0,51,0,0,0,86,0,0,0,0,0,0,0,0,14,32,0,0,0,0,0
3189,2020,Uttar Pradesh,9,Banda,128,Banda,0,50,7,2,0,1,114,1,0,,74,0,0,0,0,0,0,0,36,0,1,0,83,0,0,0,4,0,0,0,0,0,0,3,0,35,81,0,0,0,0,0
3190,2020,Uttar Pradesh,9,Bara Banki,129,Barabanki,2,33,0,0,0,0,9,0,1,,11,0,0,0,0,0,0,0,49,112,0,1,23,0,0,116,246,0,0,0,0,0,0,14,0,48,66,1,0,0,0,0
3191,2020,Uttar Pradesh,9,Bareilly,130,Bareilly,0,54,0,0,0,0,640,36,0,,21,0,0,0,0,0,0,0,30,0,0,0,236,0,0,0,0,0,0,0,0,0,0,0,0,59,103,2,0,3,0,0
3192,2020,Uttar Pradesh,9,Basti,131,Basti,0,17,3,0,0,0,0,0,0,,0,0,0,0,0,0,0,0,13,0,0,19,58,0,0,42,118,0,0,0,0,0,0,0,0,19,47,1,0,0,0,0
3193,2020,Uttar Pradesh,9,Bijnor,132,Bijnor,0,28,0,14,0,1,234,0,0,,25,0,0,0,0,0,0,0,43,0,0,0,124,0,0,0,326,0,0,0,0,0,0,0,0,53,43,3,1,9,0,0
3194,2020,Uttar Pradesh,9,Bulandshahr,134,Bulandshahar,0,56,10,0,1,0,655,0,1,,108,0,0,0,0,1,0,0,55,0,2,0,67,0,1,109,0,0,0,0,0,0,0,8,0,86,103,4,0,2,0,0
3195,2020,Uttar Pradesh,9,Chandauli,135,Chandoli,0,14,2,0,0,0,82,0,0,,27,0,0,0,0,0,0,0,14,0,0,0,28,0,0,0,0,0,0,0,0,0,0,5,0,34,26,1,0,0,0,0
3196,2020,Uttar Pradesh,9,Chitrakoot,136,Chitrakoot,0,10,4,0,0,0,31,0,0,,17,0,0,0,0,0,0,0,8,0,0,27,33,0,0,28,0,0,0,0,0,0,0,0,0,27,28,0,0,0,0,0
3197,2020,Uttar Pradesh,9,Deoria,137,Deoria,0,20,0,0,0,0,21,0,0,,0,0,0,0,0,0,0,0,9,0,0,0,0,0,0,12,0,0,0,0,0,0,0,0,0,20,6,0,0,0,0,0
3198,2020,Uttar Pradesh,9,Etah,138,Etah,0,33,0,0,0,0,106,0,0,,70,0,0,0,0,0,0,0,11,0,0,0,126,0,0,0,0,0,0,0,0,0,0,1,2,32,20,0,0,0,0,0
3199,2020,Uttar Pradesh,9,Etawah,139,Etawah,0,28,0,0,0,0,87,18,0,,49,0,0,0,0,0,0,0,10,0,0,0,51,0,0,0,0,0,0,0,0,0,0,0,0,12,39,2,0,0,0,0
3200,2020,Uttar Pradesh,9,Ayodhya,140,Ayodhya,0,13,1,0,0,0,7,0,0,,130,0,0,0,1,0,0,0,43,94,14,0,125,1,0,43,232,0,0,0,0,0,0,10,0,24,26,0,0,17,0,0
3201,2020,Uttar Pradesh,9,Fatehpur,142,Fatehpur,0,47,1,0,0,0,177,0,0,,61,0,0,0,0,0,0,0,78,0,0,0,155,0,0,0,0,0,0,0,0,0,0,0,0,29,66,0,0,0,0,0
3202,2020,Uttar Pradesh,9,Firozabad,143,Firozabad,0,48,14,11,1,0,265,0,0,,108,0,0,0,0,0,0,0,18,141,5,0,145,6,0,63,2,0,0,0,0,0,0,0,0,23,63,0,0,0,0,0
3203,2020,Uttar Pradesh,9,Lucknow,162,Grp,0,1,0,0,0,0,0,1,0,,1,1,0,0,0,0,0,0,0,0,0,1,21,0,0,0,0,0,0,0,0,0,0,0,0,1,0,0,0,0,0,0
3204,2020,Uttar Pradesh,9,Ghaziabad,145,Ghaziabad,1,27,10,0,1,0,184,2,1,,2,0,0,0,1,0,0,0,23,101,1,2,124,0,0,0,1,0,0,0,0,1,0,0,0,36,71,1,0,2,0,0
3205,2020,Uttar Pradesh,9,Ghazipur,146,Ghazipur,0,27,8,4,1,0,170,0,0,,11,0,0,0,0,0,0,0,31,81,0,0,218,0,0,0,0,0,0,0,0,0,0,0,0,46,92,0,0,6,1,0
3206,2020,Uttar Pradesh,9,Gonda,147,Gonda,0,30,5,0,1,0,31,42,0,,44,0,0,0,0,0,0,0,26,6,2,0,81,0,0,0,230,0,0,0,0,0,0,1,0,33,69,1,0,0,0,0
3207,2020,Uttar Pradesh,9,Gorakhpur,148,Gorakhpur,0,43,10,0,0,1,0,0,0,,209,0,0,0,0,0,0,0,82,14,0,0,242,0,0,0,295,0,0,0,0,0,0,0,0,0,0,0,0,0,0,0
3208,2020,Uttar Pradesh,9,Hamirpur,149,Hamirpur,0,20,11,0,0,0,56,0,0,,0,0,0,0,0,0,0,0,15,46,1,0,75,0,0,0,0,0,0,0,0,0,0,0,0,18,68,0,0,0,0,0
3209,2020,Uttar Pradesh,9,Hapur,661,Hapur,0,10,0,0,1,0,0,50,0,,29,0,0,0,0,0,0,0,21,0,0,0,42,0,1,28,0,0,0,0,0,0,0,2,0,0,0,0,0,0,0,0
3210,2020,Uttar Pradesh,9,Hardoi,150,Hardoi,0,60,3,0,0,0,200,71,6,,31,0,0,0,0,0,0,0,34,28,0,22,73,0,0,86,4,0,0,0,0,0,0,0,0,0,0,0,0,0,0,0
3211,2020,Uttar Pradesh,9,Hathras,163,Hathras,1,32,6,0,0,0,129,3,1,,30,0,0,0,0,0,0,0,12,76,0,14,106,1,0,30,0,0,0,0,0,0,0,1,0,14,0,0,0,0,0,0
3212,2020,Uttar Pradesh,9,Jalaun,151,Jalaun,0,27,10,0,0,0,147,42,2,,0,0,0,0,0,0,0,0,11,0,0,0,75,0,0,0,0,0,0,0,0,0,0,0,0,13,35,2,0,0,0,0
3213,2020,Uttar Pradesh,9,Jaunpur,152,Jaunpur,2,34,11,0,0,0,138,0,0,,14,0,0,0,0,0,0,0,20,99,0,0,54,0,0,28,5,0,0,0,0,0,0,11,0,50,43,0,0,1,0,0
3214,2020,Uttar Pradesh,9,Jhansi,153,Jhansi,0,31,17,0,0,0,260,0,0,,10,0,0,0,0,0,0,0,42,74,0,0,145,0,0,0,0,0,0,0,0,0,0,4,0,28,38,6,0,0,0,0
3215,2020,Uttar Pradesh,9,Kannauj,155,Kannauj,0,25,13,0,0,0,155,76,0,,46,0,0,0,0,0,0,0,13,0,0,0,63,0,0,37,0,0,0,0,0,0,0,0,0,27,45,0,0,0,0,0
3216,2020,Uttar Pradesh,9,Kanpur Dehat,156,Kanpur Dehat,0,31,8,0,0,0,365,0,0,,65,0,0,0,0,0,0,0,9,104,0,0,72,0,2,0,1,0,0,0,0,0,0,0,0,29,59,0,0,0,0,0
3217,2020,Uttar Pradesh,9,Kanpur Nagar,157,Kanpur Nagar,0,50,0,0,0,0,700,0,0,,169,0,0,0,0,0,0,0,64,40,6,0,289,0,2,0,0,9,0,0,0,0,0,0,0,94,112,2,0,0,0,0
3218,2020,Uttar Pradesh,9,Kasganj,633,Kasganj,0,20,2,0,0,1,177,0,0,,0,0,0,0,0,0,0,0,18,148,0,26,285,0,0,0,0,0,0,0,0,0,0,0,0,26,48,0,0,0,0,0
3219,2020,Uttar Pradesh,9,Kaushambi,158,Kaushambi,1,22,0,0,0,0,71,0,0,,0,0,0,0,0,0,0,0,7,121,0,0,0,0,0,95,0,0,0,0,0,0,0,0,0,20,40,0,0,0,0,0
3220,2020,Uttar Pradesh,9,Kheri,159,Khiri,4,51,0,3,1,0,324,84,0,,287,0,0,0,0,0,0,0,33,63,12,0,134,0,0,23,0,0,0,0,0,0,0,0,0,48,94,1,0,1,0,0
3221,2020,Uttar Pradesh,9,Kushinagar,160,Kushi Nagar,1,19,0,0,0,0,51,50,0,,133,0,0,0,0,0,0,0,13,55,0,0,61,0,0,43,0,0,0,0,0,0,0,10,0,20,49,0,0,0,0,0
3222,2020,Uttar Pradesh,9,Lalitpur,161,Lalitpur,0,8,3,0,0,0,14,0,0,,9,0,0,0,0,0,0,0,3,0,8,0,36,0,0,0,0,0,0,0,0,0,0,0,0,8,21,0,0,0,0,0
3223,2020,Uttar Pradesh,9,Lucknow,162,Lucknow Commissionarate,1,48,62,15,0,0,1060,321,4,,220,0,0,0,0,2,0,0,76,54,4,0,421,0,8,0,57,2,0,0,0,0,0,47,0,109,113,4,0,8,0,0
3224,2020,Uttar Pradesh,9,Mahrajganj,164,Maharajganj,1,19,10,0,0,0,87,0,0,,22,0,0,0,0,0,0,0,12,15,0,0,13,0,0,0,0,1,0,0,0,0,0,10,0,36,61,0,0,132,0,0
3225,2020,Uttar Pradesh,9,Mahoba,165,Mahoba,0,12,6,0,0,0,19,14,0,,10,0,0,0,0,0,0,0,15,29,0,0,47,0,1,0,2,0,0,0,0,0,0,1,0,21,30,0,0,0,0,0
3226,2020,Uttar Pradesh,9,Mainpuri,166,Mainpuri,1,49,12,1,0,0,144,43,0,,97,0,0,0,0,0,0,0,19,0,4,0,104,0,0,0,6,0,0,0,0,0,0,0,0,30,64,0,0,0,0,0
3227,2020,Uttar Pradesh,9,Mathura,167,Mathura,0,29,0,0,2,0,387,3,0,,125,0,1,0,0,0,0,0,64,0,2,0,338,0,0,0,0,0,0,0,0,0,0,0,0,57,112,4,0,0,0,0
3228,2020,Uttar Pradesh,9,Mau,168,Mau,0,13,0,0,0,0,38,0,0,,72,0,0,0,0,0,0,0,28,12,0,0,92,0,0,0,186,0,0,0,0,0,0,0,0,40,37,2,0,1,0,0
3229,2020,Uttar Pradesh,9,Meerut,169,Meerut,0,37,0,0,1,0,300,0,0,,79,0,0,0,0,0,0,0,36,0,75,23,150,7,3,0,0,0,0,0,0,0,0,0,0,25,49,0,0,0,0,0
3230,2020,Uttar Pradesh,9,Mirzapur,170,Mirzapur,0,12,12,0,0,0,100,0,0,,20,0,0,0,0,0,0,0,10,22,0,0,47,0,0,0,0,0,0,0,0,0,0,0,0,31,33,0,0,0,0,0
3231,2020,Uttar Pradesh,9,Moradabad,171,Moradabad,0,29,1,0,0,0,480,0,0,,125,0,0,0,0,0,0,0,89,0,12,0,221,0,0,0,0,0,0,0,0,0,0,14,0,54,81,3,0,2,0,0
3232,2020,Uttar Pradesh,9,Muzaffarnagar,172,Muzaffarnagar,0,27,0,0,1,0,217,0,0,,37,0,0,0,0,0,0,0,36,18,7,12,15,0,0,19,0,0,0,0,0,0,0,0,0,21,43,1,0,0,0,0
3233,2020,Uttar Pradesh,9,Pilibhit,173,Pilibhit,1,31,10,0,0,0,155,0,0,,61,0,0,0,0,0,0,0,82,130,1,0,110,0,1,0,8,0,0,0,0,0,0,5,0,30,52,0,0,2,0,0
3234,2020,Uttar Pradesh,9,Pratapgarh,174,Pratapgarh,5,32,2,19,0,0,309,0,0,,195,0,0,0,0,0,0,0,40,0,0,0,125,5,0,115,32,0,0,0,0,0,0,134,0,0,0,0,0,0,0,0
3235,2020,Uttar Pradesh,9,Rae Bareli,175,Raibareilly,0,26,0,0,0,0,150,0,0,,0,0,0,0,0,0,0,0,85,151,0,0,160,0,0,0,0,0,0,0,0,0,0,0,0,50,79,0,0,0,0,0
3236,2020,Uttar Pradesh,9,Rampur,176,Rampur,1,27,3,0,3,0,0,0,0,,63,0,0,0,0,0,0,0,29,17,3,0,50,0,0,0,156,0,0,0,0,0,0,4,0,32,33,1,0,1,0,0
3237,2020,Uttar Pradesh,9,Saharanpur,177,Saharanpur,0,27,4,0,0,0,324,0,0,,96,0,0,0,0,0,0,0,45,0,0,0,145,0,0,0,0,0,0,0,0,0,0,4,0,56,56,1,0,4,0,0
3238,2020,Uttar Pradesh,9,Sambhal,659,Sambhal,0,31,3,0,1,0,173,20,0,,47,0,0,0,0,1,0,0,35,22,3,0,85,0,0,0,0,0,0,0,0,0,0,0,0,28,38,1,0,0,0,0
3239,2020,Uttar Pradesh,9,Sant Kabir Nagar,178,Sant Kabirnagar,1,7,1,0,0,0,60,0,0,,11,0,0,0,0,0,0,0,14,66,0,12,11,0,0,61,0,0,0,0,0,0,0,0,0,0,44,0,0,0,0,0
3240,2020,Uttar Pradesh,9,Shahjahanpur,180,Shahjahanpur,0,62,4,4,0,0,333,0,0,,114,0,0,0,0,0,0,0,34,37,2,0,169,0,0,0,0,0,0,0,0,0,0,0,0,36,73,1,0,0,0,0
3241,2020,Uttar Pradesh,9,Shamli,660,Shamli,0,8,0,0,0,0,55,0,0,,46,0,0,0,0,0,0,0,19,0,0,0,93,0,0,0,0,0,0,0,0,0,0,6,0,16,35,0,0,1,0,0
3242,2020,Uttar Pradesh,9,Shrawasti,181,Shrawasti,0,16,3,0,0,0,12,19,0,,45,0,0,0,0,0,0,0,10,17,0,0,47,0,0,4,76,0,0,0,0,0,0,0,0,7,25,0,0,0,0,0
3243,2020,Uttar Pradesh,9,Siddharthnagar,182,Sidharthnagar,0,29,5,0,1,0,6,0,0,,11,0,0,0,0,0,0,0,6,76,0,19,81,0,0,0,52,0,0,0,0,0,0,0,0,20,38,1,0,1,0,0
3244,2020,Uttar Pradesh,9,Sitapur,183,Sitapur,0,61,0,0,1,0,373,0,0,,0,0,0,0,0,0,0,0,102,242,0,0,195,0,0,0,0,0,0,0,0,0,0,0,0,65,168,0,0,0,0,0
3245,2020,Uttar Pradesh,9,Sonbhadra,184,Sonbhadra,0,15,0,0,0,0,66,0,0,,3,0,0,0,0,0,0,0,28,33,0,0,28,0,0,0,0,0,0,0,0,0,0,0,0,62,0,40,0,0,0,0
3246,2020,Uttar Pradesh,9,Bhadohi,179,Bhadohi,0,16,1,0,0,0,5,16,0,,17,0,0,0,0,0,0,0,17,0,0,0,40,0,0,7,77,0,0,0,0,0,0,0,0,0,0,0,0,0,0,0
3247,2020,Uttar Pradesh,9,Sultanpur,185,Sultanpur,0,17,9,0,0,0,40,15,0,,51,0,0,0,0,0,0,0,56,67,2,0,144,0,0,0,142,0,0,0,0,0,0,1,10,18,49,2,0,0,0,0
3248,2020,Uttar Pradesh,9,Unnao,186,Unnao,1,29,11,2,0,0,247,31,12,,102,0,0,0,0,0,0,0,36,96,0,0,186,0,0,0,0,0,0,0,0,0,0,1,1,52,106,0,0,0,0,0
3249,2020,Uttar Pradesh,9,Varanasi,187,Varanasi,0,28,7,0,0,0,492,0,0,,77,8,0,0,0,0,0,0,62,101,0,0,77,20,0,82,0,0,0,0,0,5,0,0,0,55,63,1,3,2,0,0
3250,2020,Uttar Pradesh,9,Lucknow,162,Lucknow Grameen,0,6,0,0,0,0,96,1,0,,0,0,0,0,0,0,0,0,12,0,0,0,65,0,0,0,0,0,0,0,0,0,0,1,0,17,13,0,0,0,0,0
3251,2020,Uttarakhand,5,Almora,45,Almora,0,0,3,0,0,0,4,0,0,,0,0,0,0,5,0,0,0,2,0,0,0,3,0,1,0,0,0,0,0,0,0,0,0,0,6,1,0,0,0,0,0
3252,2020,Uttarakhand,5,Bageshwar,46,Bageshwar,0,1,0,0,0,0,3,0,0,,0,0,0,0,10,0,0,0,9,0,0,0,11,0,11,0,0,0,0,0,0,0,0,1,0,13,0,0,0,0,0,0
3253,2020,Uttarakhand,5,Chamoli,47,Chamoli,0,0,0,0,0,0,1,0,0,,0,0,0,0,0,0,0,0,2,0,0,5,6,0,0,0,0,0,0,0,0,0,0,2,0,0,2,0,0,0,0,0
3254,2020,Uttarakhand,5,Champawat,48,Champawat,0,1,0,0,0,0,2,0,0,,0,0,0,0,0,1,0,0,4,1,0,0,6,0,0,0,0,0,0,0,0,0,0,0,0,7,1,0,0,0,0,0
3255,2020,Uttarakhand,5,Dehradun,49,Dehradun,0,8,0,0,0,0,162,0,0,,3,0,0,0,15,3,0,0,55,38,0,0,64,0,1,26,129,5,0,0,0,0,0,7,4,71,47,3,0,0,0,0
3256,2020,Uttarakhand,5,Haridwar,50,Haridwar,0,21,0,0,1,0,98,100,0,,0,0,0,0,0,0,0,0,155,0,0,0,138,0,9,0,0,0,0,0,0,1,0,0,0,100,36,0,0,0,0,0
3257,2020,Uttarakhand,5,Nainital,51,Nainital,0,6,7,0,0,0,96,6,0,,9,0,0,0,52,0,0,0,52,8,11,0,53,0,0,0,11,0,0,0,0,0,0,9,0,50,13,0,0,0,0,0
3258,2020,Uttarakhand,5,Pauri Garhwal,52,Pauri Garhwal,0,1,0,0,0,0,17,17,0,,0,0,0,0,0,0,0,0,13,0,0,0,12,0,1,0,0,0,0,0,0,0,0,0,0,7,8,1,0,0,0,0
3259,2020,Uttarakhand,5,Pithoragarh,53,Pithoragarh,0,1,0,0,0,0,2,0,0,,0,0,0,0,0,0,0,0,7,0,0,0,16,0,16,0,0,0,0,0,0,0,0,2,0,14,0,0,0,0,0,0
3260,2020,Uttarakhand,5,Rudra Prayag,54,Rudra Prayag,0,2,0,0,0,0,2,0,0,,4,0,0,0,0,0,0,0,3,0,0,0,3,0,0,0,0,0,0,0,0,0,0,0,0,5,0,0,0,0,0,0
3261,2020,Uttarakhand,5,Tehri Garhwal,55,Tehri Garhwal,0,3,0,0,0,0,5,1,0,,0,0,0,0,10,1,0,0,5,0,1,0,0,0,0,0,0,0,0,0,0,0,0,2,0,13,0,0,0,0,0,0
3262,2020,Uttarakhand,5,Uttar Kashi,57,Uttarkashi,0,1,0,0,0,0,4,0,0,,0,0,0,0,2,0,0,0,15,0,0,0,8,0,0,0,0,0,0,0,0,0,0,0,0,10,0,0,0,0,0,0
3263,2020,Uttarakhand,5,Dehradun,49,Grp,0,0,0,0,0,0,0,0,0,,0,0,0,0,0,0,0,0,0,0,0,0,0,0,0,0,0,0,0,0,0,0,0,0,0,0,0,0,0,0,0,0
3264,2020,West Bengal,19,Alipurduar,664,Alipurduar,1,13,12,0,1,0,259,117,0,,1,0,0,0,2,0,0,0,24,0,9,0,46,0,0,0,0,0,0,0,0,1,0,0,0,45,30,5,0,0,0,0
3265,2020,West Bengal,19,Paschim Bardhaman,704,Asansol-Durgapur Pc,1,16,18,1,0,0,552,55,1,,9,0,1,0,2,0,0,0,15,25,13,0,24,0,5,0,0,0,0,1,0,0,0,0,0,38,14,1,0,0,0,0
3266,2020,West Bengal,19,Bankura,305,Bankura,0,25,20,0,0,0,223,36,0,,1,0,0,0,51,0,0,0,18,17,6,0,54,0,25,0,0,0,0,0,0,0,0,0,6,31,6,3,0,0,0,0
3267,2020,West Bengal,19,North 24 Parganas,303,Barrackpur Pc,0,16,22,0,4,1,1482,189,0,,2,0,0,0,133,0,0,0,22,21,11,0,549,0,21,0,0,0,0,0,0,1,0,0,6,45,38,8,0,0,0,0
3268,2020,West Bengal,19,North 24 Parganas,303,Bidhannagar Pc,0,2,5,0,0,0,253,51,0,,0,0,0,0,0,0,0,0,6,7,4,0,64,0,3,0,0,0,0,0,0,2,0,0,0,22,18,2,0,0,0,0
3269,2020,West Bengal,19,Birbhum,307,Birbhum,0,11,22,0,4,0,259,138,0,,1,0,0,0,1,0,0,0,31,16,16,0,38,0,1,0,0,0,0,0,0,0,0,0,1,47,29,8,0,1,0,0
3270,2020,West Bengal,19,Cooch Behar,308,Coochbehar,0,23,24,1,0,0,424,21,0,,0,0,0,0,354,0,0,0,60,0,32,0,36,0,1,0,0,0,0,0,0,2,0,0,0,66,42,8,9,0,0,0
3271,2020,West Bengal,19,Dakshin Dinajpur,310,Dakshin Dinajpur,0,11,8,0,0,0,98,76,0,,0,0,0,0,140,0,0,0,12,1,25,0,26,0,5,0,0,0,0,0,0,2,0,0,0,21,4,3,0,0,0,0
3272,2020,West Bengal,19,Darjeeling,309,Darjeeling,0,1,2,0,0,0,116,50,0,,0,0,0,0,8,0,0,0,17,0,6,0,57,0,3,0,0,0,0,0,0,0,0,0,0,27,15,0,0,0,0,0
3273,2020,West Bengal,19,Hooghly,312,Hooghly Rural Police,0,17,23,0,1,0,654,161,0,,4,0,0,0,3,0,0,0,16,4,8,0,23,0,0,0,0,0,0,0,0,0,0,0,0,63,22,0,0,0,0,0
3274,2020,West Bengal,19,Howrah,313,Howrah Grp,0,1,2,0,0,0,0,1,0,,0,0,0,0,0,0,0,0,1,0,0,0,3,0,0,0,0,0,0,0,0,0,0,0,0,1,0,0,0,0,0,0
3275,2020,West Bengal,19,Howrah,313,Howrah Pc,0,10,7,0,1,0,554,176,0,,0,0,0,0,12,0,0,0,16,1,10,0,58,0,7,0,0,0,0,0,0,2,0,0,0,21,21,15,0,1,0,0
3276,2020,West Bengal,19,Howrah,313,Howrah Rural,1,5,6,0,1,1,462,184,0,,1,0,1,0,4,0,0,0,20,0,5,0,9,0,0,0,0,0,0,0,0,0,0,0,0,41,19,16,0,0,0,0
3277,2020,West Bengal,19,Jalpaiguri,314,Jalpaiguri,1,15,3,0,0,0,183,22,0,,0,0,0,0,170,1,0,0,35,0,40,0,34,0,0,0,0,0,0,0,0,0,0,0,0,64,19,11,0,3,0,0
3278,2020,West Bengal,19,Jhargram,703,Jhargram,0,3,4,0,0,0,88,83,0,,1,0,0,0,2,0,0,0,9,10,12,0,26,0,1,0,0,0,0,0,0,0,0,0,0,16,9,2,0,0,0,0
3279,2020,West Bengal,19,Paschim Medinipur,318,Kharagpur Grp,0,0,2,0,0,0,0,1,0,,0,0,0,0,0,0,0,0,0,0,0,0,2,0,0,0,0,0,0,0,0,0,0,0,0,0,0,0,0,0,0,0
3280,2020,West Bengal,19,Kolkata,315,Kolkata,0,9,18,0,1,0,931,184,0,,4,0,15,0,18,1,0,0,11,2,0,0,304,0,282,0,0,0,0,0,0,20,0,3,0,97,69,31,1,0,0,0
3281,2020,West Bengal,19,Malda,316,Malda,2,19,33,9,0,1,475,505,0,,0,0,0,0,5,0,0,0,126,1,87,0,50,0,1,0,0,0,0,0,0,0,0,1,0,106,53,4,0,1,0,0
3282,2020,West Bengal,19,Murshidabad,319,Murshidabad Police District,0,36,25,10,3,0,1510,475,2,,11,0,3,0,22,3,0,0,136,37,135,0,85,0,6,0,0,0,0,0,0,1,0,0,0,129,44,19,1,3,0,0
3283,2020,West Bengal,19,Paschim Medinipur,318,Paschim Medinipur,0,13,22,0,0,0,927,0,0,,57,0,0,0,0,0,0,0,22,0,14,0,302,0,12,0,0,0,0,0,0,0,0,0,0,57,28,0,0,0,0,0
3284,2020,West Bengal,19,Purba Medinipur,317,Purab Medinipur,0,51,17,0,0,0,900,374,0,,38,0,1,0,44,1,0,0,45,270,26,0,76,0,6,0,0,0,0,0,0,0,0,1,0,45,29,8,1,0,0,0
3285,2020,West Bengal,19,Purulia,321,Purulia,0,6,8,0,0,0,192,56,0,,1,0,1,0,1,1,0,0,9,5,13,0,48,0,2,0,0,0,0,0,0,1,0,0,0,33,13,1,0,1,0,0
3286,2020,West Bengal,19,Kolkata,315,Sealdah Grp,0,2,0,0,0,0,0,4,0,,0,0,0,0,1,0,0,0,0,0,0,0,2,0,0,0,0,0,0,0,0,0,0,0,0,1,0,0,0,0,0,0
3287,2020,West Bengal,19,Darjeeling,309,Siliguri Grp,0,1,0,0,0,0,0,0,0,,0,0,0,0,0,0,0,0,0,0,0,0,1,0,0,0,0,0,0,0,0,0,0,0,0,0,1,0,0,0,0,0
3288,2020,West Bengal,19,Darjeeling,309,Siliguri Pc,0,11,6,0,0,0,570,176,0,,0,0,0,0,35,2,0,0,16,0,9,0,42,0,15,0,0,0,0,0,0,7,0,0,0,41,28,14,0,0,0,0
3289,2020,West Bengal,19,South 24 Parganas,304,Baruipur Police,0,12,12,0,1,0,1634,395,0,,4,0,3,0,16,6,1,0,53,15,50,0,42,0,0,0,0,0,0,0,0,3,0,0,0,93,47,10,4,0,0,0
3290,2020,West Bengal,19,Hooghly,312,Chandannagar Pc,0,5,15,0,0,0,367,46,0,,1,0,0,0,12,0,0,0,8,10,2,0,11,0,0,0,0,0,0,0,0,1,1,0,1,19,14,0,0,0,0,0
3291,2020,West Bengal,19,South 24 Parganas,304,Diamond Harbour Police,0,15,9,0,3,0,701,119,0,,4,0,1,0,4,1,0,0,12,9,12,0,25,0,2,0,0,0,0,0,0,0,0,0,0,27,16,4,0,0,0,0
3292,2020,West Bengal,19,Kalimpong,702,Kalimpong,0,0,1,0,0,0,18,17,0,,0,0,0,0,0,0,0,0,6,0,1,0,6,0,0,0,0,0,0,0,0,0,0,0,0,11,8,0,0,2,0,0
3293,2020,West Bengal,19,Purba Bardhaman,306,Purba Bardhaman,0,21,33,0,2,0,1171,284,0,,9,0,0,0,25,0,0,0,24,15,40,0,124,0,16,0,0,0,0,0,0,0,0,3,0,31,42,10,0,0,0,0
3294,2020,West Bengal,19,South 24 Parganas,304,Sundarban Police,0,14,11,1,0,0,575,11,0,,2,0,0,0,115,0,0,0,14,13,12,0,17,0,1,0,0,0,0,0,0,0,0,0,0,32,16,2,0,0,0,0
3295,2020,West Bengal,19,North 24 Parganas,303,Barasat,0,23,16,0,0,0,693,228,0,,5,0,2,0,9,2,0,0,28,42,18,0,53,0,10,0,0,0,0,0,0,2,0,2,0,34,24,7,0,1,0,0
3296,2020,West Bengal,19,North 24 Parganas,303,Basirhat,0,18,16,0,0,0,753,354,1,,8,0,0,0,0,2,0,0,25,0,45,0,94,0,9,0,0,0,0,0,0,1,0,0,0,27,14,3,0,0,0,0
3297,2020,West Bengal,19,North 24 Parganas,303,Bangaon,0,11,18,1,1,1,576,183,0,,4,1,0,0,15,1,1,0,34,2,37,0,38,0,1,0,0,0,0,0,0,0,0,0,0,20,14,19,0,0,0,0
3298,2020,West Bengal,19,Uttar Dinajpur,311,Islampur,1,9,2,1,0,0,203,0,0,,0,0,0,0,36,1,0,0,16,0,7,0,3,0,3,0,0,0,0,0,0,2,0,0,0,20,1,3,0,0,0,0
3299,2020,West Bengal,19,Murshidabad,319,Jangipur Police District,0,14,2,0,0,0,582,0,0,,0,0,0,0,120,0,0,0,76,0,39,0,40,0,1,0,0,0,0,0,0,0,0,0,0,28,8,4,0,2,0,0
3300,2020,West Bengal,19,Nadia,320,Krishnagar,2,21,17,0,4,1,609,4,1,,30,0,2,0,290,2,0,0,119,58,88,0,50,0,0,0,0,0,0,0,0,2,0,0,0,52,39,0,0,0,0,0
3301,2020,West Bengal,19,Uttar Dinajpur,311,Raiganj,0,5,12,2,0,0,198,47,0,,1,0,0,0,138,1,0,0,25,1,16,0,19,0,6,0,0,0,0,0,0,0,0,0,0,40,5,4,0,9,0,0
3302,2020,West Bengal,19,Nadia,320,Ranaghat,0,37,12,0,2,0,770,35,0,,6,0,0,0,202,0,0,0,21,65,24,0,7,0,0,0,0,0,0,0,0,1,0,0,0,31,29,7,1,0,0,0
3303,2020,Andaman And Nicobar Islands,35,South Andamans,602,South Andaman,0,0,1,0,0,0,2,0,0,,0,0,0,0,1,1,0,0,1,0,1,0,11,0,1,0,0,0,0,0,0,0,0,0,0,37,3,2,0,1,0,0
3304,2020,Andaman And Nicobar Islands,35,Nicobars,603,Nicobar,0,0,0,0,0,0,0,0,0,,0,0,0,0,0,0,0,0,0,0,0,0,1,0,1,0,0,0,0,0,0,0,0,0,0,25,1,0,0,0,0,0
3305,2020,Chandigarh,4,Chandigarh,44,Chandigarh,0,1,1,0,1,0,96,71,0,,0,0,0,0,0,2,0,0,14,19,1,46,31,2,4,11,0,0,0,0,0,0,0,1,0,0,0,0,0,0,0,0
3306,2020,The Dadra And Nagar Haveli And Daman And Diu,38,Dadra And Nagar Haveli,465,Dadra And Nagar Haveli,0,0,1,0,0,0,1,0,0,,0,0,0,0,0,0,0,0,1,0,0,0,2,0,1,0,0,0,0,0,0,0,0,0,0,29,1,0,0,0,0,0
3307,2020,The Dadra And Nagar Haveli And Daman And Diu,38,Daman,463,Daman,0,1,0,0,0,0,2,0,0,,0,0,0,0,0,1,0,0,2,0,0,0,2,0,1,0,0,0,0,0,0,0,0,0,0,9,1,0,0,0,0,0
3308,2020,The Dadra And Nagar Haveli And Daman And Diu,38,Diu,464,Diu,0,0,0,0,0,0,1,0,0,,0,0,0,0,0,0,0,0,1,0,0,0,2,0,1,0,0,0,0,0,0,0,0,0,0,1,0,0,0,0,0,0
3309,2020,Delhi,7,Central,77,Central,0,6,1,0,0,0,85,111,0,,0,0,0,0,4,0,0,0,75,0,1,0,115,0,32,0,0,0,0,0,0,0,0,0,0,29,21,0,0,0,0,0
3310,2020,Delhi,7,North West,82,Crime Branch,0,0,0,0,0,0,0,0,0,,0,0,0,0,0,0,0,0,0,0,0,0,1,0,2,0,0,0,0,0,0,0,0,0,0,0,0,0,0,0,0,0
3311,2020,Delhi,7,East,78,East,0,7,4,0,0,0,172,136,0,,0,0,0,0,15,0,0,0,70,0,0,0,146,0,29,0,0,0,0,0,0,1,0,0,0,34,24,0,0,0,2,0
3312,2020,Delhi,7,New Delhi,79,Economic Offences Wing,0,0,0,0,0,0,0,0,0,,0,0,0,0,0,0,0,0,0,0,0,0,0,0,0,0,0,0,0,0,0,0,0,0,0,0,0,0,0,0,0,0
3313,2020,Delhi,7,New Delhi,79,Igi Airport,0,0,0,0,0,0,0,0,0,,0,0,0,0,0,0,0,0,3,0,0,0,5,0,2,0,0,0,0,0,0,0,0,0,0,0,0,0,0,0,0,0
3314,2020,Delhi,7,North West,82,Metro,0,1,1,0,0,0,0,0,0,,0,0,0,0,0,0,0,0,1,0,0,0,8,0,1,0,0,0,0,0,0,0,0,0,0,0,0,0,0,0,0,0
3315,2020,Delhi,7,New Delhi,79,New Delhi,0,0,1,0,1,0,5,9,0,,0,0,0,0,3,0,0,0,12,0,0,0,40,0,5,0,0,0,0,0,0,0,0,0,0,7,4,0,1,0,0,0
3316,2020,Delhi,7,North,80,North,0,2,0,0,0,0,132,109,0,,0,0,0,0,41,0,0,0,47,0,0,0,74,0,10,0,0,0,0,0,0,0,2,0,0,27,14,0,0,0,1,0
3317,2020,Delhi,7,North East,81,North-East,0,21,5,0,0,1,334,299,0,,0,0,0,0,12,0,0,0,90,0,1,0,101,0,12,0,0,0,0,0,0,0,0,0,1,65,43,3,0,0,0,0
3318,2020,Delhi,7,North West,82,North-West,0,0,2,0,0,0,196,212,0,,0,0,0,0,2,2,0,0,74,0,0,0,121,0,14,0,0,0,0,0,0,0,0,0,0,73,21,1,0,0,0,0
3319,2020,Delhi,7,North West,82,Outer,0,9,0,0,0,0,152,282,0,,0,0,0,0,14,4,0,0,75,1,0,0,119,0,16,0,1,0,0,0,0,0,0,1,0,56,37,6,0,0,1,0
3320,2020,Delhi,7,New Delhi,79,Railway,0,0,0,0,0,0,0,2,0,,0,0,0,0,0,0,0,0,2,0,0,0,2,0,1,0,0,0,0,0,0,0,0,0,0,0,0,0,0,0,0,0
3321,2020,Delhi,7,South,83,South,0,11,2,1,0,0,148,176,0,,0,0,0,0,7,1,0,0,74,0,3,0,136,1,13,0,0,0,0,0,0,0,0,1,0,44,20,1,0,0,0,0
3322,2020,Delhi,7,South East,670,South-East,0,2,8,0,0,0,156,221,0,,0,0,0,0,16,0,0,0,86,0,0,0,214,0,55,0,9,0,0,0,0,0,0,3,1,76,47,4,0,0,0,0
3323,2020,Delhi,7,South West,84,South-West,0,8,2,0,0,0,120,143,0,,0,0,0,0,4,0,0,0,73,0,0,0,102,0,20,0,1,0,0,0,0,0,0,1,2,51,18,4,0,0,0,0
3324,2020,Delhi,7,North West,82,Spl Cell,0,0,0,0,0,0,0,0,0,,0,0,0,0,0,0,0,0,0,0,0,0,6,0,3,0,0,0,0,0,0,0,0,0,0,0,0,0,0,0,0,0
3325,2020,Delhi,7,New Delhi,79,Spuwac,0,0,0,0,0,0,26,0,0,,0,0,0,0,0,0,0,0,0,0,0,0,0,0,0,0,0,0,0,0,0,0,0,0,0,0,0,0,0,0,0,0
3326,2020,Delhi,7,New Delhi,79,Vigilance,0,0,0,0,0,0,0,0,0,,0,0,0,0,0,0,0,0,0,0,0,0,0,0,0,0,0,0,0,0,0,0,0,0,0,0,0,0,0,0,0,0
3327,2020,Delhi,7,West,85,West,1,8,2,0,1,1,250,189,0,,1,0,0,0,27,0,0,0,56,0,0,0,101,0,44,0,1,0,0,0,0,0,0,0,0,57,19,3,0,0,0,0
3328,2020,Delhi,7,North West,82,Rohini,0,10,7,0,0,0,219,165,0,,0,0,0,0,2,0,0,0,73,0,2,0,134,0,40,0,1,0,0,0,0,0,0,0,0,56,25,2,0,0,0,0
3329,2020,Delhi,7,Shahdara,671,Shahdara,0,3,4,1,0,0,267,98,0,,0,0,0,0,8,0,0,0,44,0,0,0,101,1,33,0,0,0,0,0,0,0,0,2,0,33,29,2,0,0,0,0
3330,2020,Delhi,7,South West,84,Dwarka,0,10,3,0,0,1,219,282,0,,0,0,0,0,17,0,0,0,114,0,0,0,235,0,75,0,1,0,0,0,0,2,0,0,1,55,28,5,0,0,0,0
3331,2020,Delhi,7,New Delhi,79,Outer North,0,12,2,0,0,0,76,326,0,,0,0,0,0,4,5,0,0,28,0,0,0,79,0,9,0,0,0,0,0,0,0,0,0,0,58,23,0,0,0,0,0
3332,2020,Jammu And Kashmir,1,Anantnag,1,Anantnag,0,0,0,0,0,0,10,33,0,,34,0,0,0,0,0,0,0,18,0,0,0,138,0,0,0,2,0,0,0,0,0,0,0,0,19,0,0,0,0,0,0
3333,2020,Jammu And Kashmir,1,Pulwama,11,Awantipora,0,1,0,0,0,0,4,0,0,,15,0,0,0,0,0,0,0,0,0,0,0,22,0,0,0,0,0,0,0,0,0,0,0,0,1,0,0,0,0,0,0
3334,2020,Jammu And Kashmir,1,Bandipora,623,Bandipora,0,0,1,0,0,0,3,0,2,,20,0,0,0,0,0,0,0,13,0,0,0,29,0,0,0,0,0,0,0,0,0,0,0,0,1,0,0,0,0,0,0
3335,2020,Jammu And Kashmir,1,Baramulla,3,Baramulla,0,0,0,0,0,0,17,30,0,,37,0,0,0,0,0,0,0,15,0,0,0,116,0,7,0,0,0,0,0,0,0,0,0,0,6,0,0,0,0,0,0
3336,2020,Jammu And Kashmir,1,Budgam,2,Budgam,0,0,1,0,0,0,11,0,0,,41,0,0,0,0,0,0,0,7,0,0,0,248,0,0,0,0,0,0,0,0,0,0,0,0,27,0,0,0,0,0,0
3337,2020,Jammu And Kashmir,1,Jammu,5,Crime Jammu,0,0,0,0,0,0,0,0,0,,0,0,0,0,0,0,0,0,0,0,0,0,0,0,0,0,0,0,0,0,0,0,0,0,0,0,0,0,0,0,0,0
3338,2020,Jammu And Kashmir,1,Srinagar,13,Crime Srinagar,0,0,0,0,0,0,0,0,0,,0,0,0,0,0,0,0,0,0,0,0,0,0,0,0,0,0,0,0,0,0,0,0,0,0,0,0,0,0,0,0,0
3339,2020,Jammu And Kashmir,1,Doda,4,Doda,0,0,0,0,0,0,18,17,0,,0,0,0,0,0,0,0,0,13,0,2,0,32,0,0,0,0,0,0,0,0,0,0,0,0,0,0,0,0,0,0,0
3340,2020,Jammu And Kashmir,1,Ganderbal,626,Ganderbal,0,0,0,0,0,0,11,0,0,,13,0,0,0,0,0,0,0,9,0,0,0,65,0,0,0,0,0,0,0,0,0,0,1,1,16,1,2,0,0,0,0
3341,2020,Jammu And Kashmir,1,Kupwara,8,Handwara,0,0,1,0,0,0,7,19,0,,13,0,0,0,0,0,0,0,1,0,2,0,25,0,0,0,0,0,0,0,0,0,0,0,0,2,0,0,0,0,0,0
3342,2020,Jammu And Kashmir,1,Jammu,5,Jammu,0,6,3,0,0,0,49,0,0,,0,0,0,0,96,0,0,0,29,0,0,0,98,0,14,0,0,0,0,0,0,0,0,0,0,9,5,0,4,0,0,0
3343,2020,Jammu And Kashmir,1,Kathua,7,Kathua,0,1,0,0,0,0,18,18,0,,13,0,0,0,0,0,0,0,13,0,0,1,36,0,3,0,0,0,0,0,0,0,0,2,2,8,4,0,6,0,0,0
3344,2020,Jammu And Kashmir,1,Kishtwar,620,Kishtwar,0,0,1,0,0,0,2,4,0,,5,0,0,0,0,0,0,0,3,0,0,0,17,0,0,0,0,0,0,0,0,0,0,4,0,4,0,0,0,0,0,0
3345,2020,Jammu And Kashmir,1,Kulgam,622,Kulgam,0,0,0,0,0,0,9,0,0,,63,0,0,0,0,0,0,0,12,0,0,0,176,0,0,0,0,0,0,0,0,0,0,0,0,11,0,0,0,0,0,0
3346,2020,Jammu And Kashmir,1,Kupwara,8,Kupwara,0,0,3,0,0,0,20,0,0,,44,0,0,0,0,0,0,0,13,0,0,0,118,0,0,0,0,0,0,0,0,0,0,0,0,9,0,0,0,0,0,0
3347,2020,Jammu And Kashmir,1,Poonch,10,Poonch,0,0,1,0,0,0,10,15,0,,14,0,0,0,0,0,0,0,12,0,0,0,56,0,0,1,0,0,0,0,0,0,0,3,0,9,2,0,0,0,0,0
3348,2020,Jammu And Kashmir,1,Pulwama,11,Pulwama,0,0,0,0,0,0,2,9,0,,7,0,0,0,0,0,0,0,5,0,1,1,30,0,0,0,0,0,0,0,0,0,0,0,0,0,0,0,0,0,0,0
3349,2020,Jammu And Kashmir,1,Jammu,5,Railways Jammu,0,0,0,0,0,0,0,0,0,,0,0,0,0,0,0,0,0,0,0,0,0,0,0,0,0,0,0,0,0,0,0,0,0,0,0,0,0,0,0,0,0
3350,2020,Jammu And Kashmir,1,Jammu,5,Railways Kashmir,0,0,0,0,0,0,0,0,0,,0,0,0,0,0,0,0,0,0,0,0,0,0,0,0,0,0,0,0,0,0,0,0,0,0,0,0,0,0,0,0,0
3351,2020,Jammu And Kashmir,1,Reasi,627,Railways Katra,0,0,0,0,0,0,0,0,0,,0,0,0,0,0,0,0,0,0,0,0,0,0,0,0,0,0,0,0,0,0,0,0,0,0,0,0,0,0,0,0,0
3352,2020,Jammu And Kashmir,1,Rajouri,12,Rajouri,0,0,2,0,0,0,47,0,0,,22,0,0,0,0,0,0,0,25,16,0,0,61,0,1,0,0,0,0,0,0,0,0,0,3,5,2,0,0,0,0,0
3353,2020,Jammu And Kashmir,1,Ramban,621,Ramban,0,0,0,0,0,0,9,6,0,,9,0,0,0,0,0,0,0,8,0,0,0,26,0,1,2,0,0,0,0,0,0,0,0,0,2,0,0,0,0,0,0
3354,2020,Jammu And Kashmir,1,Reasi,627,Reasi,0,0,0,0,0,0,2,13,0,,6,0,0,0,0,0,0,0,11,0,0,0,14,0,2,0,0,0,0,0,0,0,0,0,0,3,0,0,0,0,0,0
3355,2020,Jammu And Kashmir,1,Samba,624,Samba,0,0,4,0,0,0,15,2,0,,6,0,0,0,0,0,0,0,8,0,0,1,14,0,0,0,0,0,0,0,0,0,3,0,0,2,4,0,0,0,0,0
3356,2020,Jammu And Kashmir,1,Shopian,625,Shopian,0,0,0,0,0,0,5,10,0,,22,0,0,0,0,0,0,0,3,0,0,0,83,0,0,20,0,0,0,0,0,0,0,0,0,8,0,0,0,0,0,0
3357,2020,Jammu And Kashmir,1,Baramulla,3,Sopore,0,0,2,0,0,0,7,22,0,,22,0,0,0,0,0,0,0,1,0,1,0,101,0,0,0,0,0,0,0,0,0,0,0,0,3,0,0,0,0,0,0
3358,2020,Jammu And Kashmir,1,Srinagar,13,Srinagar,0,0,0,0,0,0,47,24,0,,15,0,0,0,1,0,0,0,5,0,1,0,186,1,7,0,0,0,0,0,0,0,0,0,0,4,1,0,0,2,0,0
3359,2020,Jammu And Kashmir,1,Udhampur,14,Udhampur,0,1,5,0,0,0,26,5,0,,12,0,0,0,0,0,0,0,16,0,2,0,30,0,0,0,0,0,0,0,0,0,0,0,0,3,5,0,0,5,0,0
3360,2020,Ladakh,37,Kargil,6,Kargil,0,0,0,0,0,0,1,0,0,,0,0,0,0,0,0,0,0,0,0,0,0,2,0,0,0,0,0,0,0,0,0,0,0,0,0,0,0,0,0,0,0
3361,2020,Ladakh,37,Leh Ladakh,9,Leh,0,0,0,0,0,0,2,0,0,,0,0,0,0,0,0,0,0,1,0,0,1,2,0,0,0,0,0,0,0,0,0,0,0,0,0,0,0,0,0,0,0
3362,2020,Lakshadweep,31,Lakshadweep District,553,Lakshadweep,0,0,0,0,0,0,0,0,0,,0,0,0,0,0,0,0,0,3,0,0,0,3,0,1,0,0,0,0,0,0,0,0,1,0,3,2,1,0,1,0,0
3363,2020,Puducherry,34,Pondicherry,600,All Districts,0,2,0,0,0,0,9,0,0,,0,0,0,0,0,0,0,0,8,0,0,0,25,0,0,0,4,0,0,0,0,0,0,0,0,44,10,11,0,0,0,0
3364,2020,Puducherry,34,Karaikal,598,Karaikal,0,0,0,0,0,0,0,0,0,,0,0,0,0,0,0,0,0,0,0,0,0,0,0,0,0,0,0,0,0,0,0,0,0,0,0,0,0,0,0,0,0
3365,2021,Andhra Pradesh,28,Ananthapuramu,502,Anantapur,0,9,37,1,0,0,375,5,0,,2,1,29,0,2,2,0,0,21,12,29,83,372,9,59,50,0,0,0,0,0,0,0,2,1,0,1,0,0,0,0,0
3366,2021,Andhra Pradesh,28,Chittoor,503,Chittoor,0,18,25,0,0,0,321,0,0,,0,1,0,0,9,2,0,0,13,9,5,0,107,4,43,0,0,0,0,0,0,4,0,4,4,53,24,0,0,0,0,0
3367,2021,Andhra Pradesh,28,Y.S.R.,504,Cuddapah,0,3,5,0,0,0,330,8,0,,0,3,3,0,1,1,0,0,8,5,0,20,187,5,100,16,4,0,0,0,0,0,0,1,0,4,2,1,0,0,0,0
3368,2021,Andhra Pradesh,28,East Godavari,505,East Godavari,0,11,26,3,0,0,442,34,0,,3,5,2,0,1,1,0,0,70,6,12,48,403,1,68,40,4,2,0,0,1,2,1,1,2,19,4,9,0,0,0,0
3369,2021,Andhra Pradesh,28,Ananthapuramu,502,Guntakal Railway,0,1,1,0,0,0,2,0,0,,0,0,0,0,0,0,0,0,0,0,0,0,3,0,1,1,0,0,0,0,0,0,0,0,0,0,0,0,0,0,0,0
3370,2021,Andhra Pradesh,28,Guntur,506,Guntur,1,3,44,0,0,1,614,48,0,,1,3,5,0,3,0,0,0,16,10,16,48,289,7,262,72,0,0,0,0,0,9,0,2,3,0,0,0,0,0,0,0
3371,2021,Andhra Pradesh,28,Guntur,506,Guntur Urban,0,7,16,0,0,0,257,36,0,,2,4,0,0,0,22,0,0,26,1,6,33,182,3,335,49,0,20,0,0,0,0,0,0,1,0,1,0,2,0,0,0
3372,2021,Andhra Pradesh,28,Krishna,510,Krishna,0,7,24,0,0,1,372,53,0,,2,2,0,0,2,4,0,0,27,5,7,39,323,3,208,47,0,0,0,0,0,4,0,0,7,0,0,0,0,0,0,0
3373,2021,Andhra Pradesh,28,Kurnool,511,Kurnool,0,7,49,8,1,0,334,0,0,,62,0,20,0,0,0,0,0,23,0,7,42,379,0,418,13,0,0,0,0,0,6,0,0,0,0,6,18,0,0,0,0
3374,2021,Andhra Pradesh,28,Sri Potti Sriramulu Nellore,515,Nellore,0,3,26,0,1,0,361,10,0,,1,0,13,0,0,1,0,0,23,2,10,42,269,1,95,13,0,0,0,0,0,0,0,2,0,0,2,0,0,0,0,0
3375,2021,Andhra Pradesh,28,Prakasam,517,Prakasham,1,6,26,0,0,0,394,0,0,,3,0,0,0,0,1,0,0,35,0,15,0,334,0,275,0,0,0,0,0,0,4,0,1,1,53,15,13,1,0,2,0
3376,2021,Andhra Pradesh,28,East Godavari,505,Rajahmundry,0,4,9,0,0,0,261,19,0,,1,2,0,0,1,0,0,0,19,5,1,40,102,1,89,28,0,0,0,4,0,0,0,3,0,0,0,2,0,0,0,0
3377,2021,Andhra Pradesh,28,Srikakulam,519,Srikakulam,0,6,18,0,0,0,211,5,0,,0,0,2,0,0,3,0,0,31,2,1,27,165,0,2,15,0,0,0,0,0,0,0,1,0,0,0,0,0,0,0,0
3378,2021,Andhra Pradesh,28,Tirupati,752,Tirupathi Urban,0,4,11,0,0,0,140,4,0,,3,0,0,0,1,15,0,0,8,2,0,18,102,0,0,0,0,0,0,0,0,0,0,7,6,23,12,0,5,0,0,0
3379,2021,Andhra Pradesh,28,Ntr,749,Vijayawada City,0,2,29,0,0,1,773,36,0,,0,6,1,0,2,6,0,0,38,2,2,47,280,0,155,76,0,0,0,0,0,0,0,4,0,0,0,6,0,0,0,0
3380,2021,Andhra Pradesh,28,Ntr,749,Vijayawada Railway,0,0,2,0,0,0,0,0,0,,0,0,0,0,0,0,0,0,0,0,0,0,1,0,2,0,0,0,0,0,0,0,0,0,0,0,0,0,0,0,0,0
3381,2021,Andhra Pradesh,28,Visakhapatnam,520,Visakha Rural,0,3,13,0,0,1,174,26,0,,0,0,0,0,0,0,0,0,30,0,0,29,138,1,41,16,0,2,0,0,0,0,0,1,2,0,0,0,0,0,0,0
3382,2021,Andhra Pradesh,28,Visakhapatnam,520,Visakhapatnam,0,4,9,0,0,0,1105,18,0,,0,0,0,0,0,0,0,0,108,1,0,61,433,0,78,41,2,0,0,0,0,0,0,10,0,13,1,3,0,3,0,0
3383,2021,Andhra Pradesh,28,Vizianagaram,521,Vizianagaram,0,2,7,1,0,1,219,49,0,,0,1,0,0,0,0,0,0,41,0,2,37,241,0,99,16,1,0,0,0,0,0,0,0,0,27,3,3,2,0,0,0
3384,2021,Andhra Pradesh,28,West Godavari,523,West Godavari,0,8,20,0,0,0,407,7,0,,7,0,0,0,0,13,0,0,37,0,14,0,305,0,12,0,0,0,0,3,0,9,0,4,3,97,11,24,0,1,0,0
3385,2021,Arunachal Pradesh,12,Anjaw,628,Anjaw,0,0,0,0,0,0,0,0,0,,0,0,0,0,0,0,0,0,0,0,0,1,2,0,0,0,0,0,0,0,0,0,0,0,0,0,1,0,0,0,0,0
3386,2021,Arunachal Pradesh,12,Changlang,229,Changlang,0,0,0,0,0,0,0,4,0,,0,0,0,0,0,0,0,0,1,0,0,4,2,0,0,0,0,0,0,0,0,0,0,0,0,0,0,0,0,0,0,0
3387,2021,Arunachal Pradesh,12,Papum Pare,237,Crime Branch,0,0,0,0,0,0,0,0,0,,0,0,0,0,0,0,0,0,0,0,0,0,0,0,0,0,0,0,0,0,0,0,0,2,0,0,0,0,0,0,0,0
3388,2021,Arunachal Pradesh,12,Dibang Valley,230,Dibang Valley,0,0,0,0,0,0,0,0,0,,0,0,0,0,0,0,0,0,0,0,0,0,1,0,0,0,0,0,0,0,0,0,0,0,0,0,0,0,0,0,0,0
3389,2021,Arunachal Pradesh,12,East Kameng,231,Kameng East,0,0,1,0,0,0,4,0,0,,1,0,0,0,0,0,0,0,1,0,0,3,0,0,0,0,0,0,0,0,0,0,0,0,0,0,0,0,0,0,0,0
3390,2021,Arunachal Pradesh,12,West Kameng,242,Kameng West,0,0,0,0,0,0,2,1,0,,0,0,0,0,0,0,0,0,1,0,0,0,5,1,0,0,0,0,0,0,0,0,0,0,0,0,0,0,0,0,0,0
3391,2021,Arunachal Pradesh,12,Kurung Kumey,233,Kurung Kumey,0,0,0,0,0,0,3,0,0,,0,0,0,0,0,0,0,0,2,0,0,0,1,0,0,1,0,0,0,0,0,0,1,0,0,2,0,0,0,0,0,0
3392,2021,Arunachal Pradesh,12,Lohit,234,Lohit,0,0,0,0,0,0,4,1,0,,0,0,0,0,0,0,0,0,2,0,0,1,5,4,0,1,0,0,0,0,0,0,0,0,0,0,0,0,0,0,0,0
3393,2021,Arunachal Pradesh,12,Longding,666,Longding,0,0,0,0,0,0,0,0,0,,0,0,0,0,0,0,0,0,0,0,0,3,0,0,0,0,0,0,0,0,0,0,0,0,0,0,0,0,0,0,0,0
3394,2021,Arunachal Pradesh,12,Lower Dibang Valley,235,Lower Dibang Valley,0,0,0,0,0,0,2,3,0,,0,0,0,0,0,0,0,0,1,0,0,5,0,0,0,0,0,0,0,0,0,0,0,1,0,0,0,0,0,0,0,0
3395,2021,Arunachal Pradesh,12,Papum Pare,237,Papum Pare City,0,0,0,0,0,0,81,26,0,,0,0,0,0,0,0,0,0,10,0,0,26,19,0,8,3,0,0,0,0,0,0,0,0,0,0,0,0,0,0,0,0
3396,2021,Arunachal Pradesh,12,Papum Pare,237,Papum Pare Rural,0,0,0,0,0,0,0,0,0,,0,0,0,0,0,0,0,0,0,0,0,0,1,0,0,0,0,0,0,0,0,0,0,0,0,0,0,0,0,0,0,0
3397,2021,Arunachal Pradesh,12,Lower Subansiri,236,Subansiri Lower,0,0,0,0,0,0,0,1,0,,0,0,0,0,0,0,0,0,1,0,0,0,1,0,0,0,0,0,0,0,0,0,0,0,0,5,0,0,0,0,0,0
3398,2021,Arunachal Pradesh,12,Upper Subansiri,241,Subansiri Upper,0,0,0,0,0,0,5,0,0,,1,1,0,0,0,0,0,0,2,0,0,0,0,0,0,0,0,0,0,0,0,0,0,1,0,3,1,0,0,0,0,0
3399,2021,Arunachal Pradesh,12,Tawang,238,Tawang,0,0,0,0,0,0,0,0,0,,0,0,0,0,0,0,0,0,0,0,0,1,2,0,0,0,0,0,0,0,0,0,0,0,0,0,0,0,0,0,0,0
3400,2021,Arunachal Pradesh,12,Tirap,239,Tirap,0,0,0,0,0,0,2,0,0,,0,0,0,0,0,0,0,0,0,0,1,0,3,0,0,0,0,0,0,0,0,0,0,0,0,1,0,0,0,0,0,0
3401,2021,Arunachal Pradesh,12,Namsai,678,Namsai,0,0,0,0,0,0,2,1,0,,0,0,0,0,0,0,0,0,3,0,1,0,0,0,0,0,0,0,0,0,0,0,0,0,0,1,0,0,0,0,0,0
3402,2021,Arunachal Pradesh,12,Siang,679,Siang,0,0,0,0,0,0,0,0,0,,0,0,0,0,0,0,0,0,0,0,0,1,2,0,0,1,0,0,0,0,0,0,0,0,0,0,0,0,0,0,0,0
3403,2021,Arunachal Pradesh,12,Kamle,718,Kamle,0,0,0,0,0,0,0,0,0,,0,0,0,0,0,0,0,0,0,0,0,2,0,0,1,0,0,0,0,0,0,0,0,1,0,0,0,0,0,0,0,0
3404,2021,Arunachal Pradesh,12,Kra Daadi,677,Kra Dadi,0,0,0,0,0,0,0,1,0,,0,0,0,0,0,0,0,0,0,0,0,0,1,0,0,0,0,0,0,0,0,0,0,0,0,0,0,0,0,0,0,0
3405,2021,Arunachal Pradesh,12,Lower Siang,719,Lower Siang,0,0,0,0,0,0,2,1,0,,0,0,0,0,0,0,0,0,1,1,0,0,1,0,0,0,0,0,0,0,0,0,0,0,0,0,0,0,0,0,0,0
3406,2021,Arunachal Pradesh,12,Leparada,724,Leparada,0,0,0,0,0,0,0,0,0,,0,0,0,0,0,0,0,0,0,0,0,0,2,0,0,1,0,0,0,0,0,0,0,0,0,0,0,0,0,0,0,0
3407,2021,Arunachal Pradesh,12,Shi Yomi,725,Shiyomi,0,0,0,0,0,0,0,0,0,,0,0,0,0,0,0,0,0,0,0,0,0,0,0,0,0,0,0,0,0,0,0,0,0,0,0,0,0,1,0,0,0
3408,2021,Assam,18,Kamrup Metro,618,Bieo,0,0,0,0,0,0,0,0,0,,0,0,0,0,0,0,0,0,0,0,0,0,0,0,0,0,0,0,0,0,0,0,0,0,0,0,0,0,0,0,0,0
3409,2021,Assam,18,Barpeta,280,Barpeta,0,13,0,0,0,0,817,179,0,,184,0,40,0,0,13,0,0,121,0,66,0,707,0,0,0,0,0,0,0,0,0,0,0,0,84,41,11,0,0,0,0
3410,2021,Assam,18,Baksa,616,Baksa,1,5,0,2,0,0,151,0,0,,44,0,53,0,10,1,0,0,28,0,8,1,61,0,0,0,24,0,0,0,0,2,0,2,0,27,13,1,0,0,0,0
3411,2021,Assam,18,Bongaigaon,281,Bongaigaon,8,2,0,0,0,0,322,24,0,,118,0,19,0,0,3,0,0,53,0,19,0,117,0,0,0,0,0,0,0,0,0,0,0,0,50,15,16,2,0,0,0
3412,2021,Assam,18,Kamrup Metro,618,Cid,0,0,0,0,0,0,0,0,0,,0,0,0,0,0,0,0,0,1,0,0,0,0,0,0,0,0,0,0,0,0,0,0,0,0,0,0,0,0,0,0,0
3413,2021,Assam,18,Cachar,282,Cachar,0,8,0,0,0,0,594,0,0,,137,0,221,0,113,0,0,0,51,0,0,0,137,0,0,0,0,0,0,0,0,1,0,0,0,70,0,0,0,0,0,0
3414,2021,Assam,18,Chirang,612,Chirang,0,2,0,0,0,0,148,6,0,,24,0,11,0,52,1,0,0,30,0,3,0,12,0,0,3,2,0,0,0,0,0,0,8,2,26,5,1,12,2,0,0
3415,2021,Assam,18,Darrang,283,Darrang,0,4,0,0,0,0,495,0,0,,179,0,6,0,12,1,0,0,73,26,15,0,249,0,0,0,2,0,0,0,0,0,0,33,0,52,0,0,0,0,0,0
3416,2021,Assam,18,Dhemaji,284,Dhemaji,0,0,3,0,0,0,181,0,0,,50,0,7,0,0,0,0,0,29,50,14,0,95,0,0,0,9,1,0,0,0,0,0,1,6,24,7,0,1,0,0,0
3417,2021,Assam,18,Dhubri,285,Dhubri,0,9,0,1,0,0,1078,17,2,,79,0,54,0,116,0,0,0,159,0,98,0,550,0,17,0,81,0,0,0,0,0,0,16,54,91,20,10,2,1,0,0
3418,2021,Assam,18,Dibrugarh,286,Dibrugarh,0,6,0,0,1,0,397,44,0,,117,0,6,0,35,0,0,0,28,18,0,0,65,0,0,0,73,2,0,0,0,0,0,0,0,34,23,8,0,1,0,0
3419,2021,Assam,18,Kamrup Metro,618,Grp,0,0,0,0,0,0,0,0,0,,0,0,0,0,0,2,0,0,0,0,0,0,5,0,0,0,0,0,0,0,0,0,0,0,0,0,0,0,0,0,0,0
3420,2021,Assam,18,Goalpara,287,Goalpara,0,0,0,0,0,0,170,0,0,,44,0,0,0,0,0,0,0,41,119,21,0,46,0,0,0,0,0,0,0,0,0,0,45,0,41,0,0,0,0,0,0
3421,2021,Assam,18,Golaghat,288,Golaghat,0,1,1,0,0,0,362,14,0,,209,0,1,0,15,1,0,0,38,18,7,0,66,0,6,0,15,0,0,0,0,0,0,1,0,28,14,5,1,0,0,0
3422,2021,Assam,18,Kamrup Metro,618,Guwahati City,0,2,20,7,0,1,936,176,0,,170,0,53,0,0,0,0,0,63,0,10,0,241,0,0,0,29,0,0,0,0,7,0,10,74,37,30,12,2,0,0,0
3423,2021,Assam,18,Hailakandi,289,Hailakandi,0,3,0,0,0,0,409,0,0,,55,0,26,0,30,0,0,0,123,0,17,0,169,0,3,0,1,0,0,0,0,0,0,0,0,31,17,6,0,0,0,0
3424,2021,Assam,18,West Karbi Anglong,710,Hamren,0,0,0,0,0,0,19,0,0,,0,0,0,0,0,0,0,0,6,0,0,0,4,0,0,0,0,0,0,0,0,0,0,0,0,9,0,0,0,0,0,0
3425,2021,Assam,18,Jorhat,290,Jorhat,0,1,0,0,0,0,541,0,0,,123,0,21,0,0,0,0,0,31,0,19,0,202,0,0,0,0,0,0,0,0,0,0,1,0,30,13,3,3,1,0,0
3426,2021,Assam,18,Kamrup,291,Kamrup,34,6,11,0,0,1,492,36,0,,198,0,23,0,65,5,0,0,109,34,67,0,266,0,49,2,77,0,0,0,0,1,1,9,26,65,33,13,0,1,0,0
3427,2021,Assam,18,Karbi Anglong,292,Karbi Anglong,0,0,0,0,0,0,82,0,0,,5,0,0,0,0,0,0,0,19,22,0,2,19,0,0,0,4,0,0,0,0,0,0,4,0,10,8,2,2,0,0,0
3428,2021,Assam,18,Karimganj,293,Karimganj,0,12,0,0,3,1,471,43,0,,30,0,6,0,0,1,0,0,49,0,18,0,73,0,8,0,4,0,0,0,0,0,0,5,0,34,7,1,0,1,0,0
3429,2021,Assam,18,Kokrajhar,294,Kokrajhar,1,5,0,0,0,0,226,0,0,,45,0,0,0,10,3,0,0,41,13,5,0,94,0,0,0,12,0,0,0,0,0,0,0,0,68,0,0,0,0,0,0
3430,2021,Assam,18,Lakhimpur,295,Lakhimpur,0,2,0,0,1,0,434,15,0,,110,0,39,0,0,1,0,0,50,0,15,0,152,0,5,0,90,0,0,0,0,2,0,0,0,60,23,3,0,0,0,0
3431,2021,Assam,18,Marigaon,296,Morigaon,0,79,22,0,1,0,827,194,0,,0,0,0,0,0,15,0,0,98,51,15,0,118,0,0,0,8,0,0,0,0,0,0,12,1,82,25,15,1,5,0,0
3432,2021,Assam,18,Dima Hasao,299,Dima Hasao,0,0,2,0,0,0,3,2,0,,9,0,0,0,0,0,0,0,3,0,0,0,1,0,0,0,0,0,0,0,0,0,0,1,0,5,1,0,1,0,0,0
3433,2021,Assam,18,Nagaon,297,Nagaon,0,5,6,3,0,0,945,76,2,,272,0,40,0,28,1,0,0,116,0,39,0,111,0,3,0,88,0,0,0,0,5,0,12,0,62,18,7,2,0,0,0
3434,2021,Assam,18,Nalbari,298,Nalbari,0,3,1,0,0,0,277,4,0,,65,0,43,0,25,1,0,0,23,0,13,0,107,0,29,0,50,0,0,0,0,0,0,3,4,22,5,2,0,0,1,0
3435,2021,Assam,18,Kamrup Metro,618,Rpo,0,0,0,0,0,0,5,0,0,,0,0,0,0,0,0,0,0,3,1,0,0,2,0,0,0,0,0,0,0,0,0,0,0,0,5,1,0,0,0,0,0
3436,2021,Assam,18,Kamrup Metro,618,Sou,0,0,0,0,0,0,0,0,0,,0,0,0,0,0,0,0,0,0,0,0,0,0,0,0,0,0,0,0,0,0,0,0,0,0,0,0,0,0,0,0,0
3437,2021,Assam,18,Kamrup Metro,618,Stf,0,0,0,0,0,0,0,0,0,,0,0,0,0,0,0,0,0,0,0,0,0,0,0,0,0,0,0,0,0,0,0,0,0,0,0,0,0,0,0,0,0
3438,2021,Assam,18,Sivasagar,300,Sibsagar,0,0,0,0,0,0,354,12,0,,82,0,0,0,0,1,0,0,15,89,6,0,89,0,30,0,0,0,0,0,0,1,0,42,0,32,3,4,0,0,0,0
3439,2021,Assam,18,Sonitpur,301,Sonitpur,0,0,0,0,0,0,555,0,0,,166,0,6,0,0,0,0,0,70,0,0,0,250,0,0,0,0,0,0,0,0,0,0,0,30,28,42,10,0,0,0,0
3440,2021,Assam,18,Tinsukia,302,Tinsukia,0,5,0,0,0,0,300,0,0,,130,0,49,0,0,0,0,0,67,0,22,0,68,0,28,0,0,0,0,0,0,0,0,0,0,37,20,4,0,1,0,0
3441,2021,Assam,18,Udalguri,617,Udalguri,0,0,9,0,0,0,149,17,0,,0,0,7,0,121,13,0,0,19,0,3,0,106,0,2,0,1,0,0,0,0,0,0,0,0,41,0,0,0,0,0,0
3442,2021,Assam,18,Tinsukia,302,Sadia,0,0,0,0,0,0,37,0,0,,0,0,5,0,0,0,0,0,16,0,0,0,0,0,0,0,0,0,0,0,0,0,0,8,0,9,0,0,0,0,0,0
3443,2021,Assam,18,Majuli,706,Majuli,0,4,0,0,0,0,30,8,0,,5,0,0,0,0,0,0,0,2,0,1,0,15,0,0,0,0,0,0,0,0,0,0,0,0,8,3,0,0,0,0,0
3444,2021,Assam,18,Biswanath,705,Biswanath,0,1,3,0,0,0,173,11,0,,18,0,37,0,10,3,0,0,24,0,16,0,76,0,0,0,0,0,0,0,0,0,0,1,6,12,9,0,0,0,0,0
3445,2021,Assam,18,Hojai,709,Hojai,1,5,0,0,0,0,595,24,0,,109,0,51,0,20,2,0,0,64,0,27,0,155,0,4,0,11,0,0,0,0,0,0,5,1,41,7,10,0,0,0,0
3446,2021,Assam,18,South Salmara Mancachar,707,South Salmara,0,10,1,1,1,0,337,0,0,,30,0,30,0,0,0,0,0,52,3,13,0,38,0,0,0,0,0,0,0,0,0,0,2,0,34,8,0,0,1,0,0
3447,2021,Assam,18,Charaideo,708,Charaideo,1,5,3,0,0,0,38,16,0,,24,0,0,0,0,0,0,0,15,19,4,0,28,0,0,0,1,0,0,0,0,0,0,7,0,21,11,0,5,0,0,0
3448,2021,Bihar,10,Araria,188,Araria,0,12,0,0,0,0,51,1,0,,54,0,0,0,43,1,0,0,39,89,0,0,7,0,0,0,85,2,0,0,0,0,0,0,0,25,11,0,0,0,0,0
3449,2021,Bihar,10,Arwal,611,Arwal,0,8,1,0,0,0,11,0,0,,9,0,0,0,0,0,0,0,3,18,0,0,4,0,0,0,17,0,0,0,0,2,0,1,0,7,10,0,0,0,0,0
3450,2021,Bihar,10,Aurangabad,189,Aurangabad,0,12,0,0,0,0,42,0,0,,35,0,0,0,21,1,0,0,36,73,0,0,9,0,0,0,62,0,0,0,0,0,0,0,0,0,42,0,0,0,0,0
3451,2021,Bihar,10,Pashchim Champaran,211,Bagaha,0,15,0,0,0,0,31,20,0,,12,0,0,0,2,2,0,0,8,62,4,0,12,4,0,0,24,0,0,0,0,0,0,0,0,6,15,0,0,0,0,0
3452,2021,Bihar,10,Banka,190,Banka,0,12,0,0,0,0,10,3,0,,66,0,0,0,1,0,0,0,6,52,0,0,6,0,0,0,61,0,0,0,0,0,0,0,0,14,10,0,0,0,0,0
3453,2021,Bihar,10,Begusarai,191,Begusarai,0,17,0,0,0,0,28,0,0,,65,0,0,0,54,0,0,0,23,26,0,0,4,0,0,0,42,3,0,0,0,0,0,0,0,6,11,0,0,0,0,0
3454,2021,Bihar,10,Pashchim Champaran,211,Bettiah,0,30,0,0,0,0,73,12,0,,76,0,0,0,19,0,0,0,27,54,0,0,0,0,0,0,159,1,0,0,0,0,0,0,0,9,65,1,41,0,0,0
3455,2021,Bihar,10,Kaimur (Bhabua),200,Kaimur(Bhabhua),0,10,0,0,0,0,8,14,0,,13,0,0,0,17,2,0,0,11,40,0,0,16,0,0,0,37,1,0,0,0,0,0,0,0,14,8,0,1,0,0,0
3456,2021,Bihar,10,Bhagalpur,192,Bhagalpur,0,14,0,0,0,0,70,0,0,,150,0,0,0,27,0,0,0,32,104,0,0,10,0,0,0,140,4,0,0,0,0,0,0,0,27,28,0,0,0,0,0
3457,2021,Bihar,10,Bhojpur,193,Bhojpur,0,31,0,0,0,0,80,15,0,,75,0,0,0,33,0,0,0,19,103,4,0,4,0,0,0,171,0,1,0,0,0,0,0,0,20,21,0,0,0,0,0
3458,2021,Bihar,10,Buxar,194,Buxar,0,20,0,0,0,0,35,0,0,,21,0,0,0,0,0,0,0,16,105,0,0,5,0,0,0,59,0,0,0,0,0,0,0,0,7,6,0,0,0,0,0
3459,2021,Bihar,10,Darbhanga,195,Darbhanga,0,21,0,0,0,0,37,21,0,,151,0,0,0,56,0,0,0,27,36,0,0,50,0,0,0,115,0,0,0,0,0,0,0,0,26,6,0,0,0,0,0
3460,2021,Bihar,10,Gaya,196,Gaya,0,42,0,0,0,0,105,17,0,,220,0,0,0,88,1,0,0,49,11,0,0,22,0,0,0,131,0,0,0,0,0,0,0,0,20,42,0,0,0,0,0
3461,2021,Bihar,10,Gopalganj,197,Gopalganj,0,36,0,0,0,0,51,0,0,,61,0,0,0,5,0,0,0,11,188,0,0,0,0,0,0,90,0,0,0,0,0,0,0,0,13,0,0,0,0,0,0
3462,2021,Bihar,10,Munger,207,Jamalpur Railway,0,0,0,0,0,0,0,0,0,,0,0,0,0,0,0,0,0,0,2,0,0,1,0,0,0,0,0,0,0,0,0,0,0,0,0,0,0,0,0,0,0
3463,2021,Bihar,10,Jamui,198,Jamui,0,16,0,0,0,0,17,16,0,,53,0,0,0,26,0,0,0,12,31,0,0,3,0,0,0,44,0,0,0,0,0,0,0,0,4,2,1,0,0,0,0
3464,2021,Bihar,10,Jehanabad,199,Jehanabad,0,22,0,0,0,0,12,14,0,,26,0,0,0,16,0,0,0,0,16,0,0,0,0,0,0,29,0,0,0,0,0,0,0,0,10,14,0,0,0,0,0
3465,2021,Bihar,10,Katihar,201,Katihar,0,14,0,0,0,0,42,0,0,,134,0,0,0,0,0,0,0,62,19,0,0,6,0,0,0,108,0,0,0,0,0,0,0,0,12,36,0,0,0,0,0
3466,2021,Bihar,10,Katihar,201,Katihar Railway,0,0,0,0,0,0,1,2,0,,1,0,0,0,0,0,0,0,0,0,0,0,1,0,0,0,0,0,0,0,0,0,0,0,0,0,0,0,0,0,0,0
3467,2021,Bihar,10,Khagaria,202,Khagaria,0,11,0,0,0,0,17,0,0,,64,0,0,0,7,0,0,0,12,91,0,0,3,0,0,0,51,0,0,0,0,0,0,0,0,3,11,0,0,0,0,0
3468,2021,Bihar,10,Kishanganj,203,Kishanganj,0,8,0,0,0,0,33,24,0,,34,0,0,0,4,1,0,0,34,21,0,0,2,1,0,0,72,0,4,0,0,0,0,0,0,16,6,1,0,0,0,0
3469,2021,Bihar,10,Lakhisarai,204,Lakhisarai,0,8,0,0,1,0,24,29,0,,33,0,0,0,5,0,0,0,2,46,0,0,0,0,0,1,29,0,0,0,0,0,0,4,0,7,9,0,0,0,0,0
3470,2021,Bihar,10,Madhepura,205,Madhepura,0,14,0,0,0,0,23,0,0,,48,0,0,0,0,1,0,0,8,87,1,0,2,0,0,0,42,0,0,0,0,0,0,0,0,7,12,0,0,0,0,0
3471,2021,Bihar,10,Madhubani,206,Madhubani,0,29,0,0,0,0,151,5,0,,90,0,0,0,3,0,0,0,21,59,0,0,5,0,0,0,34,0,0,0,0,0,0,0,0,27,26,11,0,0,0,0
3472,2021,Bihar,10,Purbi Champaran,213,Motihari,0,66,0,0,0,0,152,111,0,,78,0,0,0,48,0,0,0,24,74,0,0,0,0,0,0,112,0,0,0,0,0,0,0,0,33,7,0,80,0,0,0
3473,2021,Bihar,10,Munger,207,Munger,0,16,4,0,0,0,27,30,4,,59,0,0,0,17,0,0,0,8,71,8,0,9,1,0,1,52,0,0,0,0,0,0,0,0,8,7,0,2,0,0,0
3474,2021,Bihar,10,Muzaffarpur,208,Muzaffarpur,0,69,0,0,0,0,105,62,0,,203,0,0,0,86,0,0,0,62,283,0,0,31,0,0,0,130,2,0,0,0,0,0,0,0,23,45,0,0,0,0,0
3475,2021,Bihar,10,Muzaffarpur,208,Muzaffarpur Railway,0,0,0,0,0,0,0,0,0,,2,0,1,0,0,2,0,0,0,0,0,0,3,0,0,0,0,0,0,0,0,0,0,0,0,0,1,0,0,0,0,0
3476,2021,Bihar,10,Nalanda,209,Nalanda,0,49,0,0,0,0,102,50,0,,253,0,0,0,52,0,0,0,5,0,0,0,1,0,0,0,137,2,0,0,0,0,0,0,0,30,26,0,0,0,0,0
3477,2021,Bihar,10,Bhagalpur,192,Naugachia,0,4,0,0,0,1,8,22,0,,67,0,0,0,26,0,1,0,5,0,0,0,4,0,1,0,30,0,0,0,0,0,0,0,0,6,2,1,0,0,0,0
3478,2021,Bihar,10,Nawada,210,Nawadah,0,23,0,0,0,0,39,31,0,,45,0,0,0,32,1,0,0,11,88,0,0,3,0,0,0,39,0,0,2,0,0,0,0,0,20,18,0,4,0,0,0
3479,2021,Bihar,10,Patna,212,Patna,0,73,0,0,0,0,206,73,0,,262,0,0,0,390,0,0,0,44,125,0,0,32,0,0,0,322,0,1,0,0,0,0,0,0,39,49,15,0,0,0,0
3480,2021,Bihar,10,Patna,212,Patna Railway,0,0,0,0,0,0,0,0,0,,0,0,0,0,2,0,0,0,0,0,0,0,0,0,0,0,1,0,0,0,0,0,0,0,0,0,0,0,0,0,0,0
3481,2021,Bihar,10,Rohtas,215,Rohtas,0,30,0,0,0,0,42,6,0,,43,0,0,0,53,0,0,0,7,103,0,0,6,0,0,0,91,0,1,0,0,0,0,0,0,34,5,0,0,0,0,0
3482,2021,Bihar,10,Saharsa,216,Saharsa,0,11,0,0,0,0,14,27,0,,85,0,0,0,0,0,0,0,7,6,0,0,2,0,0,0,51,0,0,0,0,0,0,0,0,4,1,0,0,0,0,0
3483,2021,Bihar,10,Samastipur,217,Samastipur,0,40,0,0,0,0,31,0,0,,113,0,0,0,0,0,0,0,23,195,0,0,62,0,0,0,78,0,0,2,0,0,0,0,0,27,18,0,2,0,0,0
3484,2021,Bihar,10,Saran,218,Saran,0,55,0,0,0,0,115,52,0,,305,0,0,0,4,1,0,0,25,75,25,0,18,0,0,0,216,0,0,0,0,1,0,0,0,6,25,4,0,0,0,0
3485,2021,Bihar,10,Sheikhpura,219,Sheikhpura,0,8,0,0,0,0,14,15,0,,11,0,0,0,8,0,0,0,4,0,0,0,6,0,0,0,39,0,0,0,0,0,0,0,0,1,25,0,0,0,0,0
3486,2021,Bihar,10,Sheohar,220,Sheohar,0,6,0,0,0,0,11,6,0,,18,0,0,0,0,0,0,0,6,30,0,0,1,0,0,0,28,0,0,0,0,0,0,0,0,5,4,0,0,0,0,0
3487,2021,Bihar,10,Sitamarhi,221,Sitamarhi,0,32,0,0,0,0,68,55,0,,228,0,0,0,0,2,0,0,17,15,0,0,9,0,0,0,134,3,0,0,0,0,0,0,0,36,41,0,0,0,0,0
3488,2021,Bihar,10,Siwan,222,Siwan,0,34,0,0,0,0,27,45,5,,53,0,0,0,5,0,0,0,13,144,0,0,2,0,0,0,75,0,0,0,0,0,0,0,0,17,11,0,0,0,0,0
3489,2021,Bihar,10,Supaul,223,Supaul,0,5,0,0,0,0,20,25,0,,42,0,0,0,10,0,0,0,11,60,0,0,0,0,0,0,72,0,0,0,0,0,0,0,0,19,28,0,0,0,0,0
3490,2021,Bihar,10,Vaishali,224,Vaishali,0,55,0,0,0,0,50,17,0,,204,0,0,0,0,0,0,0,3,197,15,0,20,0,0,0,99,0,0,0,0,0,0,0,0,26,9,0,5,0,0,0
3491,2021,Bihar,10,Patna,212,Economic Offences Unit,0,0,0,0,0,0,0,0,0,,0,0,0,0,0,0,0,0,0,0,0,0,0,0,0,0,0,0,0,0,0,0,0,0,0,0,0,0,0,0,0,0
3492,2021,Bihar,10,Patna,212,Anti Terrorist Squad,0,0,0,0,0,0,0,0,0,,0,0,0,0,0,0,0,0,0,0,0,0,0,0,0,0,0,0,0,0,0,0,0,0,0,0,0,0,0,0,0,0
3493,2021,Chhattisgarh,22,Balod,646,Balod,0,4,6,0,0,0,17,0,0,,0,0,0,0,0,1,0,0,18,0,1,0,32,0,4,0,0,0,0,0,0,0,0,1,0,68,15,1,0,0,0,0
3494,2021,Chhattisgarh,22,Balrampur Ramanujganj,649,Balrampur,2,1,8,0,0,0,26,44,0,,0,0,0,0,0,0,0,0,76,0,0,0,46,0,2,0,0,0,0,0,0,0,0,0,0,109,19,0,0,0,0,0
3495,2021,Chhattisgarh,22,Bemetara,650,Bemetra,0,5,4,0,0,0,25,33,0,,0,0,0,0,0,0,0,0,25,24,0,0,36,0,10,0,0,0,0,0,0,0,0,6,0,41,14,2,0,0,0,0
3496,2021,Chhattisgarh,22,Bilaspur,375,Bilaspur,0,7,13,0,0,0,126,0,0,,0,0,0,0,0,0,0,0,89,0,0,0,111,0,0,0,0,0,0,0,0,0,0,0,0,60,0,0,0,0,0,1
3497,2021,Chhattisgarh,22,Bijapur,636,Bizapur,0,0,0,0,0,0,0,10,0,,0,0,0,0,0,0,0,0,9,0,0,0,5,0,0,0,0,0,0,0,0,0,0,0,0,20,0,0,0,0,0,0
3498,2021,Chhattisgarh,22,Dakshin Bastar Dantewada,376,Dantewara,0,0,0,0,0,0,4,11,0,,1,0,0,0,0,1,0,0,9,1,0,0,3,0,1,0,0,0,0,0,0,0,0,1,0,15,2,0,2,0,0,0
3499,2021,Chhattisgarh,22,Dhamtari,377,Dhamtari,0,3,4,0,0,0,12,33,0,,1,0,0,0,0,0,0,0,23,2,0,0,33,0,6,0,0,0,0,0,0,0,0,0,0,53,20,0,0,0,0,0
3500,2021,Chhattisgarh,22,Durg,378,Durg,0,5,4,0,0,0,138,175,0,,0,0,0,0,14,1,0,0,59,9,1,0,87,0,35,0,0,0,0,0,0,1,0,2,0,85,43,0,0,0,0,0
3501,2021,Chhattisgarh,22,Gariyaband,645,Gariyaband,0,1,1,0,0,0,4,19,0,,0,0,0,0,0,0,0,0,21,0,0,0,27,0,4,0,0,0,0,0,0,0,0,0,0,45,11,0,0,0,0,0
3502,2021,Chhattisgarh,22,Raipur,387,Grp Raipur,0,0,0,0,0,0,0,5,0,,0,0,0,0,0,1,0,0,1,0,0,0,0,0,0,0,0,0,0,0,0,0,0,0,0,2,2,0,0,0,0,0
3503,2021,Chhattisgarh,22,Bastar,374,Jagdalpur,0,1,0,0,0,0,14,0,0,,0,0,0,0,0,1,0,0,44,0,0,0,21,0,8,0,1,0,0,0,0,0,0,0,0,96,9,2,0,0,0,0
3504,2021,Chhattisgarh,22,Janjgir-Champa,379,Janjgir,1,1,3,0,0,0,56,148,0,,1,0,1,0,1,0,0,0,53,7,0,0,94,0,15,0,0,0,0,0,0,0,0,5,0,90,44,2,0,0,0,0
3505,2021,Chhattisgarh,22,Jashpur,380,Jashpur,0,2,4,0,0,0,9,34,0,,0,0,0,0,1,2,0,0,66,5,0,0,30,0,2,0,0,0,0,0,0,0,0,0,0,107,10,3,0,0,0,0
3506,2021,Chhattisgarh,22,Kabeerdham,382,Kabirdham,0,0,3,0,0,0,25,71,0,,0,0,0,0,0,0,0,0,26,2,0,0,67,0,11,0,0,0,0,0,0,0,0,2,0,44,17,0,0,0,0,0
3507,2021,Chhattisgarh,22,Uttar Bastar Kanker,381,Kanker,0,0,3,0,0,0,8,0,0,,0,0,0,0,0,0,0,0,36,0,0,0,19,0,7,0,0,0,0,0,0,0,0,7,0,59,10,2,0,0,0,0
3508,2021,Chhattisgarh,22,Kondagaon,643,Kondagaon,0,2,5,0,0,0,2,44,0,,2,0,0,0,0,1,0,0,10,0,0,0,19,0,9,0,0,0,0,0,0,0,0,8,5,49,8,0,0,0,0,0
3509,2021,Chhattisgarh,22,Korba,383,Korba,3,4,11,0,0,0,30,76,0,,0,2,0,0,2,0,0,0,52,0,0,0,53,0,9,0,0,0,0,0,0,0,0,2,0,69,22,2,2,0,0,0
3510,2021,Chhattisgarh,22,Korea,384,Koriya,0,0,6,0,0,0,38,61,0,,0,0,0,0,0,0,0,0,42,0,0,0,82,0,8,0,1,0,0,0,0,0,0,0,0,86,15,1,0,0,0,0
3511,2021,Chhattisgarh,22,Mahasamund,385,Mahasamund,0,1,0,0,0,0,12,0,0,,0,0,0,0,0,0,0,0,30,0,0,0,14,0,7,0,0,0,0,0,0,0,0,0,0,46,0,0,0,0,0,0
3512,2021,Chhattisgarh,22,Mungeli,647,Mungali,0,1,7,0,0,0,28,53,0,,0,0,0,0,0,0,0,0,17,1,0,0,30,0,3,0,1,0,0,0,0,0,0,0,0,37,12,0,0,0,0,0
3513,2021,Chhattisgarh,22,Narayanpur,637,Narayanpur,0,0,0,0,0,0,0,0,0,,0,0,0,0,0,0,0,0,9,0,0,0,3,0,0,0,0,0,0,0,0,0,0,1,0,23,0,0,0,0,0,0
3514,2021,Chhattisgarh,22,Raigarh,386,Raigarh,0,6,0,0,0,0,46,0,0,,0,0,0,0,0,0,0,0,49,0,0,0,79,0,17,0,1,2,0,0,0,0,0,0,0,92,33,1,0,0,0,0
3515,2021,Chhattisgarh,22,Raipur,387,Raipur,0,5,9,0,0,0,149,4,0,,0,0,0,0,0,0,0,0,95,0,0,0,123,0,37,0,4,0,0,0,0,0,0,35,0,156,54,6,0,0,0,0
3516,2021,Chhattisgarh,22,Rajnandgaon,388,Rajnandgaon,0,9,7,0,0,0,52,0,0,,0,0,0,0,0,0,0,0,54,3,1,0,65,0,14,0,0,0,0,0,0,0,0,0,0,61,29,0,0,0,0,0
3517,2021,Chhattisgarh,22,Surguja,389,Sarguja,0,4,8,0,0,0,60,79,0,,0,0,0,0,0,5,0,0,67,0,1,0,53,0,8,0,0,0,0,0,0,0,0,16,0,110,16,0,0,0,0,0
3518,2021,Chhattisgarh,22,Sukma,642,Sukma,0,0,2,0,0,0,1,1,0,,0,0,0,0,0,0,0,0,9,0,0,0,0,0,0,0,0,0,0,0,0,0,0,0,0,10,0,0,0,0,0,0
3519,2021,Chhattisgarh,22,Surajpur,648,Surajpur,1,0,10,0,0,0,50,27,0,,2,0,1,0,2,0,0,0,63,7,0,0,33,0,7,0,0,0,0,0,0,0,1,0,0,83,16,1,0,0,0,0
3520,2021,Chhattisgarh,22,Gaurela Pendra Marwahi,734,Gaurela-Pendra-Marwari,0,0,2,0,0,0,7,24,0,,0,0,0,0,0,1,0,0,8,0,0,0,11,1,4,0,0,0,0,0,0,0,0,0,0,25,8,0,0,0,0,0
3521,2021,Goa,30,North Goa,551,North Goa,0,0,0,0,0,0,1,21,0,,0,0,0,0,5,4,0,0,15,0,0,24,34,0,12,11,0,1,0,0,0,0,0,1,0,0,0,0,0,0,0,0
3522,2021,Goa,30,South Goa,552,South Goa,0,0,0,0,0,0,0,10,0,,0,0,0,0,3,2,0,0,9,0,0,21,20,0,8,7,0,0,0,0,0,0,0,0,0,0,0,0,0,0,0,0
3523,2021,Goa,30,North Goa,551,Cid,0,0,0,0,0,0,0,0,0,,0,0,0,0,0,8,0,0,1,0,0,2,1,0,0,1,0,0,0,0,0,0,0,2,0,0,0,0,0,0,0,0
3524,2021,Gujarat,24,Ahmadabad,438,Ahmedabad City,2,0,49,2,0,5,801,64,0,,1,0,0,0,8,1,0,0,83,7,0,0,141,0,0,0,0,0,0,7,0,0,0,6,0,288,54,19,0,14,2,0
3525,2021,Gujarat,24,Ahmadabad,438,Ahmedabad Rural,0,0,11,0,0,0,15,5,0,,1,0,0,0,0,0,0,0,9,8,0,6,13,0,0,1,0,0,0,0,0,0,0,0,0,55,1,0,0,0,0,0
3526,2021,Gujarat,24,Amreli,439,Amreli,0,0,16,0,0,0,56,1,0,,0,0,0,0,1,0,0,0,21,26,0,0,16,0,1,1,0,0,0,0,0,0,0,0,0,41,6,0,0,0,0,0
3527,2021,Gujarat,24,Anand,440,Anand,0,1,9,1,1,0,41,0,0,,0,0,0,0,0,0,0,0,16,26,0,0,14,0,1,3,0,0,0,0,0,2,0,2,0,66,3,1,2,0,0,0
3528,2021,Gujarat,24,Arvalli,672,Arvalli,0,0,7,0,0,0,11,0,0,,39,0,0,0,0,0,0,0,10,0,0,0,9,0,0,0,0,0,0,0,0,0,0,0,0,22,0,0,0,0,0,0
3529,2021,Gujarat,24,Banas Kantha,441,Banaskantha,0,0,1,0,0,0,53,38,0,,0,0,0,0,1,1,0,0,37,0,0,0,22,0,1,0,0,0,4,0,0,0,0,0,0,51,10,0,12,0,0,0
3530,2021,Gujarat,24,Bharuch,442,Bharuch,1,0,12,0,1,0,42,7,0,,1,0,0,0,1,0,0,0,18,28,0,0,12,0,0,0,0,0,0,0,0,0,0,1,0,20,10,32,0,0,0,0
3531,2021,Gujarat,24,Bhavnagar,443,Bhavnagar,0,1,19,0,0,0,75,1,0,,2,0,0,0,2,0,0,0,21,24,0,0,17,0,0,0,0,0,0,0,0,0,0,2,0,60,5,0,0,12,0,0
3532,2021,Gujarat,24,Botad,676,Botad,0,0,7,0,0,0,3,2,0,,1,0,0,0,0,0,0,0,4,7,0,0,4,0,0,0,0,0,0,0,0,0,0,2,1,25,8,0,0,0,0,0
3533,2021,Gujarat,24,Chhotaudepur,668,Chhotaudepur,0,0,6,0,0,0,4,2,2,,1,0,0,0,0,0,0,0,16,10,0,0,10,0,0,0,0,0,0,0,0,0,0,0,0,87,2,0,0,0,0,0
3534,2021,Gujarat,24,Gandhinagar,446,Cid Crime,0,0,0,0,0,0,0,0,0,,0,0,0,0,0,0,0,0,0,0,0,0,0,0,0,0,0,0,0,0,0,0,0,0,0,0,0,0,0,0,0,0
3535,2021,Gujarat,24,Dohad,445,Dahod,0,1,11,0,0,0,3,1,1,,1,0,0,0,3,0,0,0,12,61,0,1,6,0,1,2,0,0,0,0,0,0,0,3,2,84,6,0,0,0,0,0
3536,2021,Gujarat,24,Dang,444,Dang,0,0,0,0,0,0,0,0,0,,0,0,0,0,0,0,0,0,1,0,0,0,0,0,0,0,0,0,0,0,0,0,0,0,0,4,0,0,0,0,0,0
3537,2021,Gujarat,24,Devbhumi Dwarka,674,Devbhumi Dwarka,0,0,6,0,0,0,38,0,0,,0,0,0,0,0,0,0,0,3,17,0,0,3,0,0,1,0,0,0,0,0,0,0,2,2,14,0,0,0,0,0,0
3538,2021,Gujarat,24,Gandhinagar,446,Gandhinagar,1,0,8,0,0,0,36,4,0,,1,0,0,0,0,0,0,0,10,18,0,0,14,0,0,0,0,0,0,0,0,0,0,0,0,72,5,0,0,0,0,0
3539,2021,Gujarat,24,Gir Somnath,675,Gir Somnath,0,0,5,1,2,0,19,2,0,,0,0,0,0,0,0,0,0,14,12,0,0,5,0,0,1,0,0,0,0,0,0,0,0,0,10,2,0,0,0,0,0
3540,2021,Gujarat,24,Jamnagar,447,Jamnagar,0,0,9,0,0,0,29,1,0,,0,0,0,0,1,0,0,0,15,28,0,0,11,0,0,0,0,1,0,0,0,0,0,0,0,28,4,0,0,0,0,0
3541,2021,Gujarat,24,Junagadh,448,Junagadh,0,1,9,0,0,1,85,1,0,,0,0,0,0,0,0,0,0,8,20,0,0,11,0,0,0,0,0,0,0,0,0,0,0,0,42,2,0,0,0,0,0
3542,2021,Gujarat,24,Kachchh,449,Kachchh East(G),1,0,6,0,0,0,63,0,0,,1,0,0,0,0,1,0,0,14,27,0,0,9,0,0,6,0,0,0,0,0,0,0,1,0,21,1,0,0,1,0,0
3543,2021,Gujarat,24,Kachchh,449,Kachchh West(B),0,0,10,1,0,0,63,1,0,,2,0,0,0,1,0,0,0,15,18,0,0,21,0,0,5,0,0,0,0,0,0,0,0,0,31,10,0,1,0,0,0
3544,2021,Gujarat,24,Kheda,450,Kheda,0,0,12,0,0,0,30,9,0,,35,0,0,0,0,0,0,0,11,0,0,0,15,0,0,0,0,0,0,0,0,0,0,0,0,52,16,0,0,0,0,0
3545,2021,Gujarat,24,Mahisagar,669,Mahisagar,0,0,14,0,0,0,12,3,0,,0,0,0,0,0,0,0,0,6,9,0,0,15,0,0,1,0,0,0,0,0,0,0,0,0,32,1,0,0,0,0,0
3546,2021,Gujarat,24,Mahesana,451,Mehsana,0,0,14,0,0,0,64,4,0,,0,0,0,0,0,0,0,0,14,0,0,0,13,0,0,0,0,0,0,0,0,0,0,0,1,79,8,2,0,1,0,0
3547,2021,Gujarat,24,Morbi,673,Morbi,0,1,3,0,0,0,8,9,0,,0,0,0,0,0,0,0,0,6,7,0,0,3,0,0,0,0,0,2,0,0,0,0,0,0,41,4,0,0,0,0,0
3548,2021,Gujarat,24,Narmada,452,Narmada,0,0,4,0,0,0,3,0,0,,0,0,0,0,0,0,0,0,8,3,0,0,3,0,0,3,0,0,0,0,0,0,0,0,0,44,0,4,0,0,0,0
3549,2021,Gujarat,24,Navsari,453,Navsari,0,0,3,0,0,0,9,2,0,,0,0,0,0,0,1,0,0,2,1,0,0,5,0,0,0,0,0,0,0,0,0,0,0,0,16,2,0,0,0,1,0
3550,2021,Gujarat,24,Panch Mahals,454,Panchmahal,0,0,26,0,0,0,40,0,0,,32,0,0,0,0,0,0,0,15,0,0,0,11,0,0,0,0,0,0,0,0,0,0,3,0,56,0,6,0,0,0,0
3551,2021,Gujarat,24,Patan,455,Patan,0,0,9,0,0,0,34,6,0,,1,0,0,0,0,0,0,0,15,4,1,0,21,0,0,0,0,0,0,0,0,1,0,0,0,54,4,0,0,1,0,0
3552,2021,Gujarat,24,Porbandar,456,Porbandar,0,0,3,0,0,0,5,0,0,,2,0,0,0,0,0,0,0,3,3,0,0,4,0,0,0,0,0,0,0,0,0,0,0,0,18,0,0,0,0,0,0
3553,2021,Gujarat,24,Rajkot,457,Rajkot City,1,0,17,0,0,0,110,0,0,,0,0,0,0,0,0,0,0,10,20,0,0,14,0,0,0,0,0,11,0,0,0,0,0,0,47,9,2,0,1,0,0
3554,2021,Gujarat,24,Rajkot,457,Rajkot Rural,0,0,7,0,0,0,65,0,0,,0,0,0,0,0,0,0,0,16,12,0,0,18,0,0,1,0,0,0,0,0,0,0,0,0,85,5,0,0,0,0,0
3555,2021,Gujarat,24,Sabar Kantha,458,Sabarkantha,0,0,8,0,0,0,64,0,0,,1,0,0,0,0,0,0,0,11,30,0,0,22,0,1,1,0,0,0,0,0,0,0,1,0,69,1,0,0,0,0,0
3556,2021,Gujarat,24,Surat,459,Surat City,1,3,18,0,0,0,274,0,0,,32,0,0,0,0,4,0,0,52,12,0,0,43,0,1,0,1,0,0,0,0,0,0,0,0,150,26,3,0,1,1,0
3557,2021,Gujarat,24,Surat,459,Surat Rural,0,1,7,0,1,0,10,3,0,,12,0,0,0,0,0,0,0,10,1,0,0,9,0,0,0,0,0,4,0,0,0,0,2,0,47,7,0,0,0,0,0
3558,2021,Gujarat,24,Surendranagar,460,Surendranagar,0,0,8,0,0,0,10,0,0,,0,0,0,0,0,0,0,0,15,20,0,0,9,0,0,3,0,0,0,0,0,0,0,1,0,55,0,0,0,0,0,0
3559,2021,Gujarat,24,Tapi,641,Tapi,0,0,0,0,0,0,2,0,0,,1,0,0,0,0,0,0,0,2,1,0,0,2,0,0,0,1,0,0,0,0,0,0,1,1,14,1,1,0,2,0,0
3560,2021,Gujarat,24,Vadodara,461,Vadodara City,0,1,11,0,0,0,62,1,0,,15,0,0,0,0,0,0,0,34,4,0,0,33,0,0,0,0,0,4,0,0,0,0,3,0,60,10,0,0,0,0,0
3561,2021,Gujarat,24,Vadodara,461,Vadodara Rural,0,0,9,0,0,0,16,6,0,,1,0,0,0,0,0,0,0,15,11,0,0,21,0,0,10,0,0,0,0,0,0,0,0,0,91,9,0,1,0,0,0
3562,2021,Gujarat,24,Valsad,462,Valsad,0,1,9,1,1,0,14,19,0,,0,0,0,0,1,2,0,0,9,6,0,0,12,0,1,0,1,0,2,0,0,0,0,6,0,29,4,0,0,0,0,0
3563,2021,Gujarat,24,Ahmadabad,438,Cyber Ahmedabad Range,0,0,0,0,0,0,0,0,0,,0,0,0,0,0,0,0,0,0,0,0,0,5,0,0,0,0,0,0,0,0,0,0,1,0,0,0,1,0,0,0,0
3564,2021,Gujarat,24,Bhavnagar,443,Cyber Bhavnagar Range,0,0,0,0,0,0,0,0,0,,0,0,0,0,0,0,0,0,0,0,0,0,0,0,0,0,0,0,0,0,0,0,0,0,0,0,0,0,0,0,0,0
3565,2021,Gujarat,24,Kachchh,449,Cyber Border Range,0,0,0,0,0,0,0,0,0,,0,0,0,0,0,0,0,0,0,0,0,0,0,0,0,0,0,0,0,0,0,0,0,0,0,0,0,0,0,0,0,0
3566,2021,Gujarat,24,Gandhinagar,446,Cyber Gandhinagar Range,0,0,0,0,0,0,0,0,0,,0,0,0,0,0,0,0,0,0,0,0,0,1,0,0,0,0,0,0,0,0,0,0,0,0,0,0,0,0,0,0,0
3567,2021,Gujarat,24,Junagadh,448,Cyber Junagadh Range,0,0,0,0,0,0,0,0,0,,0,0,0,0,0,0,0,0,0,0,0,0,0,0,0,0,0,0,0,0,0,0,0,0,0,0,0,0,0,1,0,0
3568,2021,Gujarat,24,Panch Mahals,454,Cyber Panchmahal Range,0,0,0,0,0,0,0,0,0,,0,0,0,0,0,0,0,0,0,0,0,0,0,0,0,0,0,0,0,0,0,0,0,0,0,0,0,0,0,0,0,0
3569,2021,Gujarat,24,Rajkot,457,Cyber Rajkot Range,0,0,0,0,0,0,0,0,0,,0,0,0,0,0,0,0,0,0,0,0,0,0,0,0,0,0,0,0,0,0,0,0,0,0,0,0,0,0,0,0,0
3570,2021,Gujarat,24,Surat,459,Cyber Surat Range,0,0,0,0,0,0,0,0,0,,0,0,0,0,0,0,0,0,0,0,0,0,0,0,0,0,0,0,0,0,0,0,0,0,0,0,0,0,0,0,0,0
3571,2021,Gujarat,24,Vadodara,461,Cyber Vadodara Range,0,0,0,0,0,0,0,0,0,,0,0,0,0,0,0,0,0,0,0,0,0,0,0,0,0,0,0,0,0,0,0,0,0,0,0,0,0,0,0,0,0
3572,2021,Haryana,6,Ambala,58,Ambala,0,4,6,0,0,0,258,0,0,,70,0,28,0,35,3,0,0,59,0,1,0,88,0,6,0,0,0,0,0,0,0,0,0,0,50,17,24,0,0,0,0
3573,2021,Haryana,6,Bhiwani,59,Bhiwani,0,15,10,0,0,0,400,0,0,,34,1,37,0,0,0,1,0,55,1,13,0,128,0,0,0,0,0,0,0,0,2,0,4,0,37,23,17,0,0,0,0
3574,2021,Haryana,6,Faridabad,60,Faridabad,1,34,15,1,0,0,452,104,1,,43,0,154,0,9,6,0,0,144,0,10,0,118,0,21,0,4,0,0,0,0,0,0,3,0,120,51,11,1,0,0,0
3575,2021,Haryana,6,Fatehabad,61,Fatehabad,0,5,7,0,0,0,118,2,0,,1,0,27,0,2,0,0,0,36,9,0,0,47,0,4,0,0,0,0,0,0,1,2,2,0,36,21,0,0,0,0,0
3576,2021,Haryana,6,Ambala,58,Grp,0,3,3,0,0,0,0,0,0,,0,0,3,0,1,0,0,0,0,0,0,0,4,0,0,0,0,0,0,0,0,0,0,0,0,0,2,0,0,0,0,0
3577,2021,Haryana,6,Gurugram,62,Gurugram,3,18,21,2,2,0,346,30,0,,28,0,113,0,10,0,0,0,222,14,8,0,234,0,62,0,0,0,0,4,0,0,0,20,0,139,28,20,0,0,0,0
3578,2021,Haryana,6,Hisar,63,Hissar,0,8,10,0,0,0,308,0,0,,21,1,56,0,7,0,1,0,100,0,2,0,320,0,14,0,0,0,0,0,0,0,0,0,2,69,49,21,0,1,0,0
3579,2021,Haryana,6,Jhajjar,64,Jhajjar,0,23,11,0,0,0,338,0,0,,26,0,37,0,52,0,0,0,45,0,9,0,174,0,48,0,1,0,0,3,0,0,0,9,0,26,14,22,0,15,0,0
3580,2021,Haryana,6,Jind,65,Jind,0,14,11,0,2,0,168,0,0,,54,0,46,0,2,0,0,0,45,0,7,0,84,0,6,0,1,0,0,0,0,3,0,7,0,39,29,7,0,7,0,0
3581,2021,Haryana,6,Kaithal,66,Kaithal,1,4,13,0,0,0,165,0,0,,108,0,56,0,35,0,0,0,46,0,4,0,72,0,5,0,0,0,0,0,0,5,0,1,0,31,15,5,0,0,0,0
3582,2021,Haryana,6,Karnal,67,Karnal,0,4,14,1,0,0,368,0,0,,41,0,79,0,25,0,0,0,130,0,44,0,241,0,7,0,2,0,0,0,0,1,1,11,0,83,50,13,1,2,0,0
3583,2021,Haryana,6,Kurukshetra,68,Kurukshetra,0,4,5,0,0,0,266,0,0,,34,0,0,0,50,0,0,0,76,72,15,0,193,0,17,0,2,0,0,0,0,0,0,0,0,35,46,0,0,0,0,0
3584,2021,Haryana,6,Mahendragarh,69,Mahendergarh,0,8,5,0,0,0,116,1,0,,24,0,14,0,4,0,0,0,36,0,3,0,89,0,9,0,1,0,1,0,0,0,0,4,0,22,26,0,0,1,0,0
3585,2021,Haryana,6,Nuh,604,Nuh,1,19,1,0,0,0,107,2,0,,12,0,28,0,16,1,0,0,68,0,6,0,42,0,1,0,2,3,0,0,0,0,0,1,0,51,22,1,0,1,0,0
3586,2021,Haryana,6,Palwal,619,Palwal,1,24,0,2,0,0,267,0,0,,28,0,34,0,6,0,0,0,56,0,7,0,89,0,3,0,1,0,0,0,0,0,0,5,0,43,32,5,0,0,0,0
3587,2021,Haryana,6,Panchkula,70,Panchkula,0,4,1,0,0,0,149,0,0,,8,0,0,0,41,0,0,0,40,13,6,0,56,0,4,0,0,0,0,0,0,0,0,2,0,34,10,9,0,0,0,0
3588,2021,Haryana,6,Panipat,71,Panipat,1,13,10,1,0,0,390,0,0,,132,0,52,0,158,0,0,0,126,73,23,0,179,0,14,0,1,0,0,0,0,0,0,5,1,93,39,20,0,0,0,0
3589,2021,Haryana,6,Rewari,72,Rewari,0,11,7,0,0,0,126,0,0,,26,0,30,0,2,0,0,0,64,0,5,0,99,0,11,0,0,0,0,1,0,0,0,0,0,55,37,0,0,0,0,0
3590,2021,Haryana,6,Rohtak,73,Rohtak,0,11,9,0,0,0,256,0,0,,31,0,36,0,88,3,0,0,66,0,14,0,179,0,7,0,2,0,0,1,0,0,0,4,4,50,33,20,0,1,0,0
3591,2021,Haryana,6,Sirsa,74,Sirsa,1,7,8,1,1,0,244,0,0,,45,0,66,0,8,0,0,0,50,0,3,0,59,0,6,0,0,0,0,0,0,0,0,0,0,50,18,8,0,4,0,0
3592,2021,Haryana,6,Sonipat,75,Sonipat,1,16,20,3,1,0,437,2,0,,32,0,69,0,104,1,0,0,96,0,23,0,162,0,14,0,0,0,0,0,0,0,0,2,0,48,29,0,0,0,0,0
3593,2021,Haryana,6,Yamunanagar,76,Yamunanagar,0,10,8,3,0,0,295,0,1,,50,0,0,0,72,0,1,0,121,44,27,0,149,0,11,0,0,0,0,0,0,2,0,11,0,77,29,16,1,0,0,0
3594,2021,Haryana,6,Charki Dadri,701,Charkhi Dadri,1,10,3,0,0,0,83,0,0,,2,0,10,0,5,0,0,0,14,0,2,0,25,0,11,0,0,1,0,0,0,0,0,0,0,19,14,5,0,0,0,0
3595,2021,Haryana,6,Hisar,63,Hansi,0,6,3,0,0,0,98,0,0,,8,0,17,0,5,1,0,0,21,0,3,0,51,0,7,0,1,0,0,0,0,0,0,0,0,27,20,3,0,0,0,0
3596,2021,Himachal Pradesh,2,Solan,25,Baddi,0,0,7,0,0,0,16,21,0,,0,0,0,0,1,1,0,0,10,1,0,21,19,0,4,4,0,1,0,0,0,0,0,2,1,0,0,0,0,0,0,0
3597,2021,Himachal Pradesh,2,Bilaspur,15,Bilaspur,0,0,6,0,0,0,13,20,0,,0,0,1,0,0,0,0,0,5,0,0,12,40,0,6,4,0,0,0,0,0,0,0,0,0,0,0,0,0,0,0,0
3598,2021,Himachal Pradesh,2,Chamba,16,Chamba,0,1,3,0,0,0,16,0,0,,2,0,0,0,0,0,0,0,13,17,0,11,36,0,4,7,0,0,0,0,0,0,0,0,1,0,0,0,0,0,0,0
3599,2021,Himachal Pradesh,2,Shimla,23,Cid,0,0,0,0,0,0,0,0,0,,0,0,0,0,0,0,0,0,0,0,0,0,0,0,0,0,0,0,0,0,0,0,0,0,0,0,0,0,0,0,0,0
3600,2021,Himachal Pradesh,2,Shimla,23,Grp,0,0,0,0,0,0,0,0,0,,0,0,0,0,0,0,0,0,0,0,0,0,0,0,0,0,0,0,0,0,0,0,0,0,0,0,0,0,0,0,0,0
3601,2021,Himachal Pradesh,2,Hamirpur,17,Hamirpur,0,0,5,0,0,0,17,0,0,,3,0,0,0,1,0,0,0,5,21,0,3,35,1,16,5,0,0,0,0,0,0,1,2,0,0,0,0,0,0,0,0
3602,2021,Himachal Pradesh,2,Kangra,18,Kangra,0,0,13,0,0,0,32,0,1,,2,0,0,0,0,0,0,0,33,53,0,25,79,0,8,12,0,0,0,0,0,0,0,4,0,0,0,0,0,0,0,0
3603,2021,Himachal Pradesh,2,Kinnaur,19,Kinnaur,0,0,0,0,0,0,1,0,0,,0,0,4,0,0,0,0,0,0,2,0,6,2,0,2,0,0,0,0,0,0,0,0,0,0,0,0,0,0,0,0,0
3604,2021,Himachal Pradesh,2,Kullu,20,Kullu,0,0,2,0,0,0,10,13,0,,0,0,0,0,1,0,0,0,6,0,0,12,22,0,3,4,0,0,0,0,0,1,0,2,0,0,4,0,0,0,0,0
3605,2021,Himachal Pradesh,2,Mandi,22,Mandi,0,1,6,0,0,0,37,0,0,,3,0,0,0,0,0,0,0,27,49,0,30,65,0,24,10,0,0,1,0,0,0,0,1,2,0,3,0,0,0,0,0
3606,2021,Himachal Pradesh,2,Shimla,23,Shimla,0,0,2,0,0,0,19,0,0,,1,0,0,0,0,0,0,0,20,47,1,37,48,1,12,2,0,0,0,0,0,0,0,0,0,0,0,0,0,0,0,0
3607,2021,Himachal Pradesh,2,Sirmaur,24,Sirmaur,0,0,2,0,0,0,30,23,0,,1,0,0,0,1,0,0,0,13,4,0,37,41,0,5,11,0,2,0,0,0,0,0,1,0,0,0,0,0,0,0,0
3608,2021,Himachal Pradesh,2,Solan,25,Solan,0,0,1,0,0,0,9,29,0,,0,1,2,0,5,0,0,0,9,0,0,7,23,0,3,3,0,0,0,0,0,1,0,0,4,0,0,0,0,0,0,0
3609,2021,Himachal Pradesh,2,Una,26,Una,0,0,4,0,0,0,20,13,0,,0,0,0,0,0,0,0,0,2,2,0,13,9,0,5,6,0,0,0,0,0,0,0,3,0,0,0,0,0,0,0,0
3610,2021,Himachal Pradesh,2,Shimla,23,Cyber,0,0,0,0,0,0,0,0,0,,0,0,0,0,0,0,0,0,0,0,0,0,0,0,0,0,0,0,0,0,0,0,0,0,0,0,0,0,0,0,0,0
3611,2021,Jammu And Kashmir,1,Anantnag,1,Anantnag,0,0,2,0,0,0,12,25,0,,25,0,0,0,0,0,0,0,13,0,0,0,113,0,0,0,2,0,0,0,0,0,0,0,0,9,0,0,17,0,0,0
3612,2021,Jammu And Kashmir,1,Pulwama,11,Awantipora,0,0,0,0,0,0,9,3,0,,16,0,0,0,0,0,0,0,1,0,0,0,42,0,0,0,0,0,0,0,0,0,0,0,0,8,0,0,0,0,0,0
3613,2021,Jammu And Kashmir,1,Bandipora,623,Bandipora,0,0,1,0,0,1,6,0,2,,28,0,0,0,0,1,0,0,10,0,0,0,43,0,0,0,0,0,0,0,0,0,0,0,0,9,2,0,0,0,0,0
3614,2021,Jammu And Kashmir,1,Baramulla,3,Baramulla,0,0,0,0,0,0,35,28,0,,28,0,0,0,0,1,0,0,13,0,0,0,124,0,0,0,0,0,0,0,0,0,0,0,0,10,0,0,0,0,0,0
3615,2021,Jammu And Kashmir,1,Budgam,2,Budgam,0,0,2,0,0,0,17,0,0,,70,0,0,0,0,0,0,0,17,0,0,0,217,0,0,0,0,0,0,0,0,0,0,0,0,30,0,0,0,0,0,0
3616,2021,Jammu And Kashmir,1,Jammu,5,Crime Jammu,0,0,0,0,0,0,0,0,0,,0,0,0,0,0,0,0,0,0,0,0,0,0,0,0,0,0,0,0,0,0,0,0,0,0,0,0,0,0,0,0,0
3617,2021,Jammu And Kashmir,1,Srinagar,13,Crime Srinagar,0,0,0,0,0,0,0,0,0,,0,0,0,0,0,0,0,0,0,0,0,0,0,0,0,0,0,0,0,0,0,0,0,0,0,0,0,0,0,0,0,0
3618,2021,Jammu And Kashmir,1,Doda,4,Doda,0,0,0,0,0,0,36,35,0,,0,0,0,0,0,0,0,0,10,0,0,0,28,0,0,0,0,0,0,0,0,0,0,0,0,6,4,0,0,0,0,0
3619,2021,Jammu And Kashmir,1,Ganderbal,626,Ganderbal,0,0,0,0,0,0,17,0,0,,10,0,0,0,0,0,0,0,1,10,0,0,72,0,1,0,2,0,0,0,0,0,0,0,1,9,3,0,0,0,0,0
3620,2021,Jammu And Kashmir,1,Kupwara,8,Handwara,0,0,0,0,0,0,7,10,0,,17,0,0,0,2,0,0,0,0,0,4,0,29,0,1,0,0,0,0,0,0,0,0,0,0,3,0,0,0,0,0,0
3621,2021,Jammu And Kashmir,1,Jammu,5,Jammu,0,7,10,0,0,0,109,0,0,,0,0,0,0,112,0,0,0,53,0,0,0,106,0,3,0,0,0,0,0,0,0,0,0,0,17,16,0,0,0,0,0
3622,2021,Jammu And Kashmir,1,Kathua,7,Kathua,0,3,0,0,0,0,23,27,0,,9,0,0,0,0,0,0,0,9,0,0,0,18,0,4,0,0,0,0,0,0,0,0,0,0,12,1,1,1,0,0,0
3623,2021,Jammu And Kashmir,1,Kishtwar,620,Kishtwar,0,0,1,0,0,0,5,8,0,,11,0,0,0,0,0,0,0,4,0,0,0,16,0,0,0,0,0,0,0,0,0,0,0,0,4,1,0,0,0,0,0
3624,2021,Jammu And Kashmir,1,Kulgam,622,Kulgam,0,0,0,0,0,0,15,0,0,,39,0,0,0,0,0,0,0,23,0,0,0,191,0,0,0,0,0,0,0,0,0,0,0,0,10,0,0,0,0,0,0
3625,2021,Jammu And Kashmir,1,Kupwara,8,Kupwara,0,0,1,0,0,0,31,0,0,,49,0,0,0,0,0,0,0,18,0,0,0,152,0,0,0,0,0,0,0,0,0,0,0,0,14,0,0,0,0,0,0
3626,2021,Jammu And Kashmir,1,Poonch,10,Poonch,0,0,0,0,0,1,12,14,0,,19,0,0,0,0,0,0,0,22,0,1,1,76,0,0,0,0,0,0,0,0,0,0,1,0,7,0,0,0,0,0,0
3627,2021,Jammu And Kashmir,1,Pulwama,11,Pulwama,0,0,0,0,0,0,4,10,0,,12,0,0,0,0,0,0,0,8,0,0,0,54,0,0,0,0,0,0,0,0,0,0,0,0,10,0,0,0,0,0,0
3628,2021,Jammu And Kashmir,1,Jammu,5,Railways Jammu,0,0,0,0,0,0,0,0,0,,0,0,0,0,0,0,0,0,0,0,0,0,0,0,0,0,0,0,0,0,0,0,0,0,0,0,0,0,0,0,0,0
3629,2021,Jammu And Kashmir,1,Jammu,5,Railways Kashmir,0,0,0,0,0,0,0,0,0,,0,0,0,0,0,0,0,0,0,0,0,0,0,0,0,0,0,0,0,0,0,0,0,0,0,0,0,0,0,0,0,0
3630,2021,Jammu And Kashmir,1,Reasi,627,Railways Katra,0,0,0,0,0,0,0,0,0,,0,0,0,0,0,0,0,0,0,0,0,0,0,0,0,0,0,0,0,0,0,0,0,0,0,0,0,0,0,0,0,0
3631,2021,Jammu And Kashmir,1,Rajouri,12,Rajouri,0,2,4,0,0,0,54,33,0,,22,0,0,0,0,0,0,0,31,0,0,1,64,0,0,0,0,0,0,0,0,0,0,0,0,6,2,0,0,0,0,0
3632,2021,Jammu And Kashmir,1,Ramban,621,Ramban,0,0,0,0,0,0,19,12,0,,5,0,0,0,0,0,0,0,11,0,0,0,29,0,0,0,0,0,0,0,0,0,0,0,0,5,4,0,0,0,0,0
3633,2021,Jammu And Kashmir,1,Reasi,627,Reasi,0,0,0,0,0,0,0,20,0,,4,0,0,0,0,0,0,0,12,0,0,0,22,0,1,0,0,0,0,0,0,0,0,0,0,6,0,0,0,0,0,0
3634,2021,Jammu And Kashmir,1,Samba,624,Samba,0,4,3,0,0,0,13,1,0,,4,0,0,0,0,0,0,0,12,0,0,0,11,0,0,0,0,0,0,0,0,0,1,0,0,2,3,0,0,0,0,0
3635,2021,Jammu And Kashmir,1,Shopian,625,Shopian,0,0,0,0,1,0,4,15,0,,16,0,0,0,0,0,0,0,5,0,0,0,69,0,0,0,0,0,0,0,0,0,0,0,0,2,4,0,0,0,0,0
3636,2021,Jammu And Kashmir,1,Baramulla,3,Sopore,0,0,1,0,0,0,9,26,0,,17,0,0,0,0,0,0,0,7,0,2,0,118,0,0,0,0,0,0,0,0,0,0,2,0,3,0,0,0,0,0,0
3637,2021,Jammu And Kashmir,1,Srinagar,13,Srinagar,0,0,3,0,0,0,41,51,0,,29,0,0,0,0,0,0,0,17,0,4,0,204,0,0,0,0,0,0,0,0,1,0,0,0,14,3,0,0,0,0,0
3638,2021,Jammu And Kashmir,1,Udhampur,14,Udhampur,0,0,0,0,0,0,23,23,0,,7,0,0,0,0,0,0,0,16,0,3,0,53,0,0,0,0,0,0,0,0,0,0,0,0,13,7,0,0,0,0,0
3639,2021,Jammu And Kashmir,1,Jammu,5,Cyber Crime Jammu,0,0,0,0,0,0,0,0,0,,0,0,0,0,0,0,0,0,0,0,0,0,0,0,0,0,0,0,0,0,0,0,0,2,1,0,0,0,0,0,0,0
3640,2021,Jammu And Kashmir,1,Jammu,5,Cyber Crime Kashmir,0,0,0,0,0,0,0,0,0,,0,0,0,0,0,0,0,0,0,0,0,0,0,0,0,0,0,0,0,0,0,0,0,2,0,0,0,0,0,0,0,0
3641,2021,Jammu And Kashmir,1,Jammu,5,Anti Narcotic Task Force Jammu,0,0,0,0,0,0,0,0,0,,0,0,0,0,0,0,0,0,0,0,0,0,0,0,0,0,0,0,0,0,0,0,0,0,0,0,0,0,0,0,0,0
3642,2021,Jharkhand,20,Bokaro,322,Bokaro,0,14,0,0,0,0,91,85,0,,22,0,0,0,0,0,0,0,61,0,0,49,36,0,0,9,130,0,0,0,0,0,0,0,0,49,0,0,0,0,0,0
3643,2021,Jharkhand,20,West Singhbhum,343,Chaibasa,0,2,6,0,0,0,9,2,0,,8,0,0,0,0,0,0,0,35,0,0,45,15,0,0,0,27,0,0,0,0,0,0,0,0,45,0,0,0,0,0,0
3644,2021,Jharkhand,20,Chatra,323,Chatra,0,11,0,0,0,0,14,0,0,,11,0,0,0,0,0,0,0,28,17,20,0,26,0,0,0,37,0,0,0,0,0,0,0,0,26,0,0,0,14,0,0
3645,2021,Jharkhand,20,Deoghar,324,Deoghar,1,20,0,0,0,0,27,0,0,,27,0,60,0,0,0,0,0,33,0,8,18,91,0,0,9,76,0,0,0,0,0,0,2,0,22,3,0,0,0,0,0
3646,2021,Jharkhand,20,Dhanbad,325,Dhanbad,0,30,0,0,0,0,47,44,0,,40,0,0,0,0,2,0,0,66,0,37,49,69,0,0,8,136,0,0,0,0,0,0,0,0,32,46,17,0,0,0,0
3647,2021,Jharkhand,20,Dhanbad,325,Dhanbad Railway,0,0,0,0,0,0,0,0,0,,0,0,1,0,0,0,0,0,0,0,1,0,0,0,0,0,0,0,0,0,0,0,0,0,0,0,0,0,0,0,0,0
3648,2021,Jharkhand,20,Dumka,326,Dumka,0,7,0,0,0,0,16,0,0,,14,0,0,0,0,4,0,0,33,30,1,0,63,0,0,0,38,0,0,0,0,0,0,0,5,38,0,0,0,0,0,0
3649,2021,Jharkhand,20,Garhwa,328,Garhwa,0,24,9,2,0,0,53,0,0,,26,0,85,0,0,0,0,0,52,0,14,0,146,0,0,0,74,0,0,0,0,0,0,0,0,53,10,6,0,0,0,0
3650,2021,Jharkhand,20,Giridih,329,Giridih,2,36,0,0,0,0,64,0,0,,15,0,13,0,0,0,0,0,61,18,0,0,160,2,0,0,96,0,0,0,0,0,0,0,0,5,0,0,0,0,0,0
3651,2021,Jharkhand,20,Godda,330,Godda,0,7,0,0,0,0,39,0,0,,76,0,16,0,0,1,0,0,59,0,17,22,92,0,0,0,214,0,0,0,0,0,0,1,0,0,0,0,0,0,0,0
3652,2021,Jharkhand,20,Gumla,331,Gumla,8,0,0,0,0,0,13,14,1,,1,0,0,0,0,2,0,0,34,27,0,31,7,0,0,1,16,0,0,0,0,0,0,3,0,31,0,0,0,0,0,0
3653,2021,Jharkhand,20,Hazaribagh,332,Hazaribagh,7,21,1,1,0,0,71,4,0,,37,0,2,0,0,0,0,0,66,38,16,40,19,0,0,13,205,0,0,0,0,0,0,0,0,40,13,0,0,0,1,0
3654,2021,Jharkhand,20,East Singhbum,327,Jamshedpur,0,15,18,0,0,0,94,9,0,,145,0,0,0,0,0,0,0,93,0,6,0,66,0,0,0,178,0,0,0,0,3,0,0,0,46,0,0,0,0,0,0
3655,2021,Jharkhand,20,East Singhbum,327,Jamshedpur Railway,0,0,0,0,0,0,0,0,0,,1,0,0,0,0,0,0,0,0,0,0,0,2,0,0,0,0,0,0,0,0,0,0,0,0,0,0,0,0,0,0,0
3656,2021,Jharkhand,20,Jamtara,333,Jamtara,0,6,2,0,0,0,13,2,0,,7,0,8,0,0,0,0,0,21,0,4,0,28,0,0,0,33,0,0,0,0,0,5,0,0,8,6,0,4,1,0,8
3657,2021,Jharkhand,20,Khunti,606,Khunti,0,0,0,0,0,0,5,0,0,,0,0,0,0,0,10,0,0,21,0,0,0,4,0,0,0,10,0,0,0,0,0,0,0,0,20,0,0,0,0,0,0
3658,2021,Jharkhand,20,Koderma,334,Koderma,0,13,0,0,0,0,38,0,0,,13,0,17,0,3,0,0,0,11,0,4,0,43,0,0,0,15,0,0,0,0,0,0,0,0,12,8,2,0,0,0,0
3659,2021,Jharkhand,20,Latehar,335,Latehar,2,5,4,0,0,0,16,3,0,,5,0,15,0,0,5,0,0,34,0,3,0,38,0,0,6,34,0,0,0,0,0,0,1,0,35,6,0,0,0,0,0
3660,2021,Jharkhand,20,Lohardaga,336,Lohardagga,0,3,0,0,0,0,16,0,0,,0,0,0,0,0,0,0,0,30,0,0,0,5,0,0,0,13,0,0,0,0,0,0,0,0,20,0,0,0,0,0,0
3661,2021,Jharkhand,20,Pakur,337,Pakur,0,4,0,0,0,0,24,0,0,,0,0,0,0,0,0,0,0,20,0,20,35,16,0,0,0,63,0,0,0,0,0,0,0,0,0,0,0,0,0,0,0
3662,2021,Jharkhand,20,Palamu,338,Palamu,0,21,0,0,0,0,25,2,3,,21,0,51,0,0,0,0,0,49,0,8,0,136,0,6,0,88,0,0,0,0,0,77,3,0,32,13,3,0,1,0,0
3663,2021,Jharkhand,20,Ramgarh,607,Ramgarh,0,6,0,0,0,0,7,0,0,,13,0,3,0,0,0,0,0,23,0,0,2,11,3,0,0,47,0,0,0,0,0,0,3,3,10,6,0,0,0,0,0
3664,2021,Jharkhand,20,Ranchi,339,Ranchi,0,21,0,0,0,0,138,0,0,,10,0,0,0,0,0,0,0,203,5,0,3,63,0,0,0,127,0,0,0,0,0,0,0,0,30,0,0,0,0,0,0
3665,2021,Jharkhand,20,Sahebganj,340,Sahebganj,0,7,0,0,0,0,83,0,0,,0,0,19,0,0,0,0,0,46,12,0,0,133,0,0,0,94,0,0,0,0,0,0,0,0,0,0,0,46,0,0,0
3666,2021,Jharkhand,20,Saraikela Kharsawan,341,Saraikela,0,7,0,0,0,0,12,14,1,,5,0,18,0,1,0,0,0,21,0,0,0,17,0,0,0,54,0,0,0,0,0,0,0,0,15,6,11,0,0,0,0
3667,2021,Jharkhand,20,Simdega,342,Simdega,0,1,0,0,0,0,16,0,0,,14,0,0,0,0,11,0,0,30,0,0,1,3,0,0,0,0,0,0,0,0,0,0,0,0,0,0,0,0,0,0,0
3668,2021,Karnataka,29,Bagalkote,524,Bagalkot,0,0,4,0,0,0,38,0,0,,1,0,0,0,0,0,0,0,7,0,0,0,153,0,0,0,31,0,0,0,0,0,0,3,0,37,1,4,0,0,0,0
3669,2021,Karnataka,29,Bengaluru Urban,525,Bengaluru City,3,26,57,0,0,1,429,569,0,,3,0,3,0,2,4,0,0,117,0,0,0,585,0,19,0,736,12,76,36,2,3,0,52,1,312,54,24,0,0,0,0
3670,2021,Karnataka,29,Bengaluru Urban,525,Bengaluru District,0,11,8,0,0,0,94,0,0,,0,0,0,0,0,0,0,0,17,1,0,0,121,0,3,0,29,0,0,0,0,0,0,5,0,49,8,30,0,0,0,0
3671,2021,Karnataka,29,Belagavi,527,Belagavi District,2,5,20,0,0,0,115,3,0,,1,0,2,0,0,0,0,0,26,0,0,0,315,0,0,2,18,0,0,1,0,0,0,9,0,91,12,5,0,0,0,0
3672,2021,Karnataka,29,Ballari,528,Ballari,1,5,8,0,0,0,99,0,0,,1,0,0,0,0,0,0,0,13,0,0,0,141,0,3,0,68,4,0,0,0,0,0,5,0,77,14,4,0,2,0,0
3673,2021,Karnataka,29,Bidar,529,Bidar,0,3,7,0,0,0,68,2,0,,2,0,2,0,1,0,0,0,5,0,0,0,39,0,0,0,26,0,0,0,0,0,0,0,0,32,3,5,1,0,0,0
3674,2021,Karnataka,29,Vijayapura,530,Vijayapura,1,5,13,2,0,0,93,4,0,,4,0,0,0,0,0,0,0,15,0,1,0,141,0,1,0,7,0,1,0,0,0,0,0,0,30,0,20,0,0,0,0
3675,2021,Karnataka,29,Chikkaballapura,630,Chikkaballapura,2,3,8,1,1,0,54,0,0,,0,0,1,0,0,0,0,0,14,0,0,0,98,0,0,0,23,0,2,0,0,0,0,0,0,135,0,23,0,0,0,0
3676,2021,Karnataka,29,Chamarajanagara,531,Chamarajnagar,0,2,5,1,0,0,22,0,0,,0,0,0,0,0,0,0,0,6,0,0,0,160,0,1,0,25,0,0,0,0,0,0,2,0,37,7,4,0,0,0,0
3677,2021,Karnataka,29,Chikkamagaluru,532,Chikkamagaluru,1,2,8,0,0,0,62,35,0,,1,0,0,0,0,0,0,0,19,0,0,0,164,0,1,0,9,0,0,0,0,1,0,0,0,88,16,0,0,8,0,0
3678,2021,Karnataka,29,Chitradurga,533,Chitradurga,1,3,0,0,0,0,59,1,0,,1,0,0,0,0,0,0,0,17,0,0,0,294,0,0,0,24,0,0,0,0,1,0,0,0,28,38,9,3,0,0,0
3679,2021,Karnataka,29,Dakshina Kannada,534,Dakshina Kannada,0,1,4,0,0,0,20,2,0,,0,0,0,0,0,0,0,0,15,0,0,0,52,0,4,0,11,0,0,0,0,2,0,21,0,32,16,9,0,0,0,0
3680,2021,Karnataka,29,Davangere,535,Davanagere,1,7,5,0,0,0,69,0,0,,0,0,0,0,0,0,0,0,14,1,0,0,151,0,4,0,87,0,0,0,0,0,0,0,0,68,12,3,1,1,0,0
3681,2021,Karnataka,29,Dharwad,536,Dharwad,0,2,0,0,0,0,24,4,0,,0,0,0,0,0,1,0,0,5,0,0,0,33,0,2,0,2,0,0,0,0,0,0,1,0,19,6,1,0,0,0,0
3682,2021,Karnataka,29,Gadag,537,Gadag,0,1,5,0,0,0,19,0,0,,4,0,0,0,0,0,0,0,5,27,0,0,49,0,0,0,5,0,0,0,0,0,0,0,0,12,1,5,0,0,0,0
3683,2021,Karnataka,29,Kalaburagi,538,Kalaburgi,1,9,5,0,0,0,74,1,0,,7,0,6,0,2,0,0,0,15,1,0,0,124,1,0,0,9,0,0,0,0,0,0,0,0,45,4,0,2,2,0,0
3684,2021,Karnataka,29,Hassan,539,Hassan,0,7,3,0,0,0,49,49,0,,1,0,0,0,7,0,0,0,18,0,0,0,221,0,1,0,77,0,0,6,0,0,0,1,0,102,36,0,0,0,0,0
3685,2021,Karnataka,29,Haveri,540,Haveri,0,8,4,0,0,0,37,0,0,,0,0,0,0,5,0,0,0,12,0,0,0,63,0,0,0,14,0,0,0,0,2,0,0,0,64,5,6,2,0,0,0
3686,2021,Karnataka,29,Dharwad,536,Hubballi Dharwad City,2,0,4,0,0,0,62,0,0,,0,0,0,0,4,0,0,0,12,0,0,0,55,0,1,0,0,2,0,0,2,1,0,3,0,30,5,4,0,0,0,0
3687,2021,Karnataka,29,Belagavi,527,K.G.F.,0,2,2,0,0,0,11,0,0,,0,0,0,0,0,0,0,0,5,0,0,0,19,0,0,0,10,0,0,0,0,0,0,1,0,17,1,0,0,0,0,0
3688,2021,Karnataka,29,Kodagu,541,Kodagu,0,1,1,1,0,0,31,0,0,,0,0,0,0,0,0,0,0,4,0,0,0,43,0,1,0,3,1,0,0,0,0,0,1,0,43,22,0,0,0,0,0
3689,2021,Karnataka,29,Kolar,542,Kolar,0,10,9,0,0,0,15,6,0,,1,0,2,0,0,0,0,0,8,0,0,0,80,0,1,0,30,0,0,0,0,0,0,2,0,51,3,7,0,0,0,0
3690,2021,Karnataka,29,Koppal,543,Koppal,0,4,13,0,0,0,52,0,0,,0,0,0,0,0,0,0,0,12,0,0,0,82,0,0,0,0,0,0,0,0,0,0,3,0,33,3,4,0,0,0,0
3691,2021,Karnataka,29,Mandya,544,Mandya,0,6,7,0,0,0,75,0,0,,2,0,0,0,0,0,0,0,11,0,0,0,315,0,5,0,51,4,0,0,0,0,0,6,0,59,35,0,0,0,0,0
3692,2021,Karnataka,29,Dakshina Kannada,534,Mangaluru City,1,1,6,0,0,0,17,1,0,,0,0,0,0,0,2,0,0,13,0,0,0,63,0,0,0,14,0,3,0,0,7,0,13,0,28,16,15,2,0,0,0
3693,2021,Karnataka,29,Mysuru,545,Mysuru City,0,1,11,0,0,0,33,0,0,,0,0,0,0,1,1,0,0,8,0,0,0,53,0,3,0,87,0,0,0,0,0,0,1,0,34,7,0,0,0,0,0
3694,2021,Karnataka,29,Mysuru,545,Mysuru District,0,4,5,0,0,0,93,0,0,,0,0,1,0,0,0,0,0,13,0,0,0,227,0,5,0,7,0,0,4,0,0,0,7,0,72,30,2,0,0,0,0
3695,2021,Karnataka,29,Raichur,546,Raichur,0,8,8,0,0,0,88,19,0,,0,0,0,0,0,0,0,0,28,2,0,0,228,0,0,0,63,0,0,0,2,0,0,3,0,43,7,0,0,0,0,0
3696,2021,Karnataka,29,Bengaluru Urban,525,K.Railways,0,0,0,0,0,0,0,0,0,,0,0,0,0,0,0,0,0,1,0,0,0,4,0,0,0,0,0,0,0,0,0,0,0,0,1,1,0,0,0,0,0
3697,2021,Karnataka,29,Ramanagara,631,Ramanagara,0,1,11,0,0,0,56,0,0,,2,0,0,0,0,0,0,0,9,0,1,0,166,0,0,0,52,0,0,0,0,0,0,5,0,75,5,8,0,3,0,0
3698,2021,Karnataka,29,Shivamogga,547,Shimoga,0,3,18,0,0,0,67,64,0,,3,0,0,0,0,0,0,0,19,0,0,0,294,0,2,0,86,0,3,0,0,0,0,6,0,110,22,9,2,0,0,0
3699,2021,Karnataka,29,Tumakuru,548,Tumakuru,1,7,18,0,0,0,50,0,0,,0,0,0,0,0,0,0,0,16,0,0,0,157,0,1,0,96,4,0,0,0,0,0,2,0,67,0,40,0,0,0,1
3700,2021,Karnataka,29,Udupi,549,Udupi,0,0,2,0,0,0,28,5,0,,0,0,0,0,0,0,0,0,6,0,0,0,61,0,0,0,15,2,0,0,0,0,0,8,0,39,15,3,0,0,0,0
3701,2021,Karnataka,29,Uttara Kannada,550,Uttara Kannada,0,1,5,0,0,0,19,0,0,,2,0,0,0,0,0,0,0,4,0,0,0,130,0,12,0,17,1,0,0,0,0,0,9,0,42,7,1,0,0,0,0
3702,2021,Karnataka,29,Yadgir,635,Yadgiri,0,4,3,0,0,0,41,7,0,,4,0,0,0,1,0,0,0,19,1,0,0,143,0,0,0,13,0,0,0,0,1,0,1,0,39,6,1,0,0,0,0
3703,2021,Karnataka,29,Belagavi,527,Belagavi City,0,2,8,0,0,0,84,15,0,,1,0,2,0,1,0,0,0,9,0,0,0,31,0,0,0,6,0,0,1,0,1,0,1,0,24,7,1,0,0,0,0
3704,2021,Karnataka,29,Kalaburagi,538,Kalaburgi City,1,3,1,0,0,0,89,0,0,,1,0,0,0,0,0,0,0,18,0,1,0,48,0,1,0,94,0,0,0,0,2,0,0,0,25,2,2,0,1,0,0
3705,2021,Kerala,32,Alappuzha,554,Alapuzha,0,1,2,0,0,0,248,9,0,,0,1,0,0,0,0,0,0,34,1,3,0,233,0,25,31,1,0,0,0,0,0,18,2,0,95,33,5,3,0,0,0
3706,2021,Kerala,32,Ernakulam,555,Ernakulam Commissionerate,0,1,0,0,0,1,169,9,0,,0,1,1,0,0,0,0,0,73,0,3,0,151,1,27,31,1,0,0,0,0,0,8,2,1,49,2,0,0,0,0,0
3707,2021,Kerala,32,Ernakulam,555,Ernakulam Rural,0,1,0,0,0,0,295,10,0,,1,5,0,0,0,27,0,0,41,3,3,0,248,0,50,55,0,0,0,0,0,1,23,3,1,72,7,0,0,0,0,0
3708,2021,Kerala,32,Idukki,556,Idukki,1,0,0,0,0,0,105,5,0,,0,1,0,0,0,0,0,0,37,1,0,0,127,1,31,43,0,0,0,0,0,0,9,5,1,125,37,14,2,1,0,0
3709,2021,Kerala,32,Kannur,557,Kannur City,0,0,0,0,0,0,196,3,0,,1,0,0,0,0,1,0,0,20,2,0,0,98,0,16,0,1,0,0,0,0,0,1,6,0,21,34,17,0,1,0,0
3710,2021,Kerala,32,Kasaragod,558,Kasargod,0,0,2,0,0,0,212,0,0,,0,0,0,0,7,2,0,0,35,0,0,0,92,0,13,50,0,0,0,0,0,0,0,0,0,61,50,0,0,0,0,0
3711,2021,Kerala,32,Kollam,559,Kollam Commissionerate,0,1,2,1,0,0,269,2,0,,1,0,0,0,0,19,0,0,21,2,0,0,184,0,13,0,1,0,0,0,0,0,12,6,0,56,27,18,0,0,0,0
3712,2021,Kerala,32,Kollam,559,Kollam Rural,0,1,2,0,1,0,220,2,0,,1,2,0,0,0,0,0,0,38,1,2,0,234,0,31,25,0,0,0,0,0,0,16,3,1,90,67,22,7,2,5,2
3713,2021,Kerala,32,Kottayam,560,Kottayam,0,0,0,0,0,0,157,5,0,,0,2,0,0,1,0,0,0,39,3,3,0,153,0,22,47,2,0,0,0,0,0,18,3,1,82,26,3,2,0,0,0
3714,2021,Kerala,32,Kozhikode,561,Kozhikode Commissionerate,0,0,0,0,0,0,315,18,0,,0,4,0,0,0,3,0,0,37,0,1,0,138,0,34,22,0,0,0,0,0,2,8,2,1,41,3,3,0,0,0,0
3715,2021,Kerala,32,Kozhikode,561,Kozhikode Rural,0,0,0,0,0,0,387,18,0,,0,5,0,0,1,0,0,0,33,0,1,0,188,1,14,61,0,0,0,0,0,0,9,7,0,61,7,0,2,0,0,0
3716,2021,Kerala,32,Malappuram,562,Malappuram,0,0,4,0,0,0,649,8,0,,0,4,0,0,4,0,0,0,69,0,0,0,233,1,23,133,0,0,0,0,0,0,15,37,0,163,5,4,2,0,0,0
3717,2021,Kerala,32,Palakkad,563,Palakkad,0,2,3,0,0,1,349,18,0,,1,1,0,0,0,3,0,0,52,0,0,0,147,0,17,79,0,0,0,0,0,0,16,29,0,129,2,3,0,0,0,0
3718,2021,Kerala,32,Pathanamthitta,564,Pathanamthitta,0,1,0,0,0,0,103,4,0,,0,0,1,0,0,0,0,0,27,1,7,0,156,0,22,0,32,0,0,0,0,0,27,4,0,69,49,11,0,0,0,0
3719,2021,Kerala,32,Thiruvananthapuram,565,Railways,0,0,0,0,0,0,0,0,0,,0,0,0,0,0,2,0,0,2,0,0,0,34,0,9,0,0,0,0,0,0,0,0,0,0,4,0,0,0,0,0,0
3720,2021,Kerala,32,Thrissur,566,Thrissur Commissionerate,0,0,1,0,0,1,307,0,0,,1,0,0,0,0,0,0,0,33,6,1,0,154,0,32,3,0,0,0,0,0,0,24,4,7,54,40,22,0,0,0,0
3721,2021,Kerala,32,Thrissur,566,Thrissur Rural,0,0,1,0,0,0,275,10,0,,0,3,0,0,0,0,0,0,35,1,1,0,178,0,32,33,0,0,0,0,0,0,18,13,0,70,19,5,2,0,0,0
3722,2021,Kerala,32,Thiruvananthapuram,565,Trivandrum Commissionerate,0,0,2,0,0,0,139,0,0,,0,0,0,0,0,0,0,0,30,5,5,0,156,10,25,2,0,0,0,1,0,1,21,16,0,46,42,6,0,1,0,0
3723,2021,Kerala,32,Thiruvananthapuram,565,Trivandrum Rural,0,1,3,0,0,0,285,7,0,,0,0,0,0,0,0,0,0,72,0,10,0,358,5,13,8,1,0,0,0,0,0,21,17,0,163,93,9,5,0,0,0
3724,2021,Kerala,32,Wayanad,567,Wayanadu,1,0,0,0,0,0,169,3,0,,1,0,0,0,0,0,0,0,27,0,1,0,97,0,14,1,0,0,0,0,0,0,4,3,0,87,37,3,3,0,0,0
3725,2021,Kerala,32,Thiruvananthapuram,565,Crime Branch,0,0,0,0,0,0,0,0,0,,0,0,0,0,0,0,0,0,2,0,0,0,0,0,0,0,0,0,0,0,0,0,0,0,0,1,0,0,0,0,0,0
3726,2021,Kerala,32,Kannur,557,Kannur Rural,0,0,3,0,0,0,148,0,0,,0,0,0,0,0,3,0,0,14,0,0,0,74,1,12,2,0,0,0,0,0,0,2,2,0,29,31,10,1,0,1,0
3727,2021,Madhya Pradesh,23,Agar-Malwa,667,Agar,0,1,1,0,0,0,75,19,0,,0,0,0,0,1,1,0,0,12,4,0,0,50,0,2,0,0,0,0,0,0,0,0,0,0,19,15,0,0,0,0,0
3728,2021,Madhya Pradesh,23,Alirajpur,639,Alirajpur,0,0,12,0,0,0,18,0,0,,2,0,0,0,0,0,0,0,43,0,0,0,32,0,1,0,0,0,0,0,0,0,0,0,0,107,9,0,0,0,1,0
3729,2021,Madhya Pradesh,23,Anuppur,390,Anuppur,1,4,5,0,0,0,95,87,0,,0,0,0,0,0,1,0,0,44,5,1,0,51,0,2,0,0,0,0,0,0,0,0,0,0,38,23,0,0,0,0,0
3730,2021,Madhya Pradesh,23,Ashoknagar,391,Ashok Nagar,2,4,10,0,0,0,104,47,0,,3,0,0,0,3,1,0,0,27,0,0,0,84,0,3,0,0,0,0,0,0,0,0,0,0,77,36,0,0,0,0,0
3731,2021,Madhya Pradesh,23,Balaghat,392,Balaghat,0,10,9,0,0,0,302,158,0,,0,0,0,0,2,2,1,0,87,0,1,0,125,0,10,0,3,0,0,0,0,0,0,0,0,87,29,1,0,2,0,0
3732,2021,Madhya Pradesh,23,Barwani,393,Barwani,0,0,28,0,0,0,67,0,0,,0,0,0,0,3,2,0,0,35,0,0,0,73,1,1,0,1,0,0,0,0,0,0,0,0,91,38,0,0,0,0,0
3733,2021,Madhya Pradesh,23,Betul,394,Betul,0,13,12,0,0,0,27,0,0,,1,0,0,0,0,0,0,0,26,121,0,0,33,0,4,0,0,0,0,0,0,0,0,0,1,33,33,0,0,0,0,0
3734,2021,Madhya Pradesh,23,Bhind,395,Bhind,0,24,0,0,0,0,217,0,0,,0,0,0,0,0,0,0,0,31,0,0,0,112,0,2,0,2,0,0,0,0,0,0,0,0,35,34,0,0,0,0,0
3735,2021,Madhya Pradesh,23,Bhopal,396,Bhopal,0,24,19,0,0,0,633,377,0,,0,0,0,0,0,0,0,0,240,6,3,0,350,0,25,0,8,0,0,0,0,0,0,0,0,123,101,6,13,0,0,0
3736,2021,Madhya Pradesh,23,Bhopal,396,Bhopal Railway,0,1,1,0,0,0,0,0,0,,0,0,0,0,0,0,0,0,1,0,0,0,9,0,0,0,0,0,0,0,0,0,0,0,0,1,0,0,0,0,0,0
3737,2021,Madhya Pradesh,23,Burhanpur,397,Burhanpur,0,0,7,0,0,0,93,34,0,,2,0,1,0,1,1,0,0,19,2,0,0,80,0,4,0,0,0,0,0,0,0,0,0,0,34,18,10,0,0,0,0
3738,2021,Madhya Pradesh,23,Chhatarpur,398,Chhatarpur,5,22,20,0,0,0,158,2,0,,0,0,0,0,0,1,0,0,50,32,0,0,122,1,3,0,1,0,0,0,0,0,0,7,1,63,73,8,0,0,0,0
3739,2021,Madhya Pradesh,23,Chhindwara,399,Chhindwara,3,8,14,0,0,0,58,133,0,,0,0,0,0,0,3,0,0,68,0,0,0,46,0,0,0,2,0,0,0,0,0,0,0,0,47,21,0,0,0,0,0
3740,2021,Madhya Pradesh,23,Damoh,400,Damoh,0,14,18,0,0,0,170,137,0,,0,0,0,0,0,0,0,0,31,0,0,0,105,0,1,0,0,0,0,0,0,0,0,0,0,31,60,0,0,0,0,0
3741,2021,Madhya Pradesh,23,Datia,401,Datia,0,11,7,0,0,0,72,0,0,,1,0,0,0,0,0,0,0,23,0,0,0,53,0,2,0,1,0,0,0,0,0,0,1,0,10,20,0,0,0,0,0
3742,2021,Madhya Pradesh,23,Dewas,402,Dewas,1,10,10,0,0,0,228,129,0,,1,0,4,0,2,0,0,0,50,10,1,0,143,0,13,0,0,0,0,0,0,0,3,0,0,132,43,1,0,0,0,0
3743,2021,Madhya Pradesh,23,Dhar,403,Dhar,0,6,40,0,1,0,148,314,0,,4,0,0,0,0,1,0,0,131,14,3,0,196,0,0,0,0,0,0,0,0,0,0,0,0,194,85,0,0,12,0,0
3744,2021,Madhya Pradesh,23,Dindori,404,Dindori,0,1,10,0,0,0,79,0,0,,1,0,0,0,0,0,0,0,30,0,0,0,54,0,5,0,0,0,0,0,0,0,0,0,0,32,21,0,0,0,0,0
3745,2021,Madhya Pradesh,23,Guna,406,Guna,9,7,3,0,0,0,71,55,0,,1,0,1,0,2,0,0,0,119,0,0,0,161,0,5,0,0,0,0,0,0,0,0,0,0,61,12,0,0,0,0,0
3746,2021,Madhya Pradesh,23,Gwalior,407,Gwalior,0,26,39,0,0,0,638,184,0,,5,0,0,0,4,1,0,0,180,7,1,0,279,0,10,0,5,4,0,0,0,0,0,19,0,112,85,1,1,0,0,0
3747,2021,Madhya Pradesh,23,Harda,408,Harda,0,4,5,0,0,0,84,0,0,,0,0,0,0,0,0,0,0,27,0,0,0,68,0,4,0,0,0,0,0,0,0,0,0,1,66,28,0,0,0,0,0
3748,2021,Madhya Pradesh,23,Narmadapuram,409,Hoshangabad,1,8,8,0,0,0,213,0,0,,1,0,0,0,0,0,0,0,63,5,0,0,121,0,8,0,4,0,0,0,0,0,0,0,0,76,58,1,0,0,0,0
3749,2021,Madhya Pradesh,23,Indore,410,Indore,0,24,45,0,0,0,683,600,0,,3,0,3,0,2,1,0,0,200,27,1,0,332,0,19,0,3,7,0,0,0,0,0,1,1,204,138,1,0,0,0,0
3750,2021,Madhya Pradesh,23,Indore,410,Indore Railway,0,0,1,0,0,0,1,6,0,,0,0,0,0,0,0,0,0,3,0,0,0,9,0,1,0,0,0,0,0,0,0,0,0,0,1,4,0,0,0,0,0
3751,2021,Madhya Pradesh,23,Jabalpur,411,Jabalpur,0,16,11,0,0,0,264,330,0,,0,0,0,0,0,2,0,0,101,0,0,0,295,0,0,0,1,0,0,0,0,0,126,0,0,124,114,0,0,0,0,0
3752,2021,Madhya Pradesh,23,Jabalpur,411,Jabalpur Railway,0,1,0,0,0,0,0,0,0,,0,0,0,0,0,0,0,0,0,0,0,0,5,0,0,0,0,0,0,0,0,0,0,0,0,0,0,0,0,0,0,0
3753,2021,Madhya Pradesh,23,Jhabua,412,Jhabua,0,0,15,0,0,0,6,0,0,,1,0,0,0,1,0,0,0,40,1,0,0,26,1,2,0,0,0,0,0,0,0,0,0,0,24,11,1,0,0,0,0
3754,2021,Madhya Pradesh,23,Katni,413,Katni,0,12,17,0,0,0,57,0,0,,1,0,0,0,0,4,0,0,41,180,0,0,84,1,1,0,0,0,0,0,0,0,0,1,0,17,37,0,0,0,0,0
3755,2021,Madhya Pradesh,23,Khandwa (East Nimar),405,Khandwa,0,10,6,0,0,0,72,172,0,,0,0,0,0,0,0,0,0,38,0,0,0,135,0,2,0,0,0,0,0,0,0,0,0,0,54,40,0,0,0,0,0
3756,2021,Madhya Pradesh,23,Khargone (West Nimar),414,Khargone,0,3,14,0,0,0,64,29,0,,1,0,0,0,0,0,0,0,47,3,1,0,137,0,10,0,4,0,0,0,0,0,0,3,0,161,69,2,0,0,0,0
3757,2021,Madhya Pradesh,23,Mandla,415,Mandla,1,2,3,0,0,0,49,122,0,,3,0,23,0,0,1,0,0,33,5,0,0,44,0,0,0,0,0,0,0,0,0,2,0,0,19,16,0,0,0,0,0
3758,2021,Madhya Pradesh,23,Mandsaur,416,Mandsaur,1,6,14,0,0,0,128,95,0,,0,0,0,0,0,8,0,0,45,0,0,0,136,0,2,0,0,0,0,0,0,0,0,0,0,66,51,0,0,0,0,0
3759,2021,Madhya Pradesh,23,Morena,417,Morena,1,19,19,0,0,0,276,70,0,,11,0,0,0,0,1,0,1,67,0,3,0,121,0,7,0,4,0,0,0,0,0,0,0,0,43,47,3,0,0,0,0
3760,2021,Madhya Pradesh,23,Narsimhapur,418,Narsinghpur,1,12,9,0,1,0,89,118,0,,1,0,11,0,0,0,0,0,39,12,0,0,76,0,7,0,0,0,0,0,0,0,0,0,1,69,44,8,0,0,0,0
3761,2021,Madhya Pradesh,23,Neemuch,419,Neemuch,0,2,8,0,0,0,95,55,0,,1,0,0,0,0,0,1,0,15,0,0,0,43,0,0,0,0,1,0,0,0,0,0,0,0,32,16,0,0,0,0,0
3762,2021,Madhya Pradesh,23,Panna,420,Panna,0,8,27,0,0,0,96,146,0,,0,0,0,0,0,2,0,0,42,0,0,0,86,0,2,0,1,0,0,0,0,0,0,0,0,34,41,2,0,0,0,0
3763,2021,Madhya Pradesh,23,Raisen,421,Raisen,0,9,8,0,0,0,150,152,0,,0,0,0,0,0,0,0,0,51,0,0,0,87,0,0,0,0,0,0,0,0,0,0,0,2,110,57,32,0,0,0,0
3764,2021,Madhya Pradesh,23,Rajgarh,422,Rajgarh,0,1,26,0,0,0,268,0,0,,0,1,0,0,0,0,0,0,74,0,2,0,174,0,4,0,0,0,0,0,0,0,0,1,0,29,74,1,0,0,0,0
3765,2021,Madhya Pradesh,23,Ratlam,423,Ratlam,1,3,22,0,0,0,108,168,0,,3,0,0,0,0,0,1,0,44,22,0,0,103,0,6,0,0,0,0,0,0,0,0,0,4,122,49,1,0,0,0,0
3766,2021,Madhya Pradesh,23,Rewa,424,Rewa,0,25,15,7,1,0,164,4,0,,0,0,0,0,0,1,0,0,61,0,0,0,97,0,9,0,0,0,0,0,0,0,0,10,0,90,49,0,0,0,0,0
3767,2021,Madhya Pradesh,23,Sagar,425,Sagar,1,38,34,1,0,0,238,0,0,,17,0,0,0,0,5,0,0,87,193,0,0,188,0,3,0,1,0,0,1,0,0,0,0,0,131,191,0,0,0,0,0
3768,2021,Madhya Pradesh,23,Satna,426,Satna,0,22,22,0,0,0,106,0,0,,0,0,0,0,0,0,0,0,51,240,0,0,85,0,5,0,1,0,0,0,0,0,0,0,0,77,49,0,0,0,0,0
3769,2021,Madhya Pradesh,23,Seoni,428,Seoni,0,9,16,0,0,0,135,0,0,,0,0,0,0,0,0,0,0,35,156,0,0,76,0,11,0,0,0,0,0,0,0,0,0,0,28,42,1,0,0,0,0
3770,2021,Madhya Pradesh,23,Shahdol,429,Shahdol,0,5,15,0,0,0,184,146,0,,0,0,11,0,1,1,0,0,42,4,1,0,74,0,5,0,0,0,0,0,0,0,0,0,0,70,31,1,0,0,0,0
3771,2021,Madhya Pradesh,23,Shajapur,430,Shajapur,3,5,7,0,1,0,106,34,0,,1,0,0,0,1,0,0,0,31,4,0,0,93,0,7,0,1,0,0,0,0,0,0,0,0,57,45,0,6,1,0,0
3772,2021,Madhya Pradesh,23,Sheopur,431,Sheopur,0,3,2,0,0,0,31,15,0,,0,0,0,0,0,0,0,0,18,0,0,0,32,0,1,0,0,0,0,0,0,0,0,0,0,14,9,0,0,0,0,0
3773,2021,Madhya Pradesh,23,Shivpuri,432,Shivpuri,0,19,11,0,0,0,158,159,0,,0,0,0,0,0,1,0,0,95,0,2,0,190,0,6,0,1,0,1,0,0,0,0,0,0,61,52,0,0,0,0,0
3774,2021,Madhya Pradesh,23,Sidhi,433,Sidhi,2,9,18,2,0,0,78,129,0,,0,1,8,0,0,2,0,0,32,16,0,0,25,0,9,0,0,0,0,0,0,0,0,0,0,22,13,0,0,0,0,0
3775,2021,Madhya Pradesh,23,Sehore,427,Sehore,0,11,12,0,0,0,157,0,0,,1,1,0,0,0,2,0,0,54,88,0,0,122,0,6,0,0,0,0,0,0,0,0,1,0,111,39,0,0,0,0,0
3776,2021,Madhya Pradesh,23,Singrauli,638,Singrauli,1,11,22,2,1,0,111,88,0,,0,0,0,0,0,1,0,0,32,0,1,0,49,0,1,0,0,0,0,0,0,0,0,0,0,52,23,0,0,0,0,0
3777,2021,Madhya Pradesh,23,Tikamgarh,434,Tikamgarh,0,17,13,0,0,0,87,62,0,,2,0,0,0,0,1,0,0,27,25,0,0,46,0,0,0,0,0,0,0,0,0,0,0,0,39,27,0,1,0,0,0
3778,2021,Madhya Pradesh,23,Ujjain,435,Ujjain,0,6,14,0,0,0,191,157,0,,1,0,0,0,1,0,0,0,55,20,1,0,192,0,14,0,0,0,0,0,0,1,0,0,1,47,65,1,0,0,0,0
3779,2021,Madhya Pradesh,23,Umaria,436,Umaria,0,3,11,0,0,0,28,4,0,,0,0,0,0,0,0,0,0,30,48,1,0,40,0,0,0,0,0,0,0,0,0,0,0,0,22,10,0,0,0,0,0
3780,2021,Madhya Pradesh,23,Vidisha,437,Vidisha,1,8,20,0,0,0,154,117,0,,8,0,2,0,0,3,0,0,67,5,1,0,166,0,2,0,0,0,0,0,0,0,0,0,0,89,64,0,0,0,0,0
3781,2021,Madhya Pradesh,23,Indore,410,Cyber Crime Cell,0,0,0,0,0,0,0,0,0,,0,0,0,0,0,0,0,0,0,0,0,0,0,0,0,0,0,0,0,0,0,0,0,7,0,0,0,0,0,0,0,0
3782,2021,Madhya Pradesh,23,Niwari,722,Niwari,0,5,3,0,0,0,45,23,0,,1,0,0,0,0,2,0,0,13,7,0,0,45,0,0,0,0,0,0,0,0,0,0,0,0,24,22,0,0,0,0,0
3783,2021,Maharashtra,27,Ahmednagar,466,Ahmednagar,1,15,120,0,0,0,567,271,0,,9,0,5,0,0,1,0,0,87,2,0,0,668,0,20,0,0,0,8,0,0,0,0,6,0,101,55,0,0,0,0,0
3784,2021,Maharashtra,27,Akola,467,Akola,0,5,15,0,0,0,268,77,0,,2,0,0,0,0,1,0,0,40,7,0,1,202,0,2,0,2,0,0,0,0,0,0,2,1,43,63,0,0,0,0,0
3785,2021,Maharashtra,27,Amravati,468,Amravati Commissionerate,0,1,5,0,0,0,100,79,0,,1,0,1,0,0,3,0,0,57,6,0,0,210,0,6,0,5,0,0,0,0,0,0,0,0,44,64,0,2,0,0,0
3786,2021,Maharashtra,27,Amravati,468,Amravati Rural,2,1,22,0,0,0,229,141,0,,0,0,0,0,0,0,0,0,35,7,0,2,186,0,6,0,4,0,0,0,0,0,1,1,0,45,58,0,0,0,0,0
3787,2021,Maharashtra,27,Chhatrapati Sambhajinagar,469,Aurangabad Commissionerate,0,5,11,6,0,0,288,108,0,,0,0,2,0,2,0,0,0,49,0,0,0,172,0,6,0,0,0,2,0,0,0,0,4,0,51,49,2,0,0,0,0
3788,2021,Maharashtra,27,Chhatrapati Sambhajinagar,469,Aurangabad Rural,0,11,11,0,0,0,226,88,0,,0,0,0,0,0,0,0,0,29,0,0,0,190,0,6,0,0,0,0,0,0,0,0,0,0,54,31,0,0,0,0,0
3789,2021,Maharashtra,27,Beed,470,Beed,0,9,42,2,0,0,473,77,2,,4,0,3,0,4,0,0,0,59,1,0,0,339,0,12,0,0,0,0,7,0,0,0,0,2,85,42,0,0,0,0,0
3790,2021,Maharashtra,27,Bhandara,471,Bhandara,0,0,5,0,0,0,34,66,0,,2,0,0,0,0,0,0,0,17,0,0,12,78,0,15,0,3,0,0,0,0,0,1,1,0,19,20,2,0,0,0,0
3791,2021,Maharashtra,27,Buldhana,472,Buldhana,0,12,25,0,0,0,217,96,0,,2,0,3,0,0,0,0,0,43,8,0,0,325,0,15,0,0,1,0,0,0,0,0,0,0,63,89,0,0,0,0,0
3792,2021,Maharashtra,27,Chandrapur,473,Chandrapur,0,1,16,1,0,0,136,178,0,,0,0,0,0,0,2,0,0,41,12,0,0,198,0,39,0,4,0,0,0,0,0,0,0,0,68,56,0,0,0,0,0
3793,2021,Maharashtra,27,Dhule,474,Dhule,1,1,6,0,0,0,360,114,0,,0,0,0,0,0,0,0,0,14,0,0,0,74,0,1,0,0,0,0,0,0,0,0,2,0,28,20,0,0,0,0,0
3794,2021,Maharashtra,27,Gadchiroli,475,Gadchiroli,0,0,7,0,0,0,32,46,0,,0,0,0,0,0,0,0,0,14,0,0,0,42,0,1,0,0,0,0,0,0,0,0,0,0,52,16,0,0,0,0,0
3795,2021,Maharashtra,27,Gondia,476,Gondia,0,1,8,0,0,0,37,57,0,,2,0,0,0,0,0,0,0,33,1,0,0,89,0,7,0,6,1,0,0,0,0,0,0,2,38,23,5,0,0,0,0
3796,2021,Maharashtra,27,Hingoli,477,Hingoli,0,2,9,0,0,0,132,28,0,,1,0,2,0,1,0,0,0,16,0,0,0,84,0,4,0,0,1,0,0,0,0,0,0,0,16,21,0,0,0,0,0
3797,2021,Maharashtra,27,Jalgaon,478,Jalgaon,0,3,35,0,0,0,478,57,0,,0,0,0,0,6,0,0,0,42,130,0,0,269,0,15,0,0,5,0,0,1,0,0,2,0,71,53,3,1,2,0,0
3798,2021,Maharashtra,27,Jalna,479,Jalna,0,3,50,0,0,0,443,0,0,,8,0,0,0,0,0,0,0,35,69,0,0,313,0,2,0,1,0,0,0,0,1,0,6,4,27,40,0,0,0,0,0
3799,2021,Maharashtra,27,Kolhapur,480,Kolhapur,1,6,28,0,0,0,249,96,0,,1,0,0,0,0,17,0,0,74,5,0,0,273,0,13,0,0,0,0,0,0,0,0,0,1,104,84,0,0,0,0,0
3800,2021,Maharashtra,27,Latur,481,Latur,0,3,26,0,0,0,289,110,0,,1,0,1,0,3,5,0,0,27,1,0,0,133,0,4,0,0,0,0,1,0,0,0,0,0,40,28,0,0,1,0,0
3801,2021,Maharashtra,27,Mumbai,482,Mumbai Commissionerate,4,12,36,0,1,0,826,1092,5,,2,0,2,0,1,42,0,0,364,0,0,0,1625,0,481,0,8,3,0,1,0,1,1,4,12,524,452,35,4,4,0,0
3802,2021,Maharashtra,27,Mumbai,482,Mumbai Railway,0,0,3,0,0,0,0,0,0,,0,0,0,0,0,0,0,0,5,0,0,0,35,0,5,0,0,0,0,0,0,0,0,0,0,6,2,0,0,0,0,0
3803,2021,Maharashtra,27,Nagpur,484,Nagpur Commissionerate,0,0,11,0,0,1,177,329,1,,3,1,1,0,0,12,0,0,115,0,1,0,253,0,15,0,0,0,0,12,0,0,0,0,0,119,103,1,0,0,0,0
3804,2021,Maharashtra,27,Nagpur,484,Nagpur Railway,0,1,0,0,0,0,0,1,0,,0,0,0,0,0,0,0,0,0,0,0,0,7,0,0,0,0,0,0,0,0,0,0,0,0,1,1,0,0,0,0,0
3805,2021,Maharashtra,27,Nagpur,484,Nagpur Rural,1,1,4,1,0,0,30,91,0,,0,0,0,0,0,0,0,0,27,0,0,0,111,0,3,0,0,0,0,0,0,0,0,0,0,70,32,0,0,0,0,0
3806,2021,Maharashtra,27,Nanded,485,Nanded,1,6,15,0,0,0,281,56,0,,0,0,0,0,6,0,0,0,54,32,0,0,205,0,5,0,0,0,0,0,0,0,1,0,1,66,42,1,0,0,0,0
3807,2021,Maharashtra,27,Nandurbar,486,Nandurbar,0,2,3,0,0,0,99,67,0,,0,0,0,0,0,1,0,0,7,0,0,0,35,0,5,0,0,0,0,0,0,0,0,0,0,24,14,0,0,0,0,0
3808,2021,Maharashtra,27,Nashik,487,Nasik Commissionerate,0,3,12,0,0,0,51,171,0,,0,0,0,0,0,0,0,0,33,0,0,0,68,0,5,0,0,0,0,0,0,0,0,0,0,35,27,0,0,0,0,0
3809,2021,Maharashtra,27,Nashik,487,Nasik Rural,0,2,53,0,0,0,539,163,0,,0,0,3,0,1,1,0,0,31,2,0,1,207,0,21,0,0,1,1,0,0,0,0,4,1,85,29,19,0,0,0,0
3810,2021,Maharashtra,27,Mumbai Suburban,483,Navi Mumbai,0,0,16,0,1,0,191,248,0,,1,0,1,0,2,7,0,0,93,0,0,0,172,0,26,0,0,11,0,0,0,1,0,3,2,119,43,5,0,0,0,0
3811,2021,Maharashtra,27,Dharashiv,488,Osmanabad,1,5,15,0,0,0,138,56,0,,1,0,0,0,0,0,0,0,35,24,0,0,147,0,3,0,0,4,0,0,0,0,0,0,0,37,25,0,0,0,0,0
3812,2021,Maharashtra,27,Palghar,665,Palghar,1,0,5,1,0,0,27,71,0,,0,0,0,0,0,0,0,0,26,0,0,0,58,0,10,0,0,0,0,0,0,0,0,1,0,33,10,3,0,0,0,0
3813,2021,Maharashtra,27,Parbhani,489,Parbhani,0,9,12,0,0,0,226,49,0,,1,0,0,0,2,0,0,0,25,0,0,0,122,0,4,0,0,0,0,0,0,0,0,0,0,26,44,0,1,0,0,0
3814,2021,Maharashtra,27,Pune,490,Pune Commissionerate,0,4,39,1,0,0,311,514,0,,2,0,0,0,0,15,1,0,96,0,0,0,348,0,44,0,0,7,0,0,0,0,0,4,1,180,41,2,5,0,0,0
3815,2021,Maharashtra,27,Pune,490,Pune Railway,0,0,0,0,0,0,0,0,0,,0,0,0,0,0,0,0,0,0,0,0,0,4,0,0,0,0,0,0,0,0,0,0,0,0,1,0,1,0,0,0,0
3816,2021,Maharashtra,27,Pune,490,Pune Rural,2,11,48,0,1,0,291,297,0,,0,0,0,0,0,3,0,0,111,5,0,0,466,0,29,0,0,0,0,0,17,0,0,1,0,114,113,0,0,3,0,0
3817,2021,Maharashtra,27,Raigad,491,Raigad,2,0,7,2,0,0,48,98,0,,0,0,0,0,0,1,0,0,23,0,0,0,71,0,9,0,1,0,0,0,0,0,1,0,0,35,20,0,0,0,0,0
3818,2021,Maharashtra,27,Ratnagiri,492,Ratnagiri,0,0,2,1,0,0,13,64,0,,1,0,0,0,0,2,0,0,19,0,0,0,47,0,23,0,0,0,0,0,0,0,0,4,0,32,10,2,1,0,0,0
3819,2021,Maharashtra,27,Sangli,493,Sangli,0,8,21,0,0,0,138,191,0,,1,0,1,0,1,2,0,0,58,10,0,10,236,0,14,0,0,0,0,0,0,0,0,2,0,47,3,17,1,0,0,0
3820,2021,Maharashtra,27,Satara,494,Satara,1,2,20,0,0,0,173,172,0,,0,0,5,0,0,3,0,0,42,3,0,0,300,0,9,0,0,0,0,0,0,0,0,0,0,111,25,54,0,0,0,0
3821,2021,Maharashtra,27,Sindhudurg,495,Sindhudurg,0,0,3,0,0,0,5,21,0,,0,0,0,0,0,0,0,0,7,0,0,0,57,0,4,0,0,0,0,0,0,0,0,0,0,22,12,0,0,1,0,0
3822,2021,Maharashtra,27,Solapur,496,Solapur Commissionerate,0,0,2,0,0,0,123,60,0,,0,0,0,0,0,6,0,0,28,1,0,0,98,0,11,0,0,0,0,0,0,2,0,0,0,58,32,0,0,0,0,0
3823,2021,Maharashtra,27,Solapur,496,Solapur Rural,1,2,45,0,0,0,188,161,0,,0,0,0,0,0,6,0,0,81,12,0,2,437,0,8,0,0,0,0,0,0,5,0,0,0,122,69,2,0,0,0,0
3824,2021,Maharashtra,27,Thane,497,Thane Commissionerate,0,4,29,7,0,1,529,614,0,,0,0,0,0,0,29,0,0,141,1,0,0,371,0,41,0,0,0,0,0,0,0,0,8,0,199,149,2,0,0,0,0
3825,2021,Maharashtra,27,Thane,497,Thane Rural,0,2,8,0,0,0,46,117,0,,0,0,0,0,0,0,0,0,31,0,0,0,86,0,2,0,0,0,0,0,0,0,0,1,0,53,12,8,0,0,0,0
3826,2021,Maharashtra,27,Wardha,498,Wardha,1,3,6,0,0,0,35,97,0,,0,0,0,0,0,0,0,0,16,1,0,0,146,0,10,0,2,0,0,0,0,0,0,0,0,46,50,0,0,0,0,0
3827,2021,Maharashtra,27,Washim,499,Washim,1,3,10,0,0,0,227,3,0,,4,0,0,0,0,0,0,0,16,11,0,0,146,0,1,0,1,0,0,0,0,0,0,0,0,18,27,0,0,0,0,0
3828,2021,Maharashtra,27,Yavatmal,500,Yavatmal,0,3,25,0,0,0,292,103,0,,2,0,0,0,1,1,0,0,65,2,0,0,263,0,12,0,3,0,0,0,0,0,0,0,0,74,44,40,0,1,0,0
3829,2021,Maharashtra,27,Pune,490,Pimpri Chinchwad City,2,7,33,1,0,1,249,101,0,,1,0,2,0,0,40,0,0,68,0,0,0,273,0,8,0,0,0,0,0,0,1,0,2,0,96,77,2,1,1,0,0
3830,2021,Maharashtra,27,Chhatrapati Sambhajinagar,469,Aurangabad Railway,0,0,0,0,0,0,0,4,0,,0,0,0,0,0,0,0,0,1,0,0,0,9,0,0,0,0,0,0,0,0,0,0,0,0,2,0,0,0,0,0,0
3831,2021,Maharashtra,27,Thane,497,Mira Bhayandar Vasai Virar Commissionerate,0,3,3,3,0,0,284,373,0,,0,0,4,0,0,70,0,0,138,0,0,0,320,0,55,0,0,0,0,0,0,0,0,3,0,154,57,43,0,1,2,0
3832,2021,Manipur,14,Bishnupur,252,Bishnupur,0,0,0,0,0,0,4,0,0,,4,0,0,0,2,0,0,0,5,0,0,0,0,0,0,0,0,0,0,0,0,0,0,0,0,12,2,0,0,0,0,0
3833,2021,Manipur,14,Chandel,253,Chandel,0,0,0,0,0,0,1,0,0,,0,0,0,0,0,0,0,0,0,0,0,0,0,0,0,0,0,0,0,0,0,0,0,0,0,0,0,1,0,0,0,0
3834,2021,Manipur,14,Churachandpur,254,Churachandpur,0,0,0,0,0,0,0,0,0,,0,0,0,0,0,0,0,0,0,1,0,0,4,0,0,0,0,0,0,0,0,0,0,0,0,3,1,0,0,0,0,0
3835,2021,Manipur,14,Imphal West,256,Cid,0,0,0,0,0,0,0,0,0,,0,0,0,0,0,0,0,0,0,0,0,0,19,0,10,0,0,0,0,0,0,0,0,1,0,0,0,0,0,0,0,0
3836,2021,Manipur,14,Imphal East,255,Imphal East,0,0,0,0,0,0,3,0,0,,5,0,2,0,0,0,0,0,4,0,0,0,11,0,2,0,0,0,0,0,0,0,0,0,0,17,3,0,0,0,0,0
3837,2021,Manipur,14,Imphal West,256,Imphal West,0,1,0,0,0,0,1,2,0,,6,0,5,0,2,1,0,0,9,2,0,0,34,0,4,1,0,0,0,0,0,0,0,1,0,10,2,0,0,0,0,1
3838,2021,Manipur,14,Senapati,257,Senapati,0,0,0,0,0,0,0,0,0,,0,0,0,0,0,0,0,0,1,0,0,0,0,0,0,0,0,0,0,0,0,0,0,0,0,0,3,0,0,0,0,0
3839,2021,Manipur,14,Tamenglong,258,Tamenglong,0,0,0,0,0,0,0,0,0,,0,0,0,0,0,0,0,0,0,0,0,0,0,0,0,0,0,0,0,0,0,0,0,0,0,0,0,0,0,0,0,0
3840,2021,Manipur,14,Thoubal,259,Thoubal,0,0,1,0,0,0,8,0,0,,1,0,8,0,0,0,0,0,2,0,0,0,20,0,0,0,0,0,0,0,0,0,0,0,0,13,0,0,0,3,0,0
3841,2021,Manipur,14,Ukhrul,260,Ukhrul,0,0,0,0,0,0,1,0,0,,0,0,0,0,0,0,0,0,0,0,0,0,0,0,0,0,0,0,0,0,0,0,2,0,0,2,3,0,0,0,0,0
3842,2021,Manipur,14,Kakching,711,Kakching,0,0,0,0,0,0,0,0,0,,1,0,2,0,0,0,0,0,4,0,0,0,3,0,0,0,0,0,0,0,0,0,0,0,0,9,2,0,0,0,0,0
3843,2021,Manipur,14,Kamjong,717,Kamjong,0,0,0,0,0,0,0,0,0,,0,0,0,0,0,0,0,0,0,0,0,0,0,0,0,0,0,0,0,0,0,0,0,0,0,0,0,0,0,0,0,0
3844,2021,Manipur,14,Kangpokpi,712,Kangpokpi,0,0,0,0,0,0,0,0,0,,0,0,0,0,0,0,0,0,0,0,0,0,0,0,0,0,0,0,0,0,0,0,0,0,1,0,0,0,0,0,0,0
3845,2021,Manipur,14,Jiribam,713,Jiribam,0,1,0,0,0,0,0,0,0,,0,0,0,0,0,0,0,0,0,0,0,0,0,0,0,0,0,0,0,0,0,0,0,0,0,2,0,0,0,0,0,0
3846,2021,Manipur,14,Noney,714,Noney,0,0,0,0,0,0,0,0,0,,0,0,0,0,0,0,0,0,0,0,0,0,0,0,0,0,0,0,0,0,0,0,0,0,0,0,0,0,0,0,0,0
3847,2021,Manipur,14,Pherzawl,715,Pherzawl,0,0,0,0,0,0,0,0,0,,1,0,0,0,0,0,0,0,0,0,0,0,0,0,0,0,0,0,0,0,0,0,0,0,0,2,0,0,0,0,0,0
3848,2021,Manipur,14,Tengnoupal,716,Tengnoupal,0,0,0,0,0,0,0,0,0,,0,0,0,0,0,0,0,0,1,0,0,0,0,0,0,0,0,0,0,0,0,0,0,0,0,5,0,0,0,1,0,0
3849,2021,Manipur,14,Imphal West,256,Narcotic,0,0,0,0,0,0,0,0,0,,0,0,0,0,0,0,0,0,0,0,0,0,0,0,0,0,0,0,0,0,0,0,0,0,0,0,0,0,0,0,0,0
3850,2021,Meghalaya,17,East Garo Hills,273,East Garo Hills,0,0,0,0,0,0,3,0,0,,0,0,1,0,0,0,0,0,3,0,0,0,3,0,0,0,0,0,0,0,0,0,0,3,0,6,3,0,0,0,0,0
3851,2021,Meghalaya,17,South Garo Hills,277,South Garo Hills,1,0,0,0,0,0,1,0,0,,0,0,1,0,0,0,0,0,2,0,0,0,2,0,0,0,0,0,0,0,0,0,0,1,0,15,1,0,0,0,0,0
3852,2021,Meghalaya,17,South West Garo Hills,663,South West Garo Hills,0,0,0,0,0,0,0,0,0,,0,0,0,0,0,1,0,0,0,0,0,0,2,0,0,0,0,0,0,0,0,0,0,0,0,12,3,0,1,0,0,0
3853,2021,Meghalaya,17,West Garo Hills,278,West Garo Hills,0,0,1,0,0,0,7,0,0,,7,0,11,0,0,0,0,0,11,0,6,1,17,2,4,0,0,0,0,0,0,0,0,0,0,17,5,0,0,0,0,0
3854,2021,Meghalaya,17,West Jaintia Hills,275,West Jaintia Hills,0,0,0,0,0,0,0,0,0,,0,0,0,0,0,0,0,0,6,0,5,0,3,0,4,0,0,0,0,0,0,0,0,1,1,22,6,0,0,0,0,0
3855,2021,Meghalaya,17,East Jaintia Hills,657,East Jaintia Hills,0,0,0,0,0,0,3,12,0,,0,0,0,0,0,0,0,0,12,0,0,0,5,1,0,0,0,0,0,0,0,0,0,0,0,18,2,0,0,1,0,0
3856,2021,Meghalaya,17,East Khasi Hills,274,East Khasi Hills,2,0,0,0,0,0,3,0,0,,1,0,3,0,0,0,0,0,23,0,5,0,43,0,12,0,0,0,0,2,0,1,0,2,0,92,26,6,4,3,0,0
3857,2021,Meghalaya,17,South West Khasi Hills,658,South West Khasi Hills,1,0,0,0,0,0,0,0,0,,0,0,0,0,0,0,0,0,1,0,0,0,2,0,0,0,0,0,0,0,0,0,0,0,0,12,7,0,0,0,0,0
3858,2021,Meghalaya,17,West Khasi Hills,279,West Khasi Hills,0,0,0,0,0,0,0,0,0,,0,0,0,0,0,0,0,0,10,0,1,0,5,0,1,0,0,0,0,0,0,0,0,0,0,51,10,0,0,0,0,0
3859,2021,Meghalaya,17,Ri Bhoi,276,Ri-Bhoi,0,0,0,0,0,0,1,3,0,,1,0,1,0,0,0,0,0,5,0,6,0,9,0,3,0,0,0,0,0,0,0,0,0,1,38,14,0,0,1,0,0
3860,2021,Meghalaya,17,East Khasi Hills,274,Cyber Cell,0,0,0,0,0,0,0,0,0,,0,0,0,0,0,0,0,0,0,0,0,0,0,0,0,0,0,0,0,0,0,0,0,0,0,0,0,0,0,0,0,0
3861,2021,Mizoram,15,Aizawl,261,Aizawl,0,0,0,0,0,0,9,0,0,,0,0,0,0,0,0,0,0,11,0,0,0,19,0,0,0,0,0,0,0,0,0,1,0,0,19,17,2,0,0,0,0
3862,2021,Mizoram,15,Champhai,262,Champhai,0,0,0,0,0,0,0,0,0,,0,0,0,0,0,0,0,0,2,0,0,0,0,0,0,0,0,0,0,0,0,0,0,0,0,4,3,0,0,0,0,0
3863,2021,Mizoram,15,Kolasib,263,Kolasib,0,0,0,0,0,0,1,0,0,,0,0,0,0,0,0,0,0,3,0,0,1,2,0,0,0,0,0,0,0,0,0,0,0,0,12,1,0,0,0,0,0
3864,2021,Mizoram,15,Lawngtlai,264,Lawngtlai,0,0,0,0,0,0,0,0,0,,0,0,0,0,0,0,0,0,2,0,0,0,2,0,0,0,0,0,0,0,0,0,0,0,0,5,4,0,0,0,0,0
3865,2021,Mizoram,15,Lunglei,265,Lunglei,0,0,0,0,0,0,0,0,0,,0,0,0,0,0,0,0,0,3,0,0,0,1,0,0,0,0,0,0,0,0,0,0,0,0,6,2,0,0,1,0,0
3866,2021,Mizoram,15,Mamit,266,Mamit,0,0,0,0,0,0,0,0,0,,0,0,0,0,0,0,0,0,2,0,0,0,4,0,0,0,0,0,0,0,0,0,0,0,0,11,5,0,0,0,0,0
3867,2021,Mizoram,15,Siaha,267,Saiha,0,0,0,0,0,0,0,0,0,,0,0,0,0,0,0,0,0,0,0,0,0,2,0,0,0,0,0,0,0,0,0,0,0,0,0,0,0,0,0,0,0
3868,2021,Mizoram,15,Serchhip,268,Serchhip,0,0,0,0,0,0,0,0,0,,0,0,0,0,0,0,0,0,0,0,0,0,1,0,0,0,0,0,0,0,0,0,0,0,0,5,2,0,0,0,0,0
3869,2021,Mizoram,15,Aizawl,261,Spl Narcotic,0,0,0,0,0,0,0,0,0,,0,0,0,0,0,0,0,0,0,0,0,0,0,0,0,0,0,0,0,0,0,0,0,0,0,0,0,0,0,0,0,0
3870,2021,Mizoram,15,Saitual,727,Saitual,0,0,0,0,0,0,0,0,0,,0,0,0,0,0,0,0,0,0,0,0,0,0,0,0,0,0,0,0,0,0,0,0,0,0,0,0,0,0,0,0,0
3871,2021,Mizoram,15,Khawzawl,728,Khawzawl,0,0,0,0,0,0,1,0,0,,0,0,0,0,0,0,0,0,1,0,0,1,0,0,0,0,0,0,0,0,0,0,0,2,0,3,0,0,0,0,0,0
3872,2021,Mizoram,15,Hnahthial,726,Hnahthial,0,0,0,0,0,0,0,0,0,,0,0,0,0,0,0,0,0,0,0,0,0,0,0,0,0,0,0,0,0,0,0,0,0,0,0,0,0,0,0,0,0
3873,2021,Mizoram,15,Aizawl,261,Cyber,0,0,0,0,0,0,0,0,0,,0,0,0,0,0,0,0,0,0,0,0,0,0,0,0,0,0,0,0,0,0,0,0,0,3,0,0,0,0,0,0,0
3874,2021,Nagaland,13,Dimapur,244,Dimapur,0,0,0,0,0,0,2,4,0,,0,0,0,0,0,0,0,0,1,0,0,0,2,0,1,0,0,0,0,0,0,0,0,0,0,11,4,0,0,0,0,0
3875,2021,Nagaland,13,Kiphire,614,Kiphire,0,0,0,0,0,0,0,0,0,,0,0,0,0,0,0,0,0,0,0,0,0,0,0,0,0,0,0,0,0,0,0,0,0,0,0,0,0,0,0,0,0
3876,2021,Nagaland,13,Kohima,245,Kohima,0,0,0,0,0,0,0,0,0,,0,0,0,0,0,0,0,0,1,0,0,0,2,0,0,0,0,0,0,0,0,0,0,0,0,1,1,0,0,0,0,0
3877,2021,Nagaland,13,Longleng,615,Longleng,0,0,0,0,0,0,0,0,0,,0,0,0,0,0,0,0,0,0,0,0,0,1,0,0,0,0,0,0,0,0,0,0,0,0,0,0,0,0,0,0,0
3878,2021,Nagaland,13,Mokokchung,246,Mokokchung,0,0,0,0,0,0,0,0,0,,0,0,0,0,0,0,0,0,0,0,0,0,2,0,0,0,0,0,0,0,0,0,0,0,0,1,0,0,0,0,0,0
3879,2021,Nagaland,13,Mon,247,Mon,0,0,0,0,0,0,0,1,0,,0,0,0,0,0,0,0,0,2,0,0,0,1,0,0,0,0,0,0,0,0,0,0,0,0,3,1,0,0,0,0,0
3880,2021,Nagaland,13,Peren,613,Peren,0,0,0,0,0,0,0,0,0,,0,0,0,0,0,0,0,0,0,0,0,0,0,0,0,0,0,0,0,0,0,0,0,0,0,0,0,0,0,0,0,0
3881,2021,Nagaland,13,Phek,248,Phek,0,0,0,0,0,0,0,0,0,,0,0,0,0,0,0,0,0,0,0,0,0,0,0,0,0,0,0,0,0,0,0,0,0,0,2,0,0,0,0,0,0
3882,2021,Nagaland,13,Tuensang,249,Tuensang,0,0,0,0,0,0,0,0,0,,0,0,0,0,0,0,0,0,0,0,0,0,3,0,0,0,0,0,0,0,0,0,0,0,0,4,0,0,0,0,0,0
3883,2021,Nagaland,13,Wokha,250,Wokha,0,0,0,0,0,0,0,0,0,,0,0,0,0,0,0,0,0,0,0,0,0,0,0,0,0,0,0,0,0,0,0,0,0,0,2,0,0,0,0,0,0
3884,2021,Nagaland,13,Zunheboto,251,Zunheboto,0,0,0,0,0,0,0,0,0,,0,0,0,0,0,0,0,0,0,0,0,0,0,0,0,0,0,0,0,0,0,0,0,0,0,1,0,0,0,0,0,0
3885,2021,Odisha,21,Anugul,344,Angul,1,6,4,0,0,0,455,152,0,,0,0,0,0,0,2,0,0,45,0,8,0,513,0,52,0,287,0,0,0,0,1,0,3,14,52,21,0,0,0,0,0
3886,2021,Odisha,21,Baleshwar,346,Balasore,0,19,7,0,0,0,131,300,0,,2,0,7,0,1,1,0,0,67,50,12,0,519,0,23,0,0,0,0,0,0,0,0,19,15,105,13,0,15,0,0,0
3887,2021,Odisha,21,Bargarh,347,Baragarh,1,8,0,0,0,0,77,130,0,,0,0,0,0,0,0,0,0,30,0,4,0,371,0,25,0,0,0,0,0,0,1,0,13,7,33,9,0,0,0,0,0
3888,2021,Odisha,21,Baleshwar,346,Berhampur,0,4,0,0,0,0,135,106,0,,0,0,0,0,0,1,0,0,29,0,0,0,404,0,28,0,0,0,0,0,0,0,0,7,9,60,25,0,0,0,0,0
3889,2021,Odisha,21,Bhadrak,348,Bhadrak,1,19,0,0,0,0,119,259,0,,0,0,0,0,0,1,0,0,45,0,1,0,435,0,27,0,0,0,0,0,0,1,0,37,0,62,25,0,0,0,0,0
3890,2021,Odisha,21,Balangir,345,Bolangir,0,7,0,0,0,0,135,145,0,,0,0,0,0,0,32,0,0,22,0,3,0,499,0,15,0,0,0,0,0,0,1,0,0,0,49,10,0,0,0,0,0
3891,2021,Odisha,21,Boudh,349,Boudh,0,1,0,0,0,0,42,33,0,,0,0,0,0,0,1,0,0,8,0,0,0,100,0,5,0,0,0,0,0,0,1,0,0,0,7,5,0,0,0,0,0
3892,2021,Odisha,21,Cuttack,350,Cuttack,0,19,0,0,0,0,71,150,0,,0,0,0,0,0,0,0,0,80,0,4,0,302,0,22,0,0,0,0,0,0,0,0,10,19,46,19,0,0,0,0,0
3893,2021,Odisha,21,Khordha,362,Dcp Bhubaneswar,0,15,0,0,1,0,148,269,0,,0,0,0,0,0,1,0,0,51,0,0,0,330,0,33,0,0,0,0,0,7,0,0,19,4,61,7,0,0,0,0,0
3894,2021,Odisha,21,Cuttack,350,Dcp Cuttack,0,8,0,0,0,0,128,146,0,,0,0,0,0,0,1,0,0,39,0,0,0,277,0,10,0,0,0,0,0,3,0,0,15,8,39,3,0,0,0,0,0
3895,2021,Odisha,21,Deogarh,351,Deogarh,0,0,0,1,0,0,68,16,0,,0,0,0,0,0,1,0,0,22,0,0,0,122,0,16,0,0,0,0,0,0,0,0,0,0,24,0,0,0,0,0,0
3896,2021,Odisha,21,Dhenkanal,352,Dhenkanal,0,5,3,0,0,0,138,87,0,,94,0,0,0,0,1,0,0,40,0,8,0,550,0,61,0,178,0,0,0,0,0,0,8,11,48,11,0,0,0,0,0
3897,2021,Odisha,21,Gajapati,353,Gajapati,0,2,0,0,0,0,19,36,0,,0,0,0,0,0,1,0,0,37,0,0,0,124,0,18,0,0,0,0,0,0,0,0,0,0,34,7,0,0,0,0,0
3898,2021,Odisha,21,Ganjam,354,Ganjam,0,17,0,0,0,0,633,214,0,,0,0,0,0,0,1,0,0,96,0,12,0,1361,0,78,0,0,0,0,0,0,0,0,30,0,72,49,0,0,0,0,0
3899,2021,Odisha,21,Jagatsinghapur,355,Jagatsinghpur,0,14,0,0,0,0,107,156,0,,0,0,0,0,0,0,0,0,45,0,6,0,779,0,32,0,0,0,0,0,0,0,0,6,1,34,24,0,0,0,0,0
3900,2021,Odisha,21,Jajapur,356,Jajpur,0,27,0,0,0,0,219,397,0,,0,0,0,0,0,3,0,0,82,0,7,0,946,0,49,0,0,0,0,0,0,1,0,21,18,76,68,0,0,0,0,0
3901,2021,Odisha,21,Jharsuguda,357,Jharsuguda,0,3,0,0,0,0,83,55,0,,0,0,0,0,0,1,0,0,24,0,4,0,122,0,12,0,0,0,0,0,0,1,0,4,2,26,8,0,0,0,0,0
3902,2021,Odisha,21,Kalahandi,358,Kalahandi,0,12,0,0,0,0,163,179,0,,0,0,0,0,0,3,0,0,97,0,5,0,433,0,38,0,0,0,0,0,0,0,0,10,12,58,43,0,0,0,0,0
3903,2021,Odisha,21,Kandhamal,359,Kandhamal,1,5,0,0,0,0,100,83,0,,0,0,0,0,0,3,0,0,38,0,3,0,205,0,20,0,0,0,0,0,0,0,0,6,1,58,20,0,0,0,0,1
3904,2021,Odisha,21,Kendrapara,360,Kendrapara,1,29,7,0,0,0,143,206,0,,0,0,0,0,0,1,0,0,47,0,25,0,1121,0,31,0,0,0,0,0,0,0,0,8,30,86,28,0,0,0,0,0
3905,2021,Odisha,21,Kendujhar,361,Keonjhar,2,7,0,0,0,0,161,222,0,,0,0,0,0,0,1,0,0,33,0,0,0,547,0,10,0,0,0,0,0,0,0,0,0,6,106,15,0,0,0,0,0
3906,2021,Odisha,21,Khordha,362,Khurda,0,20,0,0,0,0,93,92,0,,0,0,0,0,0,0,0,0,14,0,2,0,447,0,12,0,0,0,0,0,0,0,0,2,5,46,18,0,0,0,0,0
3907,2021,Odisha,21,Koraput,363,Koraput,0,0,0,0,1,0,145,174,0,,0,0,0,0,0,0,0,0,40,0,4,0,412,0,22,0,0,0,0,0,0,0,0,6,3,87,5,0,0,0,0,0
3908,2021,Odisha,21,Malkangiri,364,Malkangiri,0,1,0,0,0,0,136,123,0,,0,0,0,0,0,10,0,0,27,0,3,0,201,0,9,0,0,0,0,0,0,1,0,12,3,31,12,0,0,0,0,0
3909,2021,Odisha,21,Mayurbhanj,365,Mayurbhanj,2,2,0,0,1,0,368,373,0,,0,0,0,0,0,2,0,0,140,0,10,0,651,0,53,0,0,0,0,0,0,0,0,17,24,121,10,14,3,1,0,2
3910,2021,Odisha,21,Nayagarh,367,Nayagarh,2,6,0,0,0,0,63,83,0,,0,0,0,0,0,0,0,0,11,0,5,0,264,0,1,0,0,0,0,0,0,2,0,5,2,41,2,0,0,0,0,0
3911,2021,Odisha,21,Nabarangpur,366,Nabarangpur,0,2,3,0,0,0,146,94,0,,69,0,0,0,3,3,0,0,38,0,3,0,282,0,21,0,0,0,0,0,0,0,0,6,15,103,27,0,0,0,0,0
3912,2021,Odisha,21,Nuapada,368,Nuapada,0,0,0,0,0,0,42,80,0,,0,0,0,0,0,0,0,0,11,0,1,0,169,0,5,0,0,0,0,0,0,0,0,1,1,15,4,0,0,0,0,0
3913,2021,Odisha,21,Puri,369,Puri,0,17,0,0,0,0,146,224,0,,0,0,0,0,0,2,0,0,45,0,10,0,1280,0,50,0,0,0,0,0,0,2,0,7,29,47,34,0,0,0,0,0
3914,2021,Odisha,21,Rayagada,370,Rayagada,0,6,2,1,0,0,88,76,0,,0,0,0,0,0,1,0,0,28,0,1,0,118,0,10,0,0,0,0,0,0,0,0,2,0,70,5,3,0,2,0,0
3915,2021,Odisha,21,Sundargarh,373,Rourkela,0,3,0,0,0,0,94,111,0,,0,0,0,0,0,5,0,0,40,0,1,0,235,0,7,0,0,0,0,0,0,2,0,7,6,54,14,0,0,0,0,0
3916,2021,Odisha,21,Sambalpur,371,Sambalpur,0,4,0,0,0,0,193,82,0,,0,0,0,0,0,9,0,0,27,0,5,0,425,0,34,0,0,0,0,0,0,5,0,9,7,56,32,0,0,0,0,0
3917,2021,Odisha,21,Sonepur,372,Sonepur,1,4,0,0,0,0,35,29,0,,0,0,0,0,0,2,0,0,10,0,1,0,129,0,5,0,0,0,0,0,0,2,0,2,0,16,0,0,0,0,0,0
3918,2021,Odisha,21,Cuttack,350,Srp(Cuttack),0,0,0,0,0,0,0,0,0,,0,0,0,0,0,0,0,0,0,0,0,0,4,0,0,0,0,0,0,0,0,0,0,0,0,0,0,0,0,0,0,0
3919,2021,Odisha,21,Sundargarh,373,Srp(Rourkela),0,0,1,0,0,0,0,2,0,,0,0,0,0,0,1,0,0,2,0,0,0,4,0,0,0,0,0,0,0,0,0,0,0,0,0,0,0,0,0,0,0
3920,2021,Odisha,21,Sundargarh,373,Sundargarh,0,1,0,0,0,0,65,65,0,,0,0,0,0,0,2,0,0,46,0,3,0,166,0,4,0,0,0,0,0,0,0,0,1,6,48,11,0,0,2,0,0
3921,2021,Punjab,3,Amritsar,27,Amritsar Rural,0,1,0,0,0,0,41,0,0,,11,0,0,0,0,0,0,0,27,70,4,0,26,0,2,0,0,0,0,0,0,0,0,15,0,25,9,0,0,0,0,0
3922,2021,Punjab,3,Barnala,605,Barnala,0,1,0,0,0,0,18,0,0,,28,0,0,0,1,0,0,0,7,38,0,9,9,2,1,3,0,0,0,0,0,0,0,0,0,0,0,0,0,0,0,0
3923,2021,Punjab,3,Gurdaspur,32,Batala,0,2,11,0,0,1,60,0,0,,14,0,0,0,0,0,0,0,10,30,3,0,22,0,0,0,0,0,0,0,0,0,0,6,0,12,4,0,0,0,0,0
3924,2021,Punjab,3,Bathinda,28,Bathinda,0,3,11,0,0,0,52,0,0,,0,0,0,0,3,0,0,0,33,57,0,0,26,1,2,8,0,0,0,0,0,0,0,1,0,33,0,0,0,0,0,0
3925,2021,Punjab,3,Amritsar,27,Cp Amritsar,0,4,11,0,0,0,96,3,0,,14,0,0,0,3,0,0,0,21,70,1,0,37,1,3,0,0,0,0,0,0,0,0,0,2,19,7,0,0,0,0,0
3926,2021,Punjab,3,Jalandhar,34,Cp Jalandhar,0,4,5,0,1,0,146,3,0,,9,0,0,0,4,0,0,0,5,68,1,0,35,1,1,7,0,0,0,0,0,0,0,1,0,10,0,0,0,0,0,0
3927,2021,Punjab,3,Ludhiana,36,Cp Ludhiana,0,6,14,0,0,0,161,0,0,,7,0,0,0,3,0,0,0,34,131,5,0,44,0,4,0,0,0,0,0,0,0,0,1,2,88,20,0,0,0,0,0
3928,2021,Punjab,3,Faridkot,29,Faridkot,0,2,4,0,0,0,33,0,0,,0,0,0,0,0,0,0,0,7,24,1,0,24,2,3,0,0,0,0,0,0,0,0,0,0,8,1,0,0,0,0,0
3929,2021,Punjab,3,Fatehgarh Sahib,30,Fatehgarh Sahib,0,2,7,0,0,0,29,0,0,,0,0,0,0,0,0,0,0,6,49,0,0,17,1,2,0,0,0,0,3,0,0,0,0,0,10,5,0,0,0,0,0
3930,2021,Punjab,3,Fazilka,651,Fazilka,0,2,10,0,0,0,34,0,0,,4,0,0,0,3,0,0,0,61,50,4,0,26,0,0,0,0,0,0,0,0,0,0,0,0,41,13,0,0,0,0,0
3931,2021,Punjab,3,Patiala,41,Grp,0,0,0,0,0,0,0,0,0,,0,0,0,0,0,0,0,0,2,0,0,0,3,0,0,0,0,0,0,0,0,0,0,0,0,0,0,0,0,0,0,0
3932,2021,Punjab,3,Gurdaspur,32,Gurdaspur,0,4,5,0,0,0,63,1,0,,8,0,0,0,0,0,0,0,11,20,1,0,9,1,0,0,0,0,0,0,0,0,0,2,2,16,1,0,0,0,0,0
3933,2021,Punjab,3,Hoshiarpur,33,Hoshiarpur,0,5,15,0,0,0,98,1,0,,0,0,0,0,3,0,0,0,15,58,3,0,29,0,3,0,0,0,0,0,0,0,0,0,0,15,5,0,0,0,0,0
3934,2021,Punjab,3,Jalandhar,34,Jalandhar Rural,3,4,8,1,0,0,55,2,0,,6,0,0,0,0,0,0,0,10,43,1,0,35,1,3,6,0,1,0,0,0,0,0,0,0,35,0,0,0,0,0,0
3935,2021,Punjab,3,Kapurthala,35,Kapurthala,0,1,8,0,0,0,51,0,0,,13,0,0,0,0,0,0,0,12,26,1,0,32,0,1,0,0,0,0,0,0,0,0,1,0,14,2,0,0,0,0,0
3936,2021,Punjab,3,Ludhiana,36,Khanna,1,0,5,0,1,0,42,0,0,,2,0,0,0,0,0,0,0,7,30,1,0,13,0,0,1,0,0,0,0,0,0,0,3,0,13,0,0,0,0,0,0
3937,2021,Punjab,3,Ludhiana,36,Ludhiana Rural,0,1,0,1,0,0,31,0,0,,31,0,0,0,0,0,0,0,10,15,0,0,7,0,0,0,0,0,0,0,0,0,0,0,2,15,4,0,0,0,0,0
3938,2021,Punjab,3,Mansa,37,Mansa,0,6,5,0,1,0,19,0,0,,2,0,0,0,0,0,0,0,13,31,0,1,13,2,2,8,0,0,0,0,0,1,0,0,0,24,0,0,0,0,0,0
3939,2021,Punjab,3,Moga,38,Moga,0,2,5,0,0,0,16,0,0,,2,0,0,0,2,1,0,0,6,16,0,0,3,1,0,0,0,0,0,0,0,0,0,0,2,15,6,0,0,0,0,0
3940,2021,Punjab,3,Sri Muktsar Sahib,39,Muktsar,0,2,7,0,0,0,14,1,1,,2,0,0,0,0,0,0,0,18,42,2,0,19,2,3,0,0,0,0,0,0,0,0,0,0,16,6,0,0,0,0,0
3941,2021,Punjab,3,Pathankot,662,Pathankot,0,0,5,0,0,0,40,0,0,,6,0,0,0,0,0,0,0,10,21,1,0,7,0,0,2,0,0,0,0,0,0,0,0,0,12,1,1,0,0,0,0
3942,2021,Punjab,3,Patiala,41,Patiala,0,4,22,0,0,0,133,0,0,,6,0,0,0,4,0,0,0,22,99,1,0,41,5,1,11,3,0,0,7,0,0,0,0,0,41,11,0,0,0,0,0
3943,2021,Punjab,3,Rupnagar,42,Ropar,0,1,3,0,0,0,41,0,0,,4,0,0,0,0,0,0,0,11,30,1,0,33,0,0,0,0,0,0,0,0,0,0,4,0,19,0,0,0,0,0,0
3944,2021,Punjab,3,Sangrur,43,Sangrur,0,0,14,0,0,0,45,0,0,,9,0,0,0,0,0,0,0,18,35,1,0,23,0,3,0,0,0,0,0,0,0,0,0,0,19,11,0,0,0,0,0
3945,2021,Punjab,3,Tarn Taran,609,Tarn Taran,0,4,7,1,0,0,29,0,0,,3,0,0,0,0,1,0,0,10,52,2,0,21,2,0,0,0,0,0,0,0,0,0,3,0,26,6,0,0,0,0,0
3946,2021,Punjab,3,S.A.S Nagar,608,Bureau Of Investigation,0,0,0,0,0,0,0,0,0,,0,0,0,0,0,0,0,0,0,0,0,0,12,0,3,0,0,0,0,0,0,0,0,18,1,0,0,0,0,0,0,0
3947,2021,Punjab,3,S.A.S Nagar,608,Intelligence Wing,0,0,0,0,0,0,0,0,0,,0,0,0,0,0,0,0,0,0,0,0,0,0,0,0,0,0,0,0,0,0,0,0,0,0,0,0,0,0,0,0,0
3948,2021,Punjab,3,S.A.S Nagar,608,Nri Wing,0,0,0,0,0,0,99,0,0,,0,0,0,0,0,0,0,0,1,0,0,0,0,0,0,0,10,0,0,0,0,0,0,0,0,0,0,0,0,0,0,0
3949,2021,Punjab,3,Amritsar,27,Special Task Force,0,0,0,0,0,0,0,0,0,,0,0,0,0,0,0,0,0,0,0,0,0,0,0,0,0,0,0,0,0,0,0,0,0,0,0,0,0,0,0,0,0
3950,2021,Punjab,3,Malerkotla,737,Malerkotla,0,0,2,0,0,0,33,0,0,,0,0,0,0,0,0,0,0,4,15,0,0,10,0,0,0,0,0,0,0,0,0,0,0,0,7,2,0,0,0,0,0
3951,2021,Rajasthan,8,Ajmer,86,Ajmer,2,15,12,0,0,0,1001,131,1,,23,2,0,0,121,0,0,0,177,1,37,52,610,7,11,48,0,2,0,0,0,0,0,0,1,0,0,0,0,0,0,3
3952,2021,Rajasthan,8,Alwar,87,Alwar,0,35,3,0,0,0,687,70,0,,50,0,0,0,40,0,0,0,232,1,110,56,303,0,0,32,0,0,0,0,0,1,0,0,0,0,0,0,0,65,0,0
3953,2021,Rajasthan,8,Banswara,88,Banswara,0,0,10,0,0,0,241,143,0,,89,0,0,0,19,0,0,0,94,37,6,42,152,0,1,4,0,0,0,0,0,0,0,0,0,0,0,0,0,3,0,0
3954,2021,Rajasthan,8,Baran,89,Baran,0,5,6,0,0,0,347,124,0,,30,0,0,0,4,0,0,0,85,11,13,45,231,2,1,62,0,0,0,0,0,0,0,2,0,0,0,0,0,0,0,0
3955,2021,Rajasthan,8,Barmer,90,Barmer,5,33,8,0,0,0,439,0,0,,49,0,0,0,0,0,0,0,176,64,45,60,277,0,0,79,0,4,0,0,0,1,0,0,0,0,0,0,0,0,0,0
3956,2021,Rajasthan,8,Bharatpur,91,Bharatpur,1,29,2,0,1,0,914,24,0,,34,0,1,0,94,0,0,0,266,2,141,37,103,0,0,38,0,0,0,0,0,0,0,1,0,0,0,0,0,88,0,0
3957,2021,Rajasthan,8,Bhilwara,92,Bhilwara,0,11,10,0,0,0,792,81,0,,9,0,0,0,177,1,0,0,204,26,23,26,453,0,1,12,0,1,0,0,0,3,0,0,0,0,0,0,0,38,0,1
3958,2021,Rajasthan,8,Bikaner,93,Bikaner,0,15,10,0,0,0,493,41,0,,12,3,0,0,32,0,0,0,125,0,12,52,207,0,1,21,0,0,0,0,0,0,0,0,0,0,0,0,0,12,0,0
3959,2021,Rajasthan,8,Bundi,94,Bundi,0,1,2,0,0,0,298,28,0,,2,0,0,0,116,0,0,0,104,0,11,12,225,0,0,17,0,0,0,0,0,2,0,0,0,0,0,2,0,14,0,0
3960,2021,Rajasthan,8,Chittorgarh,95,Chittorgarh,0,4,8,0,0,0,512,109,0,,5,1,0,0,86,0,0,0,85,5,4,30,176,0,0,16,0,0,0,0,0,1,0,0,0,0,0,0,2,36,0,0
3961,2021,Rajasthan,8,Churu,96,Churu,0,9,5,0,0,0,468,19,0,,12,0,0,0,71,0,0,0,128,0,13,35,86,0,0,10,0,1,0,0,0,0,0,0,0,0,0,3,0,23,0,0
3962,2021,Rajasthan,8,Dausa,97,Dausa,0,10,5,0,0,0,338,12,0,,7,0,0,0,101,0,0,0,124,0,22,17,61,0,0,4,0,0,0,0,0,0,0,11,0,0,0,0,0,4,0,0
3963,2021,Rajasthan,8,Dholpur,98,Dholpur,0,25,2,0,0,0,319,36,0,,12,0,0,0,53,0,0,0,75,3,38,28,98,2,0,45,0,0,0,0,0,0,0,0,0,0,0,0,7,0,0,0
3964,2021,Rajasthan,8,Dungarpur,99,Dungarpur,0,4,4,0,0,0,119,0,0,,0,0,0,0,243,0,0,0,58,0,1,43,116,0,0,6,0,0,0,0,0,2,0,0,0,0,0,0,0,0,0,0
3965,2021,Rajasthan,8,Ajmer,86,Grp Ajmer,0,1,2,0,0,0,0,2,0,,0,0,0,0,0,0,0,0,2,0,0,0,8,0,1,1,0,0,0,0,0,0,0,0,0,0,0,0,0,0,0,0
3966,2021,Rajasthan,8,Jodhpur,107,Grp Jodhpur,0,1,0,0,0,0,0,0,0,,0,0,0,0,0,0,0,0,1,0,0,0,1,0,0,0,0,0,0,0,0,0,0,0,0,0,0,0,0,0,0,0
3967,2021,Rajasthan,8,Ganganagar,100,Ganganagar,1,8,7,0,0,0,702,110,0,,6,0,0,0,59,0,0,0,147,15,16,46,224,0,0,40,0,0,0,0,0,0,0,3,0,0,0,0,0,7,0,0
3968,2021,Rajasthan,8,Hanumangarh,101,Hanumangarh,1,8,6,1,0,0,621,54,0,,4,1,3,0,27,0,0,0,131,1,18,67,168,4,2,39,0,0,0,0,0,0,0,2,0,0,0,0,0,0,0,0
3969,2021,Rajasthan,8,Jaipur,102,Jaipur East,2,8,2,0,1,0,246,93,0,,7,2,0,0,5,0,0,0,99,1,8,26,208,3,3,7,0,0,0,0,0,0,0,4,0,0,0,0,0,0,0,0
3970,2021,Rajasthan,8,Jaipur,102,Jaipur North,0,12,1,0,0,0,299,21,0,,5,0,0,0,30,0,0,0,69,0,5,18,79,0,0,18,0,0,0,0,0,0,0,0,0,0,0,0,0,12,0,0
3971,2021,Rajasthan,8,Jaipur,102,Jaipur Rural,1,18,7,0,0,0,413,26,0,,15,0,0,0,81,0,0,0,120,0,13,39,154,7,1,16,0,0,0,0,0,0,0,1,0,0,0,2,0,13,0,1
3972,2021,Rajasthan,8,Jaipur,102,Jaipur South,0,5,5,0,0,0,265,22,0,,0,0,0,0,68,0,0,0,103,0,3,25,114,0,0,26,0,0,0,0,0,1,0,1,0,0,0,3,0,12,0,0
3973,2021,Rajasthan,8,Jaipur,102,Jaipur West,0,9,3,0,1,0,390,48,0,,3,0,0,0,97,0,0,0,126,0,10,36,122,0,3,12,1,1,0,0,0,1,0,0,0,0,0,0,0,16,0,0
3974,2021,Rajasthan,8,Jaisalmer,103,Jaisalmer,0,7,2,0,0,0,75,2,0,,5,0,0,0,3,0,0,0,14,14,8,6,109,0,0,11,0,0,0,1,0,0,0,0,0,0,0,0,0,0,0,0
3975,2021,Rajasthan,8,Jalore,104,Jalore,0,9,3,0,0,0,210,52,0,,24,0,0,0,13,0,0,0,78,1,8,15,273,0,0,10,0,1,0,0,0,0,0,0,0,0,0,0,0,0,0,0
3976,2021,Rajasthan,8,Jhalawar,105,Jhalawar,0,6,9,0,0,0,434,172,0,,15,0,0,0,5,0,0,0,123,1,13,39,198,1,4,52,0,1,0,0,0,0,0,0,0,0,0,0,0,0,0,0
3977,2021,Rajasthan,8,Jhunjhunu,106,Jhunjhunu,0,14,2,0,0,0,592,50,0,,28,0,0,0,60,0,0,0,104,0,13,31,107,0,2,19,0,0,0,0,0,0,0,3,0,0,0,0,0,21,0,0
3978,2021,Rajasthan,8,Jodhpur,107,Jodhpur East,0,6,1,0,0,0,175,17,0,,0,0,0,0,30,0,0,0,67,0,1,6,201,0,3,5,0,0,0,0,0,3,0,0,0,0,0,0,0,7,0,0
3979,2021,Rajasthan,8,Jodhpur,107,Jodhpur West,0,6,0,0,0,0,176,48,0,,1,1,0,0,19,0,0,0,51,0,3,37,168,0,14,20,0,2,0,0,0,0,0,0,0,0,0,0,1,0,0,1
3980,2021,Rajasthan,8,Jodhpur,107,Jodhpur Rural,0,17,2,0,0,0,243,11,0,,0,0,0,0,58,1,0,0,74,0,12,40,147,4,2,31,0,0,0,0,0,0,0,0,0,0,0,0,1,11,0,0
3981,2021,Rajasthan,8,Karauli,108,Karauli,0,21,1,0,0,0,313,29,0,,17,0,0,0,71,0,0,0,108,0,70,30,150,0,0,11,0,0,0,0,0,1,0,10,0,0,0,1,0,7,0,0
3982,2021,Rajasthan,8,Kota,109,Kota City,0,3,5,0,0,1,379,113,0,,4,0,0,0,0,0,0,0,137,0,5,31,200,0,3,46,3,0,0,0,0,0,0,2,1,0,0,6,0,0,0,0
3983,2021,Rajasthan,8,Kota,109,Kota Rural,0,7,1,0,0,0,206,55,0,,7,0,0,0,42,0,0,0,81,1,5,17,203,0,0,24,0,0,0,0,0,0,0,0,0,0,0,0,0,31,0,0
3984,2021,Rajasthan,8,Nagaur,110,Nagaur,1,10,7,0,0,0,672,104,0,,33,0,1,0,21,0,0,0,133,1,46,50,257,0,0,33,0,0,0,0,0,3,0,1,0,0,0,0,0,0,0,0
3985,2021,Rajasthan,8,Pali,111,Pali,0,12,5,0,0,0,676,55,0,,37,0,0,0,119,0,0,0,144,3,11,30,314,2,0,14,0,0,0,3,0,0,0,2,0,0,0,0,0,29,0,0
3986,2021,Rajasthan,8,Pratapgarh,629,Pratapgarh,0,8,6,0,0,0,239,111,0,,49,0,0,0,2,0,0,0,172,4,18,43,203,0,0,19,0,0,0,0,0,0,0,0,0,0,0,0,0,5,0,0
3987,2021,Rajasthan,8,Rajsamand,112,Rajsamand,0,8,1,0,0,0,280,119,0,,3,0,0,0,24,0,0,0,68,1,9,33,159,0,2,15,0,0,0,0,0,0,1,0,0,0,0,0,0,1,0,0
3988,2021,Rajasthan,8,Sawai Madhopur,113,Sawai Madhopur,0,6,2,0,0,0,282,18,0,,40,0,0,0,2,0,0,0,86,5,25,31,214,13,0,23,0,0,0,0,1,0,0,1,0,0,0,6,1,22,0,0
3989,2021,Rajasthan,8,Sikar,114,Sikar,0,12,3,0,0,0,597,99,0,,9,0,0,0,81,0,0,0,164,2,46,33,139,0,0,62,0,0,0,0,0,0,0,0,0,0,0,0,18,0,0,0
3990,2021,Rajasthan,8,Sirohi,115,Sirohi,0,6,4,0,0,0,235,37,0,,6,0,0,0,16,0,0,0,78,9,24,35,161,0,2,12,0,0,0,0,0,0,0,1,3,0,0,4,13,0,0,0
3991,2021,Rajasthan,8,Tonk,116,Tonk,0,8,6,0,0,0,257,75,0,,8,0,0,0,64,0,0,0,63,0,18,27,88,0,0,29,0,0,0,0,0,0,0,0,0,0,0,0,0,12,0,0
3992,2021,Rajasthan,8,Udaipur,117,Udaipur,0,8,12,0,0,0,542,330,0,,37,1,0,0,13,0,0,0,222,15,18,104,402,4,5,28,0,1,0,0,0,0,0,0,0,0,0,0,0,0,0,0
3993,2021,Rajasthan,8,Jaipur,102,Jaipur Metro,0,0,0,0,0,0,0,0,0,,0,0,0,0,0,0,0,0,0,0,0,0,0,0,0,0,0,0,0,0,0,0,0,0,0,0,0,0,0,0,0,0
3994,2021,Rajasthan,8,Jaipur,102,Scrb,0,0,0,0,0,0,0,0,0,,0,0,0,0,0,0,0,0,0,0,0,0,0,0,0,0,0,0,0,0,0,0,0,1,0,0,0,0,0,0,0,0
3995,2021,Rajasthan,8,Jaipur,102,Sog,0,0,0,0,0,0,0,0,0,,0,0,0,0,0,0,0,0,0,0,0,0,0,0,0,0,0,0,0,0,0,0,0,0,0,0,0,0,0,0,0,0
3996,2021,Rajasthan,8,Jaipur,102,Ssb,0,0,0,0,0,0,0,0,0,,0,0,0,0,0,0,0,0,0,0,0,0,0,0,0,0,0,0,0,0,0,0,0,0,0,0,0,0,0,0,0,0
3997,2021,Rajasthan,8,Jaipur,102,Jaipur Crime,0,0,0,0,0,0,0,0,0,,0,0,0,0,0,0,0,0,0,0,0,0,0,0,0,0,0,0,0,0,0,0,0,0,0,0,0,0,0,0,0,0
3998,2021,Rajasthan,8,Khairthal-Tijara,770,Bhiwadi,0,12,1,0,0,0,462,69,0,,52,0,1,0,50,1,0,0,187,2,36,22,186,0,0,7,0,0,0,0,1,1,0,0,0,0,0,0,0,21,0,0
3999,2021,Sikkim,11,Gangtok,225,East,1,0,2,0,0,0,3,0,0,,0,0,0,0,0,0,0,0,4,1,0,0,11,0,0,0,0,0,0,0,0,0,0,0,0,25,7,0,0,0,0,0
4000,2021,Sikkim,11,Mangan,226,North,0,0,0,0,0,0,0,0,0,,0,0,0,0,0,0,0,0,0,0,0,0,0,0,0,0,0,0,0,0,0,0,0,0,0,10,4,0,0,0,0,0
4001,2021,Sikkim,11,Namchi,227,South,0,0,0,0,0,0,0,0,0,,0,0,0,0,0,0,0,0,2,0,0,0,4,0,0,0,0,0,0,0,0,0,0,0,0,25,10,1,0,0,0,0
4002,2021,Sikkim,11,Gyalshing,228,West,0,0,0,0,0,0,0,0,0,,0,0,0,0,0,0,0,0,2,0,0,0,1,0,0,0,0,0,0,0,0,0,0,0,0,15,0,1,0,0,0,0
4003,2021,Sikkim,11,Gangtok,225,Cid,0,0,0,0,0,0,0,0,0,,0,0,0,0,0,0,0,0,0,0,0,0,1,0,0,0,0,0,0,0,0,0,0,0,0,0,0,0,0,0,0,0
4004,2021,Tamil Nadu,33,Ariyalur,610,Ariyalur,0,0,6,0,0,0,4,2,0,,1,0,3,0,0,0,0,0,14,1,0,0,8,0,0,0,2,0,0,0,0,0,0,3,0,70,17,13,0,0,0,0
4005,2021,Tamil Nadu,33,Chennai,568,Chennai,0,1,18,0,1,1,95,9,0,,2,0,4,0,3,0,0,0,45,5,1,0,146,0,10,0,16,0,53,11,2,0,0,19,0,285,111,32,1,0,0,0
4006,2021,Tamil Nadu,33,Coimbatore,569,Coimbatore,0,0,6,0,0,0,16,0,0,,0,0,1,0,0,0,0,0,8,0,0,0,8,0,1,0,0,0,0,0,0,0,0,0,0,123,24,1,0,0,0,0
4007,2021,Tamil Nadu,33,Coimbatore,569,Coimbatore City,0,0,0,0,0,0,23,4,0,,0,0,0,0,0,0,0,0,12,2,1,0,10,0,3,0,0,27,0,0,0,28,0,0,0,52,28,0,0,0,0,0
4008,2021,Tamil Nadu,33,Cuddalore,570,Cuddalore,0,5,11,0,0,0,36,0,0,,81,0,0,0,0,0,0,0,27,0,0,0,23,0,0,0,0,0,0,0,0,5,0,0,3,136,40,0,0,0,0,0
4009,2021,Tamil Nadu,33,Dharmapuri,571,Dharmapuri,0,2,10,0,0,0,14,9,0,,4,0,0,0,0,0,0,0,6,4,1,0,18,0,2,0,0,4,0,1,0,1,0,1,0,71,7,3,0,0,0,0
4010,2021,Tamil Nadu,33,Dindigul,572,Dindigul,0,0,5,0,0,0,34,4,0,,1,0,3,0,0,0,0,0,5,0,1,0,40,0,0,0,2,0,0,0,0,13,0,3,0,99,24,6,3,0,0,0
4011,2021,Tamil Nadu,33,Erode,573,Erode,0,0,2,0,0,0,7,1,0,,1,0,0,0,2,0,0,0,5,3,0,0,12,0,0,0,2,12,0,0,0,0,0,1,0,106,13,0,0,0,0,0
4012,2021,Tamil Nadu,33,Kanchipuram,574,Kanchipuram,0,0,13,0,0,0,2,0,0,,0,0,0,0,0,0,0,0,6,0,0,0,4,0,0,0,0,0,4,0,0,0,0,0,0,28,3,2,0,0,0,0
4013,2021,Tamil Nadu,33,Kanniyakumari,575,Kanyakumari,0,0,5,0,0,0,4,0,0,,33,0,0,0,0,0,0,0,9,0,0,0,32,0,1,0,88,0,0,0,0,0,0,1,0,68,17,6,1,0,0,0
4014,2021,Tamil Nadu,33,Karur,576,Karur,0,0,3,0,0,0,15,0,0,,3,0,5,0,0,0,0,0,3,0,0,0,7,0,0,0,0,0,0,0,1,0,1,0,4,46,7,1,0,0,0,0
4015,2021,Tamil Nadu,33,Krishnagiri,577,Krishnagiri,0,0,5,0,0,0,5,0,0,,2,0,0,0,0,0,0,0,7,11,0,0,11,0,0,0,0,3,0,0,0,0,0,0,0,76,10,2,0,0,0,0
4016,2021,Tamil Nadu,33,Madurai,578,Madurai,0,2,6,0,0,0,52,0,0,,6,0,2,0,0,0,0,0,13,0,2,0,30,0,0,0,12,0,0,6,0,0,0,5,0,89,20,1,4,0,0,0
4017,2021,Tamil Nadu,33,Madurai,578,Madurai City,0,1,1,0,0,0,89,0,0,,1,0,0,0,1,0,0,0,9,1,0,0,22,0,1,0,0,28,0,0,0,0,0,3,0,99,16,0,0,0,0,0
4018,2021,Tamil Nadu,33,Nagapattinam,579,Nagapattinam,1,0,1,0,0,0,7,3,0,,8,0,4,0,0,0,0,0,16,4,0,0,54,0,0,0,0,0,0,0,0,0,0,0,0,86,13,4,2,0,0,0
4019,2021,Tamil Nadu,33,Namakkal,580,Namakkal,1,0,9,0,0,0,13,0,0,,6,0,0,0,0,0,0,0,4,6,0,0,31,0,0,0,0,0,0,0,1,16,0,3,0,126,12,7,0,1,0,0
4020,2021,Tamil Nadu,33,The Nilgiris,587,Nilgiris,0,0,3,0,0,0,2,1,0,,0,0,0,0,0,0,0,0,5,0,0,0,9,0,1,0,0,0,0,0,0,0,0,2,0,62,0,0,0,16,0,0
4021,2021,Tamil Nadu,33,Perambalur,581,Perambalur,0,0,1,0,0,0,7,0,0,,0,0,0,0,2,0,0,0,2,0,1,0,19,0,0,0,3,0,0,0,0,0,0,0,0,36,7,7,0,1,0,0
4022,2021,Tamil Nadu,33,Pudukkottai,582,Pudukottai,0,1,10,3,0,0,21,0,0,,7,0,0,0,0,0,0,0,8,0,2,0,57,0,2,0,6,0,0,0,0,0,0,0,0,52,18,0,0,0,0,0
4023,2021,Tamil Nadu,33,Ramanathapuram,583,Ramnathapuram,0,1,0,0,0,0,7,5,0,,2,0,0,0,2,0,0,0,8,2,0,0,23,0,0,0,20,0,0,0,0,0,0,0,0,70,25,12,0,0,0,0
4024,2021,Tamil Nadu,33,Chennai,568,Railway Chennai,0,0,0,0,0,0,0,1,0,,0,0,0,0,0,0,0,0,1,0,0,0,4,0,0,0,0,0,0,0,0,0,0,0,0,0,1,0,0,0,0,0
4025,2021,Tamil Nadu,33,Tiruchirappalli,591,Railway Trichy,0,0,0,0,0,0,0,0,0,,0,0,0,0,0,0,0,0,0,0,0,0,0,0,0,0,0,0,0,0,0,0,0,0,0,0,2,0,0,0,0,0
4026,2021,Tamil Nadu,33,Salem,584,Salem,1,3,9,0,0,0,13,7,0,,24,0,0,0,0,0,0,0,8,8,0,0,71,0,0,0,2,0,0,0,0,0,0,0,0,137,22,0,0,0,0,0
4027,2021,Tamil Nadu,33,Salem,584,Salem City,0,0,2,0,0,0,10,0,0,,55,0,0,0,0,0,0,0,3,21,0,0,17,0,0,0,6,55,0,0,0,0,0,0,0,88,19,3,2,0,0,0
4028,2021,Tamil Nadu,33,Sivaganga,585,Sivagangai,0,0,4,0,0,0,25,0,0,,2,0,0,0,0,0,0,0,13,1,1,0,21,0,0,0,3,0,0,0,0,0,0,0,0,72,11,5,0,0,0,0
4029,2021,Tamil Nadu,33,Thanjavur,586,Thanjavur,1,1,11,0,0,0,30,0,0,,5,0,0,0,0,0,0,0,13,7,0,0,88,0,0,0,9,0,0,0,0,0,0,0,0,102,4,8,12,0,0,0
4030,2021,Tamil Nadu,33,Theni,588,Theni,0,2,2,0,0,0,55,1,0,,0,0,0,0,0,0,0,0,7,2,0,0,27,0,0,0,0,3,1,0,0,0,0,0,0,120,27,13,2,0,0,0
4031,2021,Tamil Nadu,33,Tirunelveli,592,Thirunelveli,0,0,1,0,0,0,8,1,0,,3,0,1,0,1,1,0,0,7,0,0,0,25,0,0,0,5,0,2,1,0,0,0,1,1,61,18,9,0,0,0,0
4032,2021,Tamil Nadu,33,Tirunelveli,592,Thirunelveli City,0,0,0,0,0,0,7,0,0,,1,0,0,0,0,0,0,0,1,0,0,0,14,0,0,0,7,10,0,0,0,0,0,0,0,17,7,4,0,0,0,0
4033,2021,Tamil Nadu,33,Thiruvallur,589,Thiruvallur,0,0,10,0,0,0,33,0,0,,0,0,0,0,2,0,0,0,15,0,0,0,13,0,0,0,2,0,0,0,0,0,0,3,0,74,13,15,1,0,0,0
4034,2021,Tamil Nadu,33,Tiruvannamalai,593,Thiruvannamalai,0,0,13,0,0,0,13,1,0,,5,0,10,0,0,0,0,0,21,0,3,0,12,0,0,0,10,8,0,0,0,0,0,0,0,100,9,8,5,0,0,1
4035,2021,Tamil Nadu,33,Thiruvarur,590,Thiruvarur,0,0,3,0,0,0,12,0,0,,20,0,4,0,0,0,0,0,10,0,3,0,22,0,2,0,0,0,0,0,0,0,0,0,0,46,8,2,0,0,0,0
4036,2021,Tamil Nadu,33,Tuticorin,594,Thoothukudi,0,1,10,0,0,0,31,2,1,,4,0,0,0,0,0,0,0,15,0,0,0,36,0,0,0,6,4,0,0,0,0,0,0,0,117,31,13,3,2,0,0
4037,2021,Tamil Nadu,33,Tiruppur,634,Tiruppur,0,0,7,0,0,0,6,0,0,,1,0,0,0,0,0,0,0,5,0,0,0,8,0,0,0,1,0,0,0,0,16,0,10,0,61,13,1,1,0,0,0
4038,2021,Tamil Nadu,33,Tiruppur,634,Tiruppur City,0,0,0,0,0,0,5,0,0,,0,0,0,0,0,0,0,0,2,0,0,0,3,0,0,0,0,18,8,0,0,0,0,0,0,38,13,4,1,1,0,0
4039,2021,Tamil Nadu,33,Tiruchirappalli,591,Trichy,0,0,12,0,0,0,65,5,0,,7,0,0,0,1,0,0,0,16,6,1,0,31,0,5,0,0,0,1,0,0,0,0,5,0,81,10,5,7,0,0,0
4040,2021,Tamil Nadu,33,Tiruchirappalli,591,Trichy City,0,0,0,0,0,0,24,2,0,,0,0,0,0,0,0,0,0,4,1,1,0,12,0,0,0,3,0,0,0,0,14,0,0,0,36,5,2,0,0,0,0
4041,2021,Tamil Nadu,33,Vellore,595,Vellore,0,2,8,0,0,0,19,1,0,,0,0,10,0,0,0,0,0,2,5,0,0,9,0,0,0,0,0,0,0,0,0,0,3,0,44,4,3,0,0,0,0
4042,2021,Tamil Nadu,33,Villupuram,596,Villupuram,0,2,20,0,0,0,19,0,0,,36,0,0,0,0,0,0,0,19,5,0,0,17,0,0,0,7,0,0,0,0,17,0,0,0,91,33,0,0,0,0,0
4043,2021,Tamil Nadu,33,Virudhunagar,597,Virudhunagar,0,0,3,0,0,1,15,0,0,,2,0,0,0,1,0,0,0,18,0,1,0,15,0,0,0,23,0,0,0,2,0,0,4,0,94,19,5,1,0,0,0
4044,2021,Tamil Nadu,33,Coimbatore,569,Cyber Cell,0,0,0,0,0,0,0,0,0,,0,0,0,0,0,0,0,0,0,0,0,0,0,0,0,0,0,0,0,0,0,0,0,0,0,0,0,0,0,0,0,0
4045,2021,Tamil Nadu,33,Chennai,568,Other Units,0,0,0,0,0,0,0,0,0,,0,0,0,0,0,0,0,0,0,0,0,0,0,0,0,0,0,0,0,0,0,0,0,0,0,0,0,0,0,0,0,0
4046,2021,Tamil Nadu,33,Chengalpattu,730,Chengalpattu,1,2,2,0,0,0,5,4,0,,0,0,0,0,0,0,0,0,8,0,0,0,15,0,2,0,5,3,0,1,0,0,0,0,0,28,7,5,0,0,0,0
4047,2021,Tamil Nadu,33,Kallakurichi,729,Kallakurichi,0,0,0,0,0,0,8,0,0,,32,0,0,0,0,0,0,0,15,14,0,0,7,0,0,0,21,0,0,0,0,0,0,0,0,47,6,5,0,1,0,0
4048,2021,Tamil Nadu,33,Ranipet,731,Ranipet,0,0,5,0,0,0,4,1,0,,0,0,0,0,0,0,0,0,1,0,0,0,13,0,0,0,6,0,0,0,0,0,0,0,0,31,4,1,0,3,0,0
4049,2021,Tamil Nadu,33,Tirupathur,732,Tiruppattur,0,1,5,0,0,0,4,0,0,,8,0,0,0,0,0,0,0,3,31,1,0,11,0,1,0,9,0,0,0,0,1,0,0,0,63,1,5,0,0,0,0
4050,2021,Tamil Nadu,33,Tenkasi,733,Tenkasi,0,0,2,0,0,0,11,1,0,,2,0,0,0,0,0,0,0,3,1,0,0,22,0,1,0,5,0,0,0,0,0,0,0,0,73,23,8,0,0,0,0
4051,2021,Telangana,36,Hyderabad,507,Cyberabad Commissionerate,4,21,64,0,0,1,1237,359,0,,1,4,0,1,2,103,0,0,123,72,3,0,548,0,124,3,0,0,0,0,0,0,0,5,8,254,101,0,0,0,0,0
4052,2021,Telangana,36,Hyderabad,507,Hyderabad Commissionerate,2,15,13,0,0,0,1678,185,0,,0,0,3,0,0,0,0,0,116,10,0,0,420,0,196,0,0,0,0,0,0,0,0,2,9,253,121,9,17,1,0,0
4053,2021,Telangana,36,Karimnagar,508,Karimnagar Commissionerate,0,5,4,0,0,0,253,1,0,,7,0,0,0,2,0,0,0,24,23,1,0,112,0,8,25,0,0,0,0,0,0,0,2,1,20,0,0,0,0,0,0
4054,2021,Telangana,36,Khammam,509,Khammam Commissionerate,0,5,30,0,0,0,310,105,0,,0,0,0,0,5,0,0,0,29,2,2,0,154,0,15,0,0,0,0,0,0,8,0,0,1,71,39,12,0,0,0,0
4055,2021,Telangana,36,Nizamabad,516,Nizamabad Commissionerate,1,4,13,0,0,0,263,17,0,,1,0,2,0,1,0,0,0,7,2,3,0,82,0,22,0,0,0,0,0,0,0,0,0,0,33,18,1,0,0,0,0
4056,2021,Telangana,36,Yadadri Bhuvanagiri,697,Rachakonda Commissionerate,0,21,21,0,0,0,1469,83,0,,0,0,0,0,31,0,0,0,156,0,2,0,667,0,123,0,0,0,0,0,0,0,0,0,0,253,151,0,0,0,0,0
4057,2021,Telangana,36,Peddapalli,682,Ramagundam Commissionerate,0,10,24,0,1,0,567,65,0,,2,0,2,0,0,1,0,0,41,4,4,0,214,0,55,0,0,1,0,0,0,0,0,0,0,61,41,1,0,0,0,0
4058,2021,Telangana,36,Siddipet,692,Siddipet Commissionerate,0,7,10,0,0,0,337,15,0,,0,0,20,0,7,0,0,0,15,0,0,0,154,0,7,0,0,0,0,0,0,0,0,2,14,68,15,0,0,0,0,0
4059,2021,Telangana,36,Warangal,522,Warangal Commissionerate,0,10,34,0,0,0,516,154,0,,0,0,0,0,0,2,0,0,45,2,1,0,221,0,32,0,1,0,0,0,0,0,0,0,0,47,39,1,5,0,0,0
4060,2021,Telangana,36,Adilabad,501,Adilabad,0,5,15,0,0,0,121,18,0,,1,0,1,0,1,1,0,0,10,1,3,0,51,1,7,0,0,0,0,0,0,1,0,0,0,20,8,0,0,0,0,0
4061,2021,Telangana,36,Bhadradri Kothagudem,690,Bhadradri Kothagudem,0,3,10,0,0,0,371,64,0,,0,0,0,0,0,0,0,0,29,1,0,0,150,0,9,0,0,0,0,0,0,1,0,0,0,73,41,13,1,0,0,0
4062,2021,Telangana,36,Jayashankar Bhupalapally,687,Jayashankar Bhupalpalli,0,4,5,0,0,0,65,29,0,,0,0,0,0,1,0,0,0,2,0,0,0,53,0,3,17,0,0,0,0,0,0,0,0,0,8,4,0,0,0,0,0
4063,2021,Telangana,36,Jogulamba Gadwal,695,Jogulamba Gadwal,0,1,4,0,0,0,41,17,0,,1,0,0,0,0,0,0,0,5,10,0,0,49,0,0,0,0,0,0,0,0,0,0,0,0,27,8,0,0,0,0,0
4064,2021,Telangana,36,Kamareddy,685,Kamareddy,0,3,4,0,0,0,239,1,0,,0,0,3,0,0,0,0,0,25,4,0,0,79,0,14,0,0,0,0,0,0,0,0,0,0,33,13,0,0,0,0,0
4065,2021,Telangana,36,Kumuram Bheem Asifabad,699,Kumaram Bheem Asifabad,0,2,10,0,0,0,78,34,0,,1,0,0,0,0,1,0,0,8,1,0,0,49,0,1,0,0,0,0,0,0,0,0,0,0,10,2,0,0,0,0,0
4066,2021,Telangana,36,Mahabubabad,688,Mahabubabad,1,4,9,0,0,0,125,58,0,,0,0,0,0,0,0,0,0,6,0,2,0,111,1,29,30,4,0,0,0,0,0,0,0,0,26,9,0,0,0,0,0
4067,2021,Telangana,36,Mahabubnagar,512,Mahabubnagar,0,5,24,0,0,0,115,0,0,,0,0,0,0,0,0,0,0,9,93,0,0,101,0,4,0,0,0,0,0,0,0,0,0,0,80,17,0,0,0,0,0
4068,2021,Telangana,36,Medak,513,Medak,1,4,8,0,0,0,139,26,0,,3,1,0,0,0,0,0,0,3,0,0,0,70,0,13,1,0,0,0,0,0,1,0,0,0,49,14,1,0,0,0,0
4069,2021,Telangana,36,Nagarkurnool,694,Nagarkurnool,0,1,8,0,0,0,59,31,0,,1,0,0,0,2,0,0,0,7,3,3,0,97,0,8,0,0,0,0,0,0,0,0,0,0,43,12,0,0,0,0,0
4070,2021,Telangana,36,Nalgonda,514,Nalgonda,2,11,21,1,0,0,282,55,0,,0,0,3,0,0,4,0,0,22,4,0,0,181,0,50,0,0,0,0,0,0,0,0,0,0,73,29,0,0,0,0,0
4071,2021,Telangana,36,Nirmal,680,Nirmal,0,2,15,0,0,0,67,33,0,,0,0,0,0,0,0,0,0,7,0,0,0,49,0,2,0,0,0,0,0,0,0,0,0,0,10,11,0,0,0,0,0
4072,2021,Telangana,36,Rajanna Sircilla,683,Rajanna Siricilla,1,4,2,0,0,0,185,12,0,,2,0,6,0,0,1,0,0,10,0,2,0,80,3,0,8,0,0,0,0,0,0,0,0,0,23,0,0,0,0,0,0
4073,2021,Telangana,36,Sangareddy,691,Sangareddy,0,7,13,0,0,0,129,1,0,,2,0,10,0,3,0,0,0,20,0,0,0,65,0,2,0,0,0,0,0,0,0,0,0,0,37,19,0,0,0,0,0
4074,2021,Telangana,36,Suryapet,696,Suryapet,0,10,12,0,0,0,263,36,0,,0,0,3,0,0,0,0,0,36,1,3,0,204,0,22,0,0,0,0,0,0,0,0,0,0,48,37,0,1,0,0,0
4075,2021,Telangana,36,Vikarabad,698,Vikarabad,0,4,20,0,0,0,95,23,0,,5,1,0,0,0,0,0,0,12,16,0,0,56,0,20,18,0,0,0,0,0,0,0,0,0,63,18,1,0,0,0,0
4076,2021,Telangana,36,Wanaparthy,693,Wanaparthy,0,0,0,0,0,0,41,6,0,,0,0,0,0,0,0,0,0,8,5,0,0,27,0,0,0,0,0,0,0,0,0,0,0,0,35,12,0,0,0,0,0
4077,2021,Telangana,36,Hyderabad,507,Railway Police Secunderabad,0,0,0,0,0,0,1,0,0,,0,0,0,0,0,0,0,0,0,0,1,0,8,0,1,0,0,0,0,0,0,0,0,0,0,0,1,0,0,0,0,0
4078,2021,Telangana,36,Mulugu,720,Mulug,0,0,4,0,0,0,70,33,0,,0,0,2,0,0,0,0,0,10,0,1,0,19,0,0,0,0,0,0,0,0,0,0,0,0,28,0,1,0,0,0,0
4079,2021,Telangana,36,Narayanpet,721,Narayanpet,0,1,2,0,0,0,35,0,0,,0,0,0,0,0,0,0,0,14,36,0,0,19,0,0,0,0,0,0,0,0,0,0,0,0,44,8,0,0,0,0,0
4080,2021,Tripura,16,Dhalai,269,Dhalai,0,3,1,0,0,0,17,4,0,,1,0,2,0,2,1,0,0,3,2,0,0,7,0,0,0,0,0,0,0,0,0,0,0,0,10,3,0,0,0,0,0
4081,2021,Tripura,16,Gomati,654,Gomati,0,1,1,0,0,0,65,6,0,,1,0,4,0,0,0,0,0,11,1,0,0,13,0,0,0,0,0,0,0,0,0,0,1,0,16,2,0,0,0,0,0
4082,2021,Tripura,16,West Tripura,272,Grp,0,0,0,0,0,0,0,0,0,,0,0,0,0,0,0,0,0,0,0,0,0,0,0,1,0,0,0,0,0,0,0,0,0,0,0,0,0,0,0,0,0
4083,2021,Tripura,16,Khowai,652,Kowai,1,1,3,0,0,0,11,0,0,,4,0,0,0,0,0,0,0,8,14,0,0,3,0,0,0,0,0,0,0,0,0,0,0,0,6,4,0,0,0,0,0
4084,2021,Tripura,16,North Tripura,270,North,0,2,1,0,0,0,30,6,0,,1,0,2,0,0,0,0,0,5,1,6,0,9,0,0,0,0,0,0,0,0,0,0,0,0,12,7,0,0,0,0,1
4085,2021,Tripura,16,Unakoti,655,Sipahijala,0,6,3,0,0,0,57,7,0,,0,0,1,0,0,0,0,0,2,2,1,0,4,0,0,0,0,0,0,0,0,0,0,0,0,4,1,0,0,0,0,0
4086,2021,Tripura,16,South Tripura,271,South,0,5,1,0,0,0,29,4,0,,2,0,0,0,1,0,0,0,1,1,1,0,9,0,0,0,0,0,0,0,0,0,0,0,0,11,1,0,0,0,0,0
4087,2021,Tripura,16,Unakoti,655,Unakoti,0,0,1,0,0,0,64,1,0,,0,0,6,0,1,0,0,0,10,10,5,0,14,0,0,0,0,0,0,0,0,0,0,0,0,9,8,0,0,0,0,0
4088,2021,Tripura,16,West Tripura,272,West,0,4,6,0,0,0,82,14,0,,1,0,9,0,1,0,0,0,21,3,1,0,35,0,0,0,0,0,0,0,0,0,0,0,0,23,6,1,0,0,0,0
4089,2021,Uttar Pradesh,9,Agra,118,Agra,2,68,10,4,1,0,624,6,0,,227,0,0,0,0,0,0,0,99,0,0,0,323,0,0,0,0,0,0,0,0,0,0,6,0,64,0,0,0,0,0,0
4090,2021,Uttar Pradesh,9,Aligarh,119,Aligarh,2,55,14,0,0,0,775,125,0,,198,0,0,0,0,0,0,0,57,0,0,0,400,0,6,0,4,0,0,0,0,0,0,15,0,55,154,0,0,0,0,0
4091,2021,Uttar Pradesh,9,Prayagraj,120,Prayagraj,1,53,23,0,0,0,763,0,0,,181,0,0,0,0,0,0,0,96,78,0,0,215,0,0,111,3,0,0,0,0,2,0,0,0,64,1,0,0,0,0,0
4092,2021,Uttar Pradesh,9,Ambedkar Nagar,121,Ambedkar Nagar,0,15,0,0,0,0,137,7,0,,0,0,0,0,0,0,0,0,11,0,0,0,29,0,0,50,137,0,0,0,0,0,0,0,0,11,26,0,0,0,0,0
4093,2021,Uttar Pradesh,9,Amethi,640,Amethi,0,12,0,0,0,0,144,0,0,,20,0,0,0,0,0,0,0,29,0,2,0,46,0,0,0,0,0,0,0,0,0,0,0,0,27,44,0,0,0,0,0
4094,2021,Uttar Pradesh,9,Amroha,154,Amroha,0,19,0,0,1,0,241,0,0,,50,0,0,0,0,0,0,0,40,0,5,0,66,0,0,0,3,0,0,0,0,0,0,9,0,33,30,0,0,0,0,0
4095,2021,Uttar Pradesh,9,Auraiya,122,Auraiya,0,26,7,0,0,0,219,0,0,,65,0,0,0,0,0,0,0,23,44,0,0,96,0,0,0,2,0,0,0,0,0,0,4,0,28,43,1,0,0,0,0
4096,2021,Uttar Pradesh,9,Azamgarh,123,Azamgarh,1,26,7,0,0,0,220,64,0,,86,0,0,0,0,0,0,0,39,0,0,0,104,0,0,42,24,0,0,0,0,0,0,10,0,45,43,0,0,0,0,0
4097,2021,Uttar Pradesh,9,Budaun,133,Badaun,2,42,0,0,1,1,310,0,0,,147,0,0,0,0,0,0,0,33,0,3,0,105,0,0,0,0,1,0,0,0,0,0,0,0,48,80,3,0,1,0,0
4098,2021,Uttar Pradesh,9,Baghpat,124,Baghpat,0,10,0,0,1,0,71,0,0,,115,0,0,0,0,0,0,0,11,84,18,14,23,16,1,30,0,0,0,0,0,0,0,5,0,28,32,0,0,10,0,0
4099,2021,Uttar Pradesh,9,Bahraich,125,Bahraich,2,43,10,0,0,0,30,61,0,,249,0,0,0,0,0,0,0,32,29,2,0,165,0,0,0,674,0,0,0,0,0,0,0,0,23,97,0,0,0,0,0
4100,2021,Uttar Pradesh,9,Ballia,126,Ballia,0,23,4,0,0,0,108,29,0,,109,0,0,0,0,0,0,0,24,0,4,0,72,0,1,0,1,0,0,0,0,0,0,18,0,35,38,1,0,3,0,0
4101,2021,Uttar Pradesh,9,Balrampur,127,Balrampur,0,11,2,0,0,0,1,0,0,,80,0,0,0,0,0,0,0,24,56,1,0,57,0,0,0,86,0,0,0,0,0,0,2,0,8,29,1,0,0,0,0
4102,2021,Uttar Pradesh,9,Banda,128,Banda,1,43,9,0,1,0,156,0,0,,47,0,0,0,0,0,0,0,31,0,2,0,109,0,1,0,3,0,0,0,0,0,0,1,0,37,73,0,0,0,0,0
4103,2021,Uttar Pradesh,9,Bara Banki,129,Barabanki,2,42,14,0,0,0,13,10,0,,9,0,0,0,0,1,0,0,41,132,0,0,96,0,0,10,262,0,0,0,0,0,0,4,0,35,64,0,0,1,0,0
4104,2021,Uttar Pradesh,9,Bareilly,130,Bareilly,0,66,0,0,0,0,891,103,0,,139,0,0,0,0,0,0,0,22,0,0,0,238,0,0,0,890,0,0,0,0,0,0,0,0,42,88,1,26,0,0,0
4105,2021,Uttar Pradesh,9,Basti,131,Basti,0,15,5,0,0,0,0,16,0,,0,0,0,0,0,0,0,0,35,0,0,26,51,0,0,35,167,0,0,0,0,0,0,0,0,26,34,1,0,0,0,0
4106,2021,Uttar Pradesh,9,Bijnor,132,Bijnor,0,28,11,7,0,0,176,0,0,,12,0,0,0,0,0,0,0,29,0,4,0,79,0,0,0,405,0,0,0,0,0,0,3,0,40,44,3,0,3,0,0
4107,2021,Uttar Pradesh,9,Bulandshahr,134,Bulandshahar,2,53,13,1,0,0,858,0,0,,75,0,0,0,0,0,0,0,53,0,12,0,34,0,1,134,0,0,0,0,0,0,0,26,0,80,140,3,0,0,0,0
4108,2021,Uttar Pradesh,9,Chandauli,135,Chandoli,0,6,1,0,0,0,115,0,1,,36,0,0,0,0,0,0,0,17,0,0,0,49,0,0,0,1,0,0,0,0,0,0,0,0,30,28,0,0,0,0,0
4109,2021,Uttar Pradesh,9,Chitrakoot,136,Chitrakoot,0,15,6,0,0,0,34,0,0,,25,0,0,0,0,0,0,0,18,0,0,12,32,0,0,28,0,0,0,0,0,0,0,0,0,12,28,0,0,0,0,0
4110,2021,Uttar Pradesh,9,Deoria,137,Deoria,0,18,0,0,0,0,19,0,0,,0,0,0,0,0,0,0,0,6,0,0,0,0,0,0,10,0,0,0,0,0,0,0,0,0,21,4,0,0,0,0,0
4111,2021,Uttar Pradesh,9,Etah,138,Etah,0,31,0,0,0,0,88,7,0,,54,0,0,0,0,0,0,0,10,0,0,0,106,0,0,0,0,0,0,0,0,0,0,9,0,22,30,2,0,0,0,0
4112,2021,Uttar Pradesh,9,Etawah,139,Etawah,1,36,7,0,0,1,95,0,0,,63,0,0,0,0,0,0,0,23,43,0,0,66,0,0,0,1,0,0,0,0,0,0,2,0,36,39,0,0,0,0,0
4113,2021,Uttar Pradesh,9,Ayodhya,140,Ayodhya,3,16,1,3,0,0,13,0,4,,23,0,0,0,0,0,0,0,45,235,7,1,109,0,2,33,197,0,0,1,1,0,0,3,0,24,0,0,0,0,0,0
4114,2021,Uttar Pradesh,9,Fatehpur,142,Fatehpur,1,44,0,0,0,0,165,0,0,,50,0,0,0,0,0,0,0,33,0,0,0,151,0,0,0,0,0,0,0,0,0,0,0,0,54,70,0,0,0,3,0
4115,2021,Uttar Pradesh,9,Firozabad,143,Firozabad,0,60,12,0,0,0,358,53,2,,132,0,0,0,0,0,0,0,73,174,9,34,147,0,0,91,0,0,0,0,0,0,0,0,0,34,91,0,0,0,0,0
4116,2021,Uttar Pradesh,9,Lucknow,162,Grp,0,0,1,0,1,0,0,14,0,,0,0,0,0,0,0,0,0,2,1,0,3,40,0,1,1,0,0,0,0,0,0,0,0,0,3,1,0,0,0,0,0
4117,2021,Uttar Pradesh,9,Ghaziabad,145,Ghaziabad,0,36,0,0,2,0,542,0,0,,0,0,0,0,0,0,0,0,61,108,14,0,162,0,0,0,0,0,0,0,0,3,0,0,0,58,90,2,1,3,0,0
4118,2021,Uttar Pradesh,9,Ghazipur,146,Ghazipur,0,28,17,5,1,0,229,0,0,,13,0,0,0,0,0,0,0,21,111,0,0,127,0,0,102,0,0,0,0,0,0,0,0,0,37,76,0,0,0,6,0
4119,2021,Uttar Pradesh,9,Gonda,147,Gonda,0,34,0,0,0,0,18,131,0,,0,0,0,0,0,0,0,0,9,0,0,11,8,0,0,40,132,0,0,0,0,0,0,2,0,15,54,0,0,0,0,0
4120,2021,Uttar Pradesh,9,Gorakhpur,148,Gorakhpur,0,44,0,0,0,1,374,199,0,,254,0,0,0,0,0,0,0,100,0,0,0,168,0,0,102,379,0,0,0,0,0,0,0,0,85,98,1,0,0,0,0
4121,2021,Uttar Pradesh,9,Hamirpur,149,Hamirpur,0,19,4,0,0,0,85,0,0,,4,0,0,0,0,0,0,0,15,43,0,0,73,0,0,0,0,0,0,0,0,0,0,1,0,28,59,1,0,0,0,0
4122,2021,Uttar Pradesh,9,Hapur,661,Hapur,0,26,0,0,2,0,231,182,0,,151,0,0,0,0,0,0,0,28,0,0,0,56,0,1,86,0,0,0,0,0,0,0,5,0,49,47,1,0,0,0,0
4123,2021,Uttar Pradesh,9,Hardoi,150,Hardoi,0,51,0,0,0,0,173,23,14,,22,0,0,0,0,0,0,0,29,7,0,36,146,0,0,53,0,0,0,0,0,0,0,0,0,29,51,0,0,0,0,0
4124,2021,Uttar Pradesh,9,Hathras,163,Hathras,1,26,0,0,0,0,132,13,1,,40,0,0,0,0,0,0,0,18,69,1,16,97,0,0,58,0,0,0,0,0,0,0,0,0,16,58,0,0,0,0,0
4125,2021,Uttar Pradesh,9,Jalaun,151,Jalaun,0,20,11,0,1,0,110,55,0,,0,0,0,0,0,0,0,0,17,0,0,0,60,0,1,0,2,0,0,0,0,0,0,2,0,11,33,0,0,0,0,0
4126,2021,Uttar Pradesh,9,Jaunpur,152,Jaunpur,1,35,11,0,0,0,176,0,0,,43,0,0,0,0,0,0,0,32,90,0,0,49,0,0,18,0,1,0,0,0,0,0,5,0,89,41,2,1,1,0,0
4127,2021,Uttar Pradesh,9,Jhansi,153,Jhansi,2,22,12,0,0,0,253,0,0,,6,0,0,0,0,0,0,0,35,86,0,0,93,0,0,0,0,0,0,0,0,0,0,0,0,14,34,4,0,0,0,0
4128,2021,Uttar Pradesh,9,Kannauj,155,Kannauj,0,32,7,0,0,0,424,74,0,,58,0,0,0,0,0,0,0,52,0,0,0,160,0,0,0,0,0,0,0,0,0,0,0,0,31,65,0,0,0,0,0
4129,2021,Uttar Pradesh,9,Kanpur Dehat,156,Kanpur Dehat,0,16,0,0,0,1,460,0,0,,0,0,0,0,0,0,0,0,12,0,0,0,87,0,1,0,0,0,0,0,0,0,0,0,0,27,55,0,0,0,0,0
4130,2021,Uttar Pradesh,9,Kanpur Nagar,157,Kanpur Commissionarate,0,32,0,0,1,0,467,0,0,,68,0,0,0,0,0,0,0,35,36,0,0,134,0,0,0,0,2,0,0,0,0,0,0,0,43,71,5,0,0,0,0
4131,2021,Uttar Pradesh,9,Kasganj,633,Kasganj,0,17,0,0,0,0,130,209,0,,0,0,0,0,0,0,0,0,17,0,0,18,157,0,0,49,130,0,0,0,0,0,0,7,0,25,41,1,0,0,0,0
4132,2021,Uttar Pradesh,9,Kaushambi,158,Kaushambi,0,14,0,0,0,0,97,0,0,,0,0,0,0,0,0,0,0,10,130,0,0,58,0,0,0,0,0,0,0,0,0,0,0,0,15,36,0,0,0,0,0
4133,2021,Uttar Pradesh,9,Kheri,159,Khiri,1,61,0,9,0,0,273,85,0,,44,0,0,0,0,0,0,0,36,0,0,0,106,0,0,0,0,0,0,0,0,0,0,14,0,42,60,0,0,0,0,0
4134,2021,Uttar Pradesh,9,Kushinagar,160,Kushi Nagar,1,22,2,0,0,0,86,100,0,,130,0,0,0,0,0,0,0,12,64,0,0,103,0,0,17,0,0,0,0,0,0,0,11,0,30,40,0,0,0,0,0
4135,2021,Uttar Pradesh,9,Lalitpur,161,Lalitpur,1,11,10,0,0,0,28,0,0,,20,0,0,0,0,0,0,0,11,0,1,0,47,0,0,0,1,0,0,0,0,0,0,0,0,15,29,0,0,2,0,0
4136,2021,Uttar Pradesh,9,Lucknow,162,Lucknow Commissionarate,0,51,44,4,0,0,1101,0,0,,210,0,0,0,0,0,0,1,97,69,5,0,332,0,0,0,11,0,0,0,0,0,0,0,0,95,121,9,1,10,0,0
4137,2021,Uttar Pradesh,9,Mahrajganj,164,Maharajganj,2,14,4,0,0,0,169,0,0,,4,0,0,0,0,2,0,0,11,31,0,0,17,0,0,0,0,0,0,1,0,0,0,11,0,43,35,0,0,0,0,0
4138,2021,Uttar Pradesh,9,Mahoba,165,Mahoba,1,10,7,0,0,0,26,0,0,,8,0,0,0,0,0,0,0,18,26,0,0,64,0,0,0,3,0,0,0,0,0,0,1,0,19,38,0,0,1,0,0
4139,2021,Uttar Pradesh,9,Mainpuri,166,Mainpuri,0,20,2,1,0,0,134,8,0,,70,0,0,0,0,0,0,0,25,129,5,27,96,0,0,0,2,0,0,0,0,0,0,0,0,27,40,0,0,0,0,0
4140,2021,Uttar Pradesh,9,Mathura,167,Mathura,13,33,0,0,0,0,611,0,0,,244,0,0,0,0,0,0,0,77,0,0,0,386,0,0,0,0,0,0,0,0,0,0,0,0,29,278,0,0,0,0,0
4141,2021,Uttar Pradesh,9,Mau,168,Mau,0,11,0,0,0,0,33,50,0,,30,0,0,0,0,1,0,0,40,0,0,0,64,0,0,0,250,0,0,0,0,0,0,5,0,62,52,4,0,2,0,0
4142,2021,Uttar Pradesh,9,Meerut,169,Meerut,0,39,0,0,1,0,580,0,0,,63,0,0,0,0,0,0,0,103,0,105,0,156,0,1,0,0,0,0,0,0,0,0,0,0,29,52,2,0,0,0,0
4143,2021,Uttar Pradesh,9,Mirzapur,170,Mirzapur,0,23,6,0,0,0,100,0,0,,15,0,0,0,0,0,0,0,12,41,0,0,31,0,0,0,0,0,0,0,0,0,0,1,0,22,33,0,0,0,0,0
4144,2021,Uttar Pradesh,9,Moradabad,171,Moradabad,0,28,0,21,0,0,711,3,0,,35,0,0,0,0,0,0,0,51,82,0,0,274,0,0,0,0,0,0,0,0,0,0,2,0,85,95,5,1,0,0,0
4145,2021,Uttar Pradesh,9,Muzaffarnagar,172,Muzaffarnagar,0,28,0,0,1,0,319,0,0,,9,0,0,0,0,0,0,0,22,25,9,11,16,0,0,9,0,0,0,0,0,0,0,0,0,44,22,1,0,0,0,0
4146,2021,Uttar Pradesh,9,Pilibhit,173,Pilibhit,0,38,2,2,0,0,220,0,0,,99,0,0,0,0,0,0,0,59,155,35,0,101,0,1,0,12,0,0,0,0,0,0,0,0,35,63,0,0,5,0,0
4147,2021,Uttar Pradesh,9,Pratapgarh,174,Pratapgarh,0,22,1,0,0,0,342,43,0,,99,0,0,0,0,0,0,0,46,124,0,2,32,0,0,105,22,0,0,0,0,0,0,0,0,35,38,0,0,0,0,0
4148,2021,Uttar Pradesh,9,Rae Bareli,175,Raibareilly,0,29,0,0,3,0,149,0,0,,0,0,0,0,0,0,0,0,33,152,0,0,91,0,0,0,0,0,0,0,0,0,0,0,0,46,56,0,0,0,0,0
4149,2021,Uttar Pradesh,9,Rampur,176,Rampur,0,25,1,1,0,0,3,0,0,,140,0,0,0,0,0,0,0,74,19,5,0,50,0,3,0,312,0,0,0,0,0,0,1,0,26,24,0,0,1,0,0
4150,2021,Uttar Pradesh,9,Saharanpur,177,Saharanpur,2,36,0,0,0,0,380,0,0,,108,0,0,0,0,0,0,0,37,0,0,0,131,0,0,0,0,0,0,0,0,0,0,12,0,51,57,1,0,2,0,0
4151,2021,Uttar Pradesh,9,Sambhal,659,Sambhal,0,27,3,1,0,0,210,17,0,,67,0,0,0,0,1,0,0,45,37,5,0,90,0,0,0,16,0,0,0,0,0,0,7,0,23,38,1,0,2,0,0
4152,2021,Uttar Pradesh,9,Sant Kabir Nagar,178,Sant Kabirnagar,0,6,5,0,0,0,62,0,0,,19,0,0,0,0,0,0,0,15,75,0,22,57,0,0,33,0,0,0,0,0,0,0,10,0,22,26,0,0,4,0,0
4153,2021,Uttar Pradesh,9,Shahjahanpur,180,Shahjahanpur,0,53,32,2,0,0,292,0,0,,30,0,0,0,0,0,0,0,9,106,0,0,176,0,0,0,0,0,0,0,0,0,0,0,0,36,87,1,0,0,0,0
4154,2021,Uttar Pradesh,9,Shamli,660,Shamli,0,9,0,0,0,0,200,0,0,,57,0,0,0,0,0,0,0,25,0,0,0,116,0,0,0,0,0,0,0,0,0,0,9,0,14,33,1,0,0,0,0
4155,2021,Uttar Pradesh,9,Shrawasti,181,Shrawasti,0,25,6,2,0,0,8,13,0,,23,0,0,0,0,0,0,0,12,62,0,0,73,0,0,0,89,0,0,0,0,0,1,0,0,7,22,0,0,0,0,0
4156,2021,Uttar Pradesh,9,Siddharthnagar,182,Sidharthnagar,0,20,2,0,0,0,3,0,0,,12,0,0,0,0,0,0,0,9,98,0,13,63,0,0,0,47,0,0,0,0,0,0,0,0,14,30,0,0,1,0,0
4157,2021,Uttar Pradesh,9,Sitapur,183,Sitapur,0,52,0,0,0,0,257,0,0,,0,0,0,0,0,0,0,0,9,214,0,0,60,0,0,0,0,0,0,0,0,0,0,0,0,28,98,0,0,0,0,0
4158,2021,Uttar Pradesh,9,Sonbhadra,184,Sonbhadra,0,16,0,0,0,0,67,0,0,,0,0,0,0,0,0,0,0,26,0,0,0,28,0,0,0,67,0,0,0,0,0,0,0,0,60,18,0,0,3,0,0
4159,2021,Uttar Pradesh,9,Bhadohi,179,Bhadohi,0,11,6,0,0,0,3,0,0,,26,0,0,0,0,0,0,0,17,38,0,0,28,0,2,11,74,0,0,0,0,0,0,3,1,27,14,0,0,0,0,0
4160,2021,Uttar Pradesh,9,Sultanpur,185,Sultanpur,0,25,8,0,0,0,60,59,7,,109,0,0,0,0,0,0,0,39,104,2,0,138,0,0,0,183,0,0,0,0,0,0,3,2,29,52,0,0,0,0,0
4161,2021,Uttar Pradesh,9,Unnao,186,Unnao,1,32,5,0,0,0,204,28,8,,138,0,0,0,0,0,0,0,27,83,0,0,112,0,0,0,0,0,0,0,0,0,0,1,1,50,97,0,0,0,0,0
4162,2021,Uttar Pradesh,9,Varanasi,187,Varanasi Commissionarate,0,8,9,0,0,1,377,0,0,,54,0,0,0,0,1,0,0,52,30,0,0,50,0,3,37,2,0,0,0,0,0,0,41,0,31,36,1,0,0,0,0
4163,2021,Uttar Pradesh,9,Lucknow,162,Lucknow Grameen,0,4,0,0,0,0,70,4,0,,12,1,0,0,0,0,0,0,0,36,0,1,44,0,0,0,0,0,0,0,0,0,0,1,0,0,0,0,0,0,0,0
4164,2021,Uttar Pradesh,9,Kanpur Dehat,156,Kanpur Outer,0,22,0,0,0,0,173,0,0,,66,0,0,0,0,0,0,0,9,39,2,0,135,0,0,0,0,0,0,0,0,0,0,0,0,49,51,2,0,1,0,0
4165,2021,Uttar Pradesh,9,Varanasi,187,Vasanasi Dehat,0,12,2,0,0,0,185,0,0,,10,0,0,0,0,0,0,0,17,78,0,0,24,0,0,20,0,0,0,0,0,0,0,0,0,17,20,0,0,0,0,0
4166,2021,Uttarakhand,5,Almora,45,Almora,0,1,0,0,0,0,9,0,0,,0,0,0,0,3,0,0,0,13,0,0,0,14,0,0,0,0,0,0,0,0,0,0,0,0,19,0,0,0,0,0,0
4167,2021,Uttarakhand,5,Bageshwar,46,Bageshwar,0,1,0,0,0,0,6,0,0,,0,0,0,0,1,0,0,0,2,0,0,0,15,0,0,0,0,0,0,0,0,0,0,0,0,11,0,0,0,0,0,0
4168,2021,Uttarakhand,5,Chamoli,47,Chamoli,0,0,0,0,0,0,5,0,0,,0,0,0,0,0,0,0,0,1,0,0,0,3,0,0,0,0,0,0,0,0,0,0,1,0,7,3,0,0,0,0,0
4169,2021,Uttarakhand,5,Champawat,48,Champawat,0,2,3,0,0,0,3,1,0,,0,0,0,0,0,0,0,0,3,0,0,0,2,0,0,0,4,0,0,0,0,0,0,0,0,13,0,0,0,0,0,0
4170,2021,Uttarakhand,5,Dehradun,49,Dehradun,0,10,0,0,0,1,132,0,0,,74,0,0,0,0,0,0,0,62,0,0,0,73,0,8,0,202,0,0,0,0,0,0,17,18,91,59,7,0,2,0,0
4171,2021,Uttarakhand,5,Haridwar,50,Haridwar,0,23,0,1,0,0,71,44,0,,104,0,0,0,0,0,0,0,113,5,26,0,132,5,0,49,120,0,0,0,0,0,0,3,14,115,0,0,0,0,0,0
4172,2021,Uttarakhand,5,Nainital,51,Nainital,0,5,0,0,1,0,32,0,0,,0,0,0,0,23,0,0,0,75,0,0,0,115,0,0,0,70,0,0,0,0,6,0,2,0,60,21,0,0,0,0,0
4173,2021,Uttarakhand,5,Pauri Garhwal,52,Pauri Garhwal,0,3,0,0,0,0,33,8,0,,0,0,0,0,11,0,0,0,14,0,0,0,16,0,0,0,0,0,0,0,0,0,0,1,0,7,0,0,0,0,0,0
4174,2021,Uttarakhand,5,Pithoragarh,53,Pithoragarh,0,2,1,0,0,0,5,0,0,,0,0,0,0,0,1,1,0,8,0,2,0,19,0,5,0,0,0,0,0,0,0,0,0,0,18,4,0,0,0,0,0
4175,2021,Uttarakhand,5,Rudra Prayag,54,Rudra Prayag,0,1,0,0,0,0,0,0,0,,0,0,0,0,10,0,0,0,0,0,0,0,1,0,0,0,0,0,0,0,0,0,0,0,0,3,0,0,0,0,0,0
4176,2021,Uttarakhand,5,Tehri Garhwal,55,Tehri Garhwal,0,1,0,0,0,0,1,4,0,,17,0,0,0,0,0,0,0,6,0,0,0,20,0,0,0,0,0,0,0,0,0,0,1,1,15,0,0,0,0,0,0
4177,2021,Uttarakhand,5,Uttar Kashi,57,Uttarkashi,0,0,0,0,0,0,10,0,0,,0,0,0,0,8,0,0,0,15,0,0,0,16,0,0,0,0,0,0,0,0,0,0,0,0,17,0,0,0,0,0,0
4178,2021,Uttarakhand,5,Dehradun,49,Grp,0,0,0,0,0,0,0,0,0,,0,0,0,0,1,0,0,0,0,0,0,0,1,0,0,0,0,0,0,0,0,0,0,0,0,0,0,0,0,0,0,0
4179,2021,Uttarakhand,5,Dehradun,49,Cyber Cell,0,0,0,0,0,0,0,0,0,,0,0,0,0,0,0,0,0,0,0,0,0,0,0,0,0,0,0,0,0,0,0,0,0,0,0,0,0,0,0,0,0
4180,2021,West Bengal,19,Alipurduar,664,Alipurduar,0,10,10,0,0,0,317,128,0,,0,0,1,0,1,0,0,0,41,1,23,0,40,0,0,0,0,0,0,0,0,1,0,0,0,58,23,3,0,0,0,0
4181,2021,West Bengal,19,Paschim Bardhaman,704,Asansol-Durgapur Pc,0,17,18,0,1,0,540,67,0,,7,0,0,0,1,1,0,0,19,13,22,0,23,0,5,0,0,0,0,0,0,0,0,0,0,32,21,2,1,0,0,0
4182,2021,West Bengal,19,Bankura,305,Bankura,0,19,17,0,1,0,287,12,0,,1,0,0,0,68,1,0,0,17,8,7,0,51,0,23,0,0,0,0,1,0,0,0,3,0,33,9,3,0,0,0,0
4183,2021,West Bengal,19,North 24 Parganas,303,Barrackpur Pc,0,13,17,3,3,1,1501,52,3,,2,0,4,0,130,1,0,0,18,4,23,0,622,0,34,0,0,0,0,0,0,6,0,0,0,31,25,14,1,0,0,0
4184,2021,West Bengal,19,North 24 Parganas,303,Bidhannagar Pc,0,3,8,0,1,0,327,44,0,,0,0,1,0,2,4,0,0,12,3,7,0,71,0,6,0,0,0,0,0,0,0,0,0,0,11,20,6,1,0,0,0
4185,2021,West Bengal,19,Birbhum,307,Birbhum,0,14,28,0,0,1,357,85,0,,2,0,0,0,3,0,0,0,25,2,22,0,33,0,4,0,0,0,0,0,0,0,0,0,3,39,25,5,0,0,0,0
4186,2021,West Bengal,19,Cooch Behar,308,Coochbehar,0,29,22,1,0,0,582,29,3,,2,0,0,0,359,0,0,0,76,0,50,0,45,0,3,0,0,0,0,0,0,2,0,0,0,67,35,10,1,0,0,0
4187,2021,West Bengal,19,Dakshin Dinajpur,310,Dakshin Dinajpur,0,7,17,4,0,0,164,134,0,,0,0,0,0,150,0,0,0,21,1,17,0,20,0,2,0,0,0,0,0,0,1,0,2,0,27,6,4,0,1,0,0
4188,2021,West Bengal,19,Darjeeling,309,Darjeeling,0,1,4,0,0,0,147,60,0,,0,0,0,0,0,2,0,0,8,0,4,0,69,0,0,0,0,0,0,0,0,0,0,0,0,36,9,2,0,0,0,0
4189,2021,West Bengal,19,Hooghly,312,Hooghly Rural Police,0,17,22,0,0,0,588,126,0,,3,0,0,0,1,0,0,0,23,3,8,0,20,0,0,0,0,0,0,0,0,0,0,0,0,60,18,0,0,0,0,0
4190,2021,West Bengal,19,Howrah,313,Howrah Grp,0,0,2,0,0,0,0,1,0,,0,0,0,0,0,1,0,0,0,0,0,0,2,0,1,0,0,0,0,0,0,0,0,0,0,1,0,0,0,0,0,0
4191,2021,West Bengal,19,Howrah,313,Howrah Pc,0,10,14,0,1,1,544,172,0,,0,0,0,0,8,0,0,0,16,0,10,0,40,0,3,0,0,0,0,0,0,0,0,0,0,36,25,13,0,0,0,0
4192,2021,West Bengal,19,Howrah,313,Howrah Rural,1,10,9,0,0,0,464,166,0,,0,0,0,0,0,0,0,0,20,0,9,0,24,0,1,0,0,0,0,0,0,0,0,0,0,33,28,19,0,0,0,0
4193,2021,West Bengal,19,Jalpaiguri,314,Jalpaiguri,0,11,3,0,0,0,291,20,0,,2,0,2,0,143,3,0,0,28,0,33,0,23,0,0,0,0,0,0,0,0,0,0,0,0,70,20,9,0,4,0,0
4194,2021,West Bengal,19,Jhargram,703,Jhargram,0,3,2,0,0,0,94,71,0,,0,0,0,0,1,0,0,0,6,11,4,0,24,0,1,0,0,0,0,0,0,0,0,0,0,17,4,1,0,0,0,0
4195,2021,West Bengal,19,Paschim Medinipur,318,Kharagpur Grp,0,0,0,0,0,0,0,1,0,,0,0,0,0,0,1,0,0,0,0,0,0,1,0,1,0,0,0,0,0,0,0,0,0,0,0,0,0,0,0,0,0
4196,2021,West Bengal,19,Kolkata,315,Kolkata,0,5,20,0,2,1,841,228,0,,4,0,8,1,5,0,0,0,11,7,0,0,250,0,222,0,0,0,0,0,0,7,0,0,0,96,51,21,0,2,0,0
4197,2021,West Bengal,19,Malda,316,Malda,1,15,27,7,1,0,518,430,0,,2,0,1,0,11,2,0,0,137,0,99,0,75,0,6,0,0,0,0,0,0,0,0,0,0,107,73,11,1,2,0,0
4198,2021,West Bengal,19,Murshidabad,319,Murshidabad Police District,0,19,22,2,4,1,1401,365,0,,5,0,0,0,11,1,0,0,134,4,104,0,90,0,2,0,0,0,0,0,0,4,0,0,0,113,39,19,0,5,0,2
4199,2021,West Bengal,19,Paschim Medinipur,318,Paschim Medinipur,0,13,0,0,0,0,892,53,0,,0,0,0,0,628,1,0,0,43,0,24,0,291,0,3,0,0,0,0,0,0,4,0,0,0,48,21,13,1,0,0,0
4200,2021,West Bengal,19,Purba Medinipur,317,Purab Medinipur,1,23,20,3,2,0,833,365,2,,22,0,0,0,28,1,0,0,54,246,37,0,49,0,3,0,0,0,0,0,0,4,0,0,0,46,22,5,0,0,0,0
4201,2021,West Bengal,19,Purulia,321,Purulia,0,8,10,0,0,0,220,45,0,,0,0,0,0,1,0,0,0,10,0,7,0,34,0,0,0,0,0,0,0,0,0,0,0,0,27,12,3,0,0,0,0
4202,2021,West Bengal,19,Kolkata,315,Sealdah Grp,0,0,3,0,0,0,0,1,0,,0,0,0,0,2,0,0,0,0,0,0,0,1,0,1,0,0,0,0,0,0,0,0,0,0,0,0,0,0,0,0,0
4203,2021,West Bengal,19,Darjeeling,309,Siliguri Grp,0,0,0,0,0,0,0,0,0,,0,0,0,0,0,0,0,0,0,0,0,0,3,0,0,0,0,0,0,0,0,0,0,0,0,3,0,0,0,0,0,0
4204,2021,West Bengal,19,Darjeeling,309,Siliguri Pc,0,3,16,0,1,0,503,216,0,,0,0,2,0,6,1,1,0,15,0,15,0,63,0,25,0,0,0,0,0,0,5,0,0,0,38,20,9,0,0,0,0
4205,2021,West Bengal,19,South 24 Parganas,304,Baruipur Police,0,28,11,0,1,0,1269,313,1,,0,0,0,0,18,2,0,0,62,12,45,0,30,0,0,0,0,0,0,0,0,1,0,0,0,108,48,4,1,1,0,0
4206,2021,West Bengal,19,Hooghly,312,Chandannagar Pc,0,11,11,0,1,0,504,35,0,,0,0,0,0,4,0,0,0,9,1,3,0,19,0,0,0,0,0,0,0,0,2,0,0,1,27,16,4,0,0,0,0
4207,2021,West Bengal,19,South 24 Parganas,304,Diamond Harbour Police,0,16,9,0,1,2,634,124,0,,5,0,0,0,4,0,1,0,18,7,9,0,43,0,0,0,0,0,0,0,0,0,0,0,0,33,12,10,0,0,0,0
4208,2021,West Bengal,19,Kalimpong,702,Kalimpong,1,0,0,0,0,0,22,18,0,,0,0,0,0,1,0,0,0,3,0,0,0,8,0,0,0,0,0,0,0,0,0,0,0,0,18,6,0,0,0,0,0
4209,2021,West Bengal,19,Purba Bardhaman,306,Purba Bardhaman,0,21,26,0,3,1,1005,209,0,,5,0,0,0,25,0,0,0,45,11,33,0,86,0,27,0,0,0,0,0,0,1,0,0,0,46,31,4,0,4,0,0
4210,2021,West Bengal,19,South 24 Parganas,304,Sundarban Police,0,9,7,2,0,0,745,11,0,,0,0,0,0,159,1,0,0,26,17,11,0,38,0,4,0,0,0,0,0,0,1,0,0,0,69,19,4,0,0,0,0
4211,2021,West Bengal,19,North 24 Parganas,303,Barasat,0,3,10,0,2,3,752,110,0,,0,0,0,0,4,1,0,0,19,6,23,0,70,0,22,0,0,0,1,0,0,0,0,2,1,41,20,8,0,0,0,0
4212,2021,West Bengal,19,North 24 Parganas,303,Basirhat,0,19,24,0,1,0,690,393,0,,0,0,0,0,5,1,0,0,26,0,20,0,24,0,5,0,0,0,0,0,0,0,0,0,0,23,12,3,0,0,0,2
4213,2021,West Bengal,19,North 24 Parganas,303,Bangaon,0,14,9,0,1,0,630,109,1,,4,0,1,0,9,1,0,0,36,0,36,0,80,0,10,0,0,0,0,0,0,0,0,0,0,29,8,6,0,0,0,0
4214,2021,West Bengal,19,Uttar Dinajpur,311,Islampur,0,6,0,0,0,0,177,23,0,,0,0,0,0,57,0,0,0,22,0,5,0,4,0,0,0,0,0,0,0,0,2,0,1,0,23,3,0,0,1,0,0
4215,2021,West Bengal,19,Murshidabad,319,Jangipur Police District,0,11,0,0,0,0,526,13,0,,0,0,0,0,102,1,0,0,10,0,13,0,26,0,1,0,0,0,0,0,0,1,0,0,0,26,8,4,1,0,0,0
4216,2021,West Bengal,19,Nadia,320,Krishnagar,1,22,16,0,2,0,679,15,1,,15,0,0,0,314,1,0,0,69,35,82,0,45,0,0,0,0,0,0,0,0,4,0,0,0,24,14,1,0,0,0,0
4217,2021,West Bengal,19,Uttar Dinajpur,311,Raiganj,0,18,11,2,0,0,192,22,0,,1,0,0,0,112,1,0,0,23,0,24,0,10,0,8,0,0,0,0,0,0,0,0,0,1,31,7,8,0,4,0,0
4218,2021,West Bengal,19,Nadia,320,Ranaghat,0,26,11,0,1,0,716,14,1,,5,0,0,0,168,1,0,0,21,27,46,0,38,0,1,0,0,0,0,0,0,2,0,0,0,48,15,8,0,1,0,0
4219,2021,Andaman And Nicobar Islands,35,South Andamans,602,South Andaman,0,1,2,0,0,0,4,0,0,,0,0,0,0,0,0,0,0,12,0,2,0,19,0,1,0,0,0,0,0,0,0,0,1,0,40,12,2,1,1,0,0
4220,2021,Andaman And Nicobar Islands,35,Nicobars,603,Nicobar,0,0,0,0,0,0,0,0,0,,0,0,0,0,0,0,0,0,0,0,0,0,2,0,1,0,0,0,0,0,0,0,0,0,0,22,0,0,0,0,0,0
4221,2021,Chandigarh,4,Chandigarh,44,Chandigarh,1,4,1,0,0,0,95,101,0,,4,0,0,0,7,1,0,0,28,8,0,46,25,0,6,12,1,0,0,0,0,0,0,2,0,0,1,0,0,0,0,0
4222,2021,The Dadra And Nagar Haveli And Daman And Diu,38,Dadra And Nagar Haveli,465,Dadra And Nagar Haveli,3,0,0,0,0,0,3,2,0,,0,0,0,0,0,0,0,0,2,0,0,0,4,0,0,0,0,0,0,0,0,0,0,0,0,39,3,0,0,0,0,0
4223,2021,The Dadra And Nagar Haveli And Daman And Diu,38,Daman,463,Daman,0,0,0,0,0,0,2,21,0,,0,0,0,0,0,0,0,0,1,0,0,0,2,0,0,0,0,0,0,0,0,0,0,4,0,8,0,2,0,0,0,0
4224,2021,The Dadra And Nagar Haveli And Daman And Diu,38,Diu,464,Diu,0,0,0,0,0,0,1,0,0,,0,0,0,0,0,0,0,0,0,0,0,0,1,0,0,0,0,0,0,0,0,0,0,0,0,0,0,1,0,0,0,0
4225,2021,Delhi,7,Central,77,Central,0,4,2,0,1,0,87,158,0,,0,0,0,0,11,0,0,0,103,0,0,0,180,0,43,0,1,0,0,0,0,0,0,3,0,25,27,0,0,0,0,0
4226,2021,Delhi,7,North West,82,Crime Branch,0,0,0,0,0,0,0,0,0,,0,0,0,0,0,1,0,0,0,0,0,0,1,0,1,0,0,0,0,0,0,0,0,0,0,0,0,0,0,0,0,0
4227,2021,Delhi,7,East,78,East,0,8,2,0,1,0,258,206,0,,0,0,0,0,19,1,0,0,85,0,0,0,136,0,20,0,1,0,0,0,0,0,0,0,0,36,27,1,0,0,0,0
4228,2021,Delhi,7,New Delhi,79,Economic Offences Wing,0,0,0,0,0,0,0,0,0,,0,0,0,0,0,0,0,0,0,0,0,0,0,0,0,0,0,0,0,0,0,0,0,0,0,0,0,0,0,0,0,0
4229,2021,Delhi,7,New Delhi,79,Igi Airport,0,0,0,0,0,0,0,0,0,,0,0,0,0,0,0,0,0,1,0,0,0,6,0,3,0,0,1,0,0,0,0,0,0,0,0,0,0,0,0,0,0
4230,2021,Delhi,7,North West,82,Metro,0,0,0,0,0,0,1,0,0,,0,0,0,0,0,0,0,0,0,0,0,0,9,0,0,0,0,0,0,0,0,0,0,0,0,0,0,0,0,0,0,0
4231,2021,Delhi,7,New Delhi,79,New Delhi,0,0,1,0,0,0,10,13,0,,0,0,0,0,4,0,0,0,12,0,0,0,27,0,11,0,0,0,0,0,0,0,0,0,0,7,3,1,0,0,0,0
4232,2021,Delhi,7,North,80,North,0,4,1,0,0,0,249,160,0,,0,0,0,0,106,0,0,0,51,0,0,0,115,0,19,0,0,0,0,0,0,0,2,4,1,16,13,1,0,0,0,0
4233,2021,Delhi,7,North East,81,North-East,0,25,3,1,1,0,458,350,0,,0,0,0,0,19,1,0,0,87,0,2,0,111,2,6,0,1,0,1,0,0,0,0,1,0,73,52,1,0,0,0,0
4234,2021,Delhi,7,North West,82,North-West,0,2,1,0,0,0,288,241,0,,0,0,0,0,2,2,0,0,97,0,0,0,124,0,14,0,1,0,0,0,0,0,0,6,0,80,36,1,0,0,0,0
4235,2021,Delhi,7,North West,82,Outer,0,12,1,0,0,0,222,376,0,,0,0,0,0,23,4,0,0,80,0,0,0,115,0,30,0,1,0,0,0,0,1,0,6,0,66,45,2,0,0,0,0
4236,2021,Delhi,7,New Delhi,79,Railway,0,0,0,0,0,0,0,4,0,,0,0,0,0,0,0,0,0,0,0,0,0,1,0,1,0,0,0,0,0,0,0,0,0,0,2,1,0,0,0,0,0
4237,2021,Delhi,7,South,83,South,0,14,0,0,2,0,356,225,0,,0,0,0,0,23,0,0,0,99,0,2,0,125,0,31,0,0,0,0,0,0,0,0,11,0,61,31,1,1,0,0,0
4238,2021,Delhi,7,South East,670,South-East,0,9,3,0,0,0,239,344,0,,0,0,1,0,23,0,0,0,130,0,0,0,233,0,61,0,9,0,0,0,0,0,0,17,0,102,62,5,0,0,0,0
4239,2021,Delhi,7,South West,84,South-West,1,9,2,0,0,0,179,232,0,,0,0,0,0,5,0,0,0,101,0,0,0,122,0,25,0,0,0,0,0,0,1,0,9,0,47,30,3,0,0,0,0
4240,2021,Delhi,7,North West,82,Spl Cell,0,0,0,0,0,0,0,0,0,,0,0,0,0,0,0,0,0,0,0,0,0,8,0,0,0,0,0,0,0,0,0,0,0,0,0,0,1,0,1,0,0
4241,2021,Delhi,7,New Delhi,79,Spuwac,0,0,0,0,0,0,62,0,0,,0,0,0,0,0,0,0,0,0,0,0,0,0,0,0,0,0,0,0,0,0,0,0,0,0,0,0,0,0,0,0,0
4242,2021,Delhi,7,New Delhi,79,Vigilance,0,0,0,0,0,0,0,0,0,,0,0,0,0,0,0,0,0,0,0,0,0,0,0,0,0,0,0,0,0,0,0,0,0,0,0,0,0,0,0,0,0
4243,2021,Delhi,7,West,85,West,0,11,5,0,0,0,464,220,1,,0,0,0,0,50,5,0,0,84,1,0,0,144,0,33,0,0,0,0,0,0,0,0,2,2,62,28,0,0,0,1,0
4244,2021,Delhi,7,North West,82,Rohini,0,15,5,0,1,0,389,260,0,,0,0,0,0,14,2,0,0,74,0,0,0,128,0,24,0,0,0,0,0,0,0,1,10,0,77,40,2,0,0,0,0
4245,2021,Delhi,7,Shahdara,671,Shahdara,0,9,2,2,1,2,424,147,0,,0,0,0,0,7,1,0,0,54,0,0,0,115,0,20,0,0,0,0,0,0,0,0,5,0,39,25,4,0,0,0,0
4246,2021,Delhi,7,South West,84,Dwarka,0,10,5,0,0,0,792,346,0,,0,0,0,0,13,1,0,0,133,0,0,0,280,0,58,0,2,0,0,0,0,0,1,25,0,74,35,8,0,0,2,0
4247,2021,Delhi,7,New Delhi,79,Outer North,1,9,7,0,1,0,253,473,0,,0,0,0,0,6,6,0,0,59,0,0,0,88,0,17,0,0,0,0,0,0,0,0,2,0,74,42,0,0,0,0,0
4248,2021,Ladakh,37,Kargil,6,Kargil,0,0,0,0,0,0,1,1,0,,0,0,0,0,0,0,0,0,0,0,0,1,2,0,0,0,0,0,0,0,0,0,0,0,0,0,0,0,0,0,0,0
4249,2021,Ladakh,37,Leh Ladakh,9,Leh,0,0,0,0,0,0,8,0,0,,0,0,0,0,0,0,0,0,1,0,0,0,3,0,1,0,0,0,0,0,0,0,0,0,0,0,0,0,0,0,0,0
4250,2021,Lakshadweep,31,Lakshadweep District,553,Lakshadweep,0,0,0,0,0,0,3,0,0,,0,0,0,0,0,0,0,0,0,0,0,0,1,0,1,0,0,0,0,0,0,0,0,0,0,2,2,0,0,0,0,0
4251,2021,Puducherry,34,Karaikal,598,Karaikal,0,0,0,0,0,0,0,0,0,,0,0,0,0,0,0,0,0,0,0,0,0,0,0,0,0,0,0,0,0,0,0,0,0,0,0,0,0,0,0,0,0
4252,2021,Puducherry,34,Pondicherry,600,Puducherry,0,2,6,0,0,0,12,0,0,,0,0,0,0,0,0,0,0,2,0,0,0,31,0,3,0,13,0,0,0,0,0,0,0,0,55,19,9,0,0,1,0
4253,2022,Andhra Pradesh,28,Chittoor,503,Chittoor,0,2,17,0,0,0,357,4,0,,1,0,0,0,0,0,0,0,12,0,3,0,196,1,74,0,0,0,0,0,0,0,0,5,0,27,19,3,0,0,0,0
4254,2022,Andhra Pradesh,28,East Godavari,505,East Godavari,1,0,12,1,0,1,672,8,0,,1,0,0,0,1,0,0,0,27,12,0,0,216,0,151,0,0,0,0,0,0,0,0,6,2,62,54,1,1,0,0,0
4255,2022,Andhra Pradesh,28,Ananthapuramu,502,Guntakal Railway,0,0,2,0,0,0,1,0,0,,0,0,0,0,0,0,0,0,0,0,0,0,0,0,2,0,0,0,0,0,0,0,0,0,0,0,1,0,0,0,0,0
4256,2022,Andhra Pradesh,28,Guntur,506,Guntur,0,6,31,0,0,0,1054,23,0,,3,0,1,0,1,18,0,0,29,1,7,0,398,1,510,0,0,0,0,0,0,27,0,8,4,63,72,4,0,0,0,0
4257,2022,Andhra Pradesh,28,Krishna,510,Krishna,0,12,16,0,0,0,766,89,0,,1,0,6,0,0,2,0,0,28,9,13,0,321,0,239,0,0,0,0,0,0,0,0,12,2,47,58,1,0,0,0,0
4258,2022,Andhra Pradesh,28,Kurnool,511,Kurnool,0,4,12,0,0,0,347,18,0,,12,0,0,0,2,0,0,0,9,10,8,0,177,0,186,0,0,3,0,0,0,0,0,3,0,20,1,2,0,0,0,0
4259,2022,Andhra Pradesh,28,Prakasam,517,Prakasam,0,0,17,0,0,0,539,2,0,,4,0,0,0,1,3,0,0,24,0,11,0,261,0,204,0,0,3,0,0,0,0,0,7,1,34,13,20,0,1,0,0
4260,2022,Andhra Pradesh,28,Srikakulam,519,Srikakulam,0,2,11,0,0,0,362,3,0,,1,0,0,0,0,0,0,0,26,11,2,0,195,0,0,0,0,0,0,0,0,0,0,0,0,20,14,0,0,0,0,0
4261,2022,Andhra Pradesh,28,Ntr,749,Viiayawada Railway,0,0,0,0,0,0,0,2,0,,0,0,0,0,0,0,0,0,1,0,0,0,3,0,1,0,0,0,0,0,0,0,0,0,0,0,0,0,0,0,0,0
4262,2022,Andhra Pradesh,28,Visakhapatnam,520,Visakhapatnam,0,6,16,0,0,0,714,18,0,,0,0,0,0,2,1,0,0,69,1,0,0,315,0,61,0,0,2,0,0,0,0,0,2,6,58,51,7,0,0,0,0
4263,2022,Andhra Pradesh,28,Vizianagaram,521,Vizianagaram,0,3,8,0,0,0,319,0,0,,0,0,0,0,0,0,0,0,30,0,3,0,160,6,115,0,0,0,0,0,0,0,0,2,0,21,23,0,0,0,0,0
4264,2022,Andhra Pradesh,28,West Godavari,523,West Godavari,0,8,17,0,0,0,459,12,0,,2,0,0,0,4,1,0,0,39,0,4,0,244,0,66,0,0,1,0,0,0,0,0,0,0,48,60,1,0,0,0,0
4265,2022,Arunachal Pradesh,12,Anjaw,628,Anjaw,0,0,0,0,0,0,0,0,0,,0,0,0,0,0,0,0,0,0,0,0,0,2,0,0,0,0,0,0,0,0,0,0,0,0,2,0,0,0,0,0,0
4266,2022,Arunachal Pradesh,12,Changlang,229,Changlang,0,0,0,0,0,0,0,5,0,,0,0,0,0,0,0,0,0,2,0,0,3,2,0,0,4,0,0,0,0,0,0,0,0,0,0,0,0,0,0,0,0
4267,2022,Arunachal Pradesh,12,Papum Pare,237,Crime Branch,0,0,0,0,0,0,0,0,0,,0,0,0,0,0,0,0,0,0,0,0,0,0,0,0,0,0,0,0,0,0,0,0,0,0,0,0,0,0,0,0,0
4268,2022,Arunachal Pradesh,12,Dibang Valley,230,Dibang Valley,0,0,0,0,0,0,0,0,0,,0,0,0,0,0,0,0,0,0,0,0,0,0,0,0,0,0,0,0,0,0,0,0,0,0,0,0,0,0,0,0,0
4269,2022,Arunachal Pradesh,12,East Kameng,231,Kameng East,0,0,0,0,0,0,5,0,0,,0,0,0,0,0,0,0,0,3,0,0,3,2,0,0,1,0,0,0,0,0,0,0,0,0,0,0,0,0,0,0,0
4270,2022,Arunachal Pradesh,12,West Kameng,242,Kameng West,0,0,0,0,0,0,0,0,0,,0,0,0,0,3,0,0,0,1,1,0,1,1,0,0,0,0,0,0,0,0,0,0,0,0,1,0,0,0,0,0,0
4271,2022,Arunachal Pradesh,12,Kurung Kumey,233,Kurung Kumey,0,0,0,0,0,0,0,0,0,,0,0,0,0,0,0,0,0,0,0,0,0,0,0,0,0,0,0,0,0,0,0,0,0,0,0,0,0,0,0,0,0
4272,2022,Arunachal Pradesh,12,Lohit,234,Lohit,0,0,0,0,0,0,1,4,0,,0,0,0,0,0,0,0,0,1,0,0,1,5,1,0,1,0,0,0,0,0,0,0,0,0,0,0,0,0,0,0,0
4273,2022,Arunachal Pradesh,12,Longding,666,Longding,0,0,0,0,0,0,0,0,0,,0,0,0,0,0,0,0,0,1,0,0,0,1,0,0,0,0,0,0,0,0,0,0,0,0,2,0,0,0,0,0,0
4274,2022,Arunachal Pradesh,12,Lower Dibang Valley,235,Lower Dibang Valley,0,0,0,0,0,0,0,1,0,,0,0,0,0,0,0,0,0,0,0,0,7,2,0,0,1,0,0,0,0,0,0,0,0,0,0,0,0,0,0,0,0
4275,2022,Arunachal Pradesh,12,Papum Pare,237,Papum Pare City,0,0,0,0,0,0,57,13,1,,2,0,0,0,3,0,0,0,20,0,0,0,14,0,16,0,0,0,0,0,0,0,0,0,0,15,9,0,0,0,0,0
4276,2022,Arunachal Pradesh,12,Papum Pare,237,Papum Pare Rural,0,0,0,0,0,0,0,0,0,,0,0,0,0,3,0,0,0,0,0,0,0,2,0,0,0,0,0,0,0,0,0,0,0,0,0,0,0,0,0,0,0
4277,2022,Arunachal Pradesh,12,Lower Subansiri,236,Subansiri Lower,0,0,0,0,0,0,2,0,0,,0,0,0,0,0,0,0,0,1,0,0,2,2,0,0,0,0,0,0,0,0,0,0,0,0,0,0,0,0,0,0,0
4278,2022,Arunachal Pradesh,12,Upper Subansiri,241,Subansiri Upper,0,0,0,0,0,0,3,0,0,,0,0,0,0,1,0,0,0,0,0,0,0,2,0,0,1,0,0,0,0,0,0,0,0,0,2,1,0,0,0,0,0
4279,2022,Arunachal Pradesh,12,Tawang,238,Tawang,0,0,0,0,0,0,0,0,0,,0,0,0,0,0,0,0,0,2,0,0,0,0,0,0,0,0,0,0,0,0,0,0,0,0,1,0,0,0,0,0,0
4280,2022,Arunachal Pradesh,12,Tirap,239,Tirap,0,0,0,0,0,0,0,0,0,,0,0,0,0,0,0,0,0,1,0,0,0,0,0,0,0,0,0,0,0,0,0,0,0,0,0,0,0,0,0,0,0
4281,2022,Arunachal Pradesh,12,Namsai,678,Namsai,0,0,0,0,0,0,0,0,0,,0,0,0,0,3,0,0,0,1,0,0,0,2,0,0,0,0,0,0,0,0,0,0,0,0,1,0,0,0,0,0,0
4282,2022,Arunachal Pradesh,12,Siang,679,Siang,0,0,0,0,0,0,0,0,0,,0,0,0,0,0,0,0,0,2,0,0,1,0,0,0,0,0,0,0,0,0,0,0,0,0,0,0,0,0,0,0,0
4283,2022,Arunachal Pradesh,12,Kamle,718,Kamle,0,0,0,0,0,0,0,0,0,,0,0,0,0,0,0,0,0,0,0,0,1,0,0,0,0,0,0,0,0,0,0,0,0,0,0,0,0,0,0,0,0
4284,2022,Arunachal Pradesh,12,Kra Daadi,677,Kra Dadi,0,0,0,0,0,0,0,0,0,,0,0,0,0,0,0,0,0,0,0,0,1,0,0,0,0,0,0,0,0,0,0,0,0,0,0,0,0,0,0,0,0
4285,2022,Arunachal Pradesh,12,Lower Siang,719,Lower Siang,0,0,0,0,0,0,2,0,0,,0,0,0,0,0,0,0,0,1,0,0,2,0,1,0,0,0,0,0,0,0,0,0,0,0,0,0,0,0,0,0,0
4286,2022,Arunachal Pradesh,12,Leparada,724,Leparada,0,0,0,0,0,0,0,1,0,,0,0,0,0,0,0,0,0,1,0,0,0,2,0,1,0,0,0,0,0,0,0,0,1,0,1,1,0,0,0,0,0
4287,2022,Arunachal Pradesh,12,Shi Yomi,725,Shiyomi,0,0,0,0,0,0,0,0,0,,0,0,0,0,0,0,0,0,1,0,0,0,0,0,0,0,0,0,0,0,0,0,0,0,0,0,0,0,1,0,0,0
4288,2022,Assam,18,Kamrup Metro,618,Bieo,0,0,0,0,0,0,0,0,0,,0,0,0,0,0,0,0,0,0,0,0,0,0,0,0,0,0,0,0,0,0,0,0,0,0,0,0,0,0,0,0,0
4289,2022,Assam,18,Barpeta,280,Barpeta,0,18,0,0,0,0,231,63,0,,34,0,36,0,0,2,0,0,29,0,4,0,105,0,0,0,0,0,0,0,0,1,0,0,0,40,28,0,0,0,0,0
4290,2022,Assam,18,Baksa,616,Baksa,0,3,0,0,0,0,28,0,0,,18,0,10,0,1,5,0,0,7,0,0,0,22,0,0,0,2,0,0,0,0,0,0,1,0,21,3,1,1,1,0,0
4291,2022,Assam,18,Bongaigaon,281,Bongaigaon,12,2,0,0,0,0,76,46,0,,17,0,1,0,0,1,0,0,22,0,0,0,34,0,0,0,0,0,0,0,0,0,0,10,0,47,9,4,1,0,0,0
4292,2022,Assam,18,Kamrup Metro,618,Cid,0,0,0,0,0,0,0,0,0,,0,0,0,0,0,0,0,0,0,0,0,0,0,0,0,0,0,0,0,0,0,0,0,0,0,0,0,0,0,0,0,0
4293,2022,Assam,18,Cachar,282,Cachar,0,15,0,0,0,0,453,0,0,,217,0,50,0,15,0,0,0,45,0,0,0,158,0,0,0,0,0,0,0,0,4,0,0,0,57,0,0,0,0,0,0
4294,2022,Assam,18,Chirang,612,Chirang,0,1,0,0,0,0,39,6,0,,14,0,6,0,2,0,0,0,18,18,0,0,21,0,0,0,0,1,0,0,0,0,0,0,0,24,9,1,2,0,0,0
4295,2022,Assam,18,Darrang,283,Darrang,0,3,0,0,1,0,229,15,0,,169,0,0,0,18,5,0,0,61,0,28,0,90,0,0,0,29,0,0,1,0,0,0,36,0,64,0,0,0,0,0,0
4296,2022,Assam,18,Dhemaji,284,Dhemaji,0,0,0,0,0,0,42,1,0,,3,0,1,0,6,1,1,0,22,37,6,0,34,0,0,0,6,0,0,0,0,0,0,0,0,32,8,0,0,0,0,0
4297,2022,Assam,18,Dhubri,285,Dhubri,0,11,0,2,0,0,290,0,0,,24,0,14,0,19,0,0,0,39,0,13,0,97,0,1,0,6,0,0,0,0,0,0,1,8,72,11,4,1,0,0,0
4298,2022,Assam,18,Dibrugarh,286,Dibrugarh,0,7,6,0,0,0,117,30,0,,40,0,0,0,10,0,0,0,18,29,1,0,44,0,0,0,27,0,0,0,0,0,0,2,0,41,19,3,0,1,0,0
4299,2022,Assam,18,Kamrup Metro,618,Grp,0,1,0,0,0,0,0,0,0,,0,0,0,0,1,1,0,0,1,3,0,0,3,0,0,0,0,0,0,0,0,0,0,0,0,0,0,0,0,0,0,0
4300,2022,Assam,18,Goalpara,287,Goalpara,0,4,0,0,0,0,198,0,0,,93,0,0,0,23,0,0,0,45,0,76,0,86,0,116,0,0,0,0,0,0,0,0,0,0,32,0,0,0,0,0,0
4301,2022,Assam,18,Golaghat,288,Golaghat,0,1,1,0,0,0,37,11,0,,61,0,1,0,1,1,0,0,22,6,5,0,3,0,1,0,8,1,0,0,0,0,0,0,0,32,6,1,0,0,0,0
4302,2022,Assam,18,Kamrup Metro,618,Guwahati City,0,10,12,0,0,0,319,102,0,,66,0,9,0,7,0,0,0,62,77,7,0,141,0,0,0,27,2,0,0,0,3,0,0,28,60,28,12,3,0,3,0
4303,2022,Assam,18,Hailakandi,289,Hailakandi,0,2,0,0,0,0,92,0,0,,29,0,2,0,23,0,0,0,40,0,6,0,48,0,1,0,4,0,0,0,0,0,0,0,0,36,11,8,0,0,0,0
4304,2022,Assam,18,West Karbi Anglong,710,Hamren,0,0,0,0,0,0,3,0,0,,0,0,0,0,15,0,0,0,6,0,0,0,4,0,0,0,0,0,0,0,0,0,0,0,0,9,3,0,0,0,0,0
4305,2022,Assam,18,Jorhat,290,Jorhat,0,1,0,0,0,0,103,0,0,,80,0,2,0,11,0,0,0,27,0,5,0,75,0,0,0,0,0,0,0,0,0,0,0,0,17,21,0,0,0,0,0
4306,2022,Assam,18,Kamrup,291,Kamrup,0,16,20,0,0,1,405,14,0,,103,0,11,0,46,4,0,0,98,16,20,0,320,0,12,0,27,0,0,0,0,0,0,5,0,70,21,7,1,0,0,0
4307,2022,Assam,18,Karbi Anglong,292,Karbi Anglong,0,0,1,0,0,0,8,0,0,,1,0,1,0,6,2,0,0,7,3,0,1,4,0,0,0,1,0,0,0,0,0,0,2,0,17,4,0,0,0,0,0
4308,2022,Assam,18,Karimganj,293,Karimganj,0,7,0,0,0,1,240,34,0,,35,0,4,0,21,0,0,0,61,0,4,0,15,0,1,0,0,0,0,1,0,1,0,5,0,27,10,7,0,0,0,0
4309,2022,Assam,18,Kokrajhar,294,Kokrajhar,0,2,0,0,0,0,99,0,0,,0,0,6,0,62,2,0,0,36,0,5,0,72,0,0,0,15,0,0,0,0,1,0,0,0,47,0,0,0,0,0,0
4310,2022,Assam,18,Lakhimpur,295,Lakhimpur,0,3,1,0,0,0,147,0,0,,74,0,10,0,5,0,2,0,16,19,6,0,58,0,0,0,1,0,0,0,0,0,0,9,0,36,10,2,0,0,0,0
4311,2022,Assam,18,Marigaon,296,Morigaon,0,6,0,0,0,0,174,86,0,,10,0,2,0,2,0,0,0,49,21,4,0,70,0,0,0,5,0,0,0,0,0,0,3,0,85,18,10,2,1,0,0
4312,2022,Assam,18,Dima Hasao,299,Dima Hasao,0,0,0,0,0,0,8,0,0,,6,0,0,0,0,0,0,0,3,0,0,0,6,0,1,0,0,0,0,0,0,0,0,1,0,5,0,0,0,0,0,0
4313,2022,Assam,18,Nagaon,297,Nagaon,0,6,8,0,1,0,292,52,0,,71,0,25,0,42,3,0,0,65,0,10,0,69,0,0,0,21,0,0,0,0,4,0,3,0,87,13,7,1,0,0,0
4314,2022,Assam,18,Nalbari,298,Nalbari,0,1,4,0,0,0,127,6,0,,26,0,4,0,13,0,0,0,20,27,3,0,78,0,1,0,28,0,0,0,0,1,0,1,0,10,5,7,0,2,0,0
4315,2022,Assam,18,Kamrup Metro,618,Rpo,0,0,0,0,0,0,0,0,0,,0,0,0,0,0,0,0,0,0,0,0,0,0,0,0,0,0,0,0,0,0,0,0,0,0,0,0,0,0,0,0,0
4316,2022,Assam,18,Kamrup Metro,618,Sou,0,0,0,0,0,0,0,0,0,,0,0,0,0,0,0,0,0,0,0,0,0,0,0,0,0,0,0,0,0,0,0,0,0,0,0,0,0,0,0,0,0
4317,2022,Assam,18,Kamrup Metro,618,Stf,0,0,0,0,0,0,0,0,0,,0,0,0,0,0,0,0,0,0,0,0,0,0,0,0,0,0,0,0,0,0,0,0,0,0,0,0,0,0,0,0,0
4318,2022,Assam,18,Sivasagar,300,Sibsagar,0,4,0,0,0,0,86,2,0,,16,0,0,0,0,1,0,0,15,38,6,0,24,0,0,0,2,0,0,0,0,0,0,0,0,22,9,1,0,0,0,0
4319,2022,Assam,18,Sonitpur,301,Sonitpur,0,33,0,0,0,0,178,50,0,,212,0,15,0,0,11,0,0,66,109,2,2,39,4,0,35,5,0,0,0,0,0,0,0,2,25,18,6,0,0,0,0
4320,2022,Assam,18,Tinsukia,302,Tinsukia,0,1,7,0,0,0,153,0,0,,66,0,15,0,0,0,0,0,70,0,13,0,54,0,6,0,0,0,0,0,0,0,0,8,0,43,12,2,0,2,0,0
4321,2022,Assam,18,Udalguri,617,Udalguri,0,5,1,0,0,0,58,12,0,,58,0,5,0,19,4,0,0,21,0,2,0,21,0,4,0,0,0,0,0,0,0,0,0,0,47,0,0,0,0,0,0
4322,2022,Assam,18,Tinsukia,302,Sadia,0,0,0,0,0,0,12,0,0,,6,0,0,0,6,0,0,0,4,0,0,0,1,0,0,0,0,0,0,0,0,0,0,6,0,7,0,0,0,0,0,0
4323,2022,Assam,18,Majuli,706,Majuli,0,0,1,0,0,0,24,2,0,,9,0,3,0,1,0,0,0,3,0,1,0,8,0,0,0,0,0,0,0,0,0,0,2,0,12,1,0,0,0,0,0
4324,2022,Assam,18,Biswanath,705,Biswanath,0,2,2,0,0,0,36,1,0,,2,0,1,0,2,4,0,0,15,48,4,0,23,0,0,0,0,0,0,0,0,0,0,1,4,27,19,0,0,0,0,0
4325,2022,Assam,18,Hojai,709,Hojai,2,2,1,0,0,0,224,10,0,,61,0,14,0,13,4,0,0,46,65,2,0,50,0,2,0,30,0,0,0,0,0,0,1,1,44,16,5,2,1,0,0
4326,2022,Assam,18,South Salmara Mancachar,707,South Salmara,0,5,3,0,1,0,99,0,0,,27,0,16,0,9,1,0,0,31,0,9,1,17,0,3,0,28,0,0,0,0,1,0,1,0,27,5,0,0,0,0,0
4327,2022,Assam,18,Charaideo,708,Charaideo,0,2,5,0,0,0,29,29,0,,12,0,0,0,0,1,0,0,7,0,6,0,23,0,0,0,0,0,1,0,0,0,0,3,0,23,0,0,11,0,0,0
4328,2022,Bihar,10,Araria,188,Araria,0,19,0,0,0,0,48,0,0,,78,0,0,0,63,2,0,0,28,108,0,0,5,0,0,0,84,0,0,0,0,0,0,0,0,22,9,0,0,2,0,0
4329,2022,Bihar,10,Arwal,611,Arwal,0,9,1,0,0,0,12,0,0,,13,0,0,0,0,1,0,0,7,29,1,0,7,0,0,0,26,0,0,0,0,0,0,0,0,2,12,7,0,0,0,0
4330,2022,Bihar,10,Aurangabad,189,Aurangabad,0,28,0,0,0,0,39,16,0,,52,0,0,0,9,3,0,0,36,88,0,0,11,0,0,0,98,0,0,0,0,1,0,0,0,4,51,0,0,0,0,0
4331,2022,Bihar,10,Pashchim Champaran,211,Bagaha,0,23,0,0,0,0,25,9,0,,32,0,0,0,4,0,0,0,18,69,0,0,37,0,0,0,31,0,0,0,0,0,0,0,0,13,41,0,0,0,0,0
4332,2022,Bihar,10,Banka,190,Banka,0,14,0,0,0,0,18,12,0,,44,0,0,0,0,2,0,0,8,59,0,0,8,0,0,0,64,1,0,0,0,0,0,0,1,15,13,0,0,0,0,0
4333,2022,Bihar,10,Begusarai,191,Begusarai,0,20,0,0,0,0,27,18,0,,162,0,0,0,0,0,0,0,15,95,0,0,5,0,0,0,40,3,0,0,0,0,0,0,0,17,12,0,0,0,0,0
4334,2022,Bihar,10,Pashchim Champaran,211,Bettiah,0,29,0,0,0,0,65,24,0,,132,0,0,0,0,1,0,0,7,45,0,0,0,0,0,0,154,7,0,0,0,0,0,0,0,42,52,65,5,0,0,0
4335,2022,Bihar,10,Kaimur (Bhabua),200,Kaimur(Bhabhua),0,30,0,0,0,0,14,9,0,,23,0,0,0,20,0,0,0,13,62,0,0,16,0,0,0,33,0,0,0,0,4,0,0,0,13,7,4,0,0,0,0
4336,2022,Bihar,10,Bhagalpur,192,Bhagalpur,0,17,0,0,0,0,39,6,0,,80,0,0,0,110,0,0,0,26,136,2,0,6,0,0,0,103,2,0,0,0,0,0,0,0,39,92,0,0,0,0,0
4337,2022,Bihar,10,Bhojpur,193,Bhojpur,0,35,0,0,0,0,59,14,0,,67,0,0,0,24,0,0,0,20,155,1,0,46,0,0,0,117,0,0,0,0,0,0,0,0,11,46,1,0,0,0,0
4338,2022,Bihar,10,Buxar,194,Buxar,0,16,0,0,0,0,31,12,0,,40,0,0,0,36,0,0,0,10,55,0,0,6,0,0,0,60,0,0,0,0,0,0,0,0,16,28,0,0,0,0,0
4339,2022,Bihar,10,Darbhanga,195,Darbhanga,0,20,0,0,0,0,26,17,0,,92,0,0,0,0,0,0,0,21,96,0,0,7,0,0,0,86,0,0,0,0,0,0,0,5,23,12,0,0,0,0,0
4340,2022,Bihar,10,Gaya,196,Gaya,0,56,0,0,0,0,102,33,0,,80,0,0,0,119,1,0,0,72,240,0,0,8,0,0,0,205,0,0,0,0,0,0,0,0,49,56,0,0,0,0,0
4341,2022,Bihar,10,Gopalganj,197,Gopalganj,0,21,0,0,0,0,38,7,0,,113,0,0,0,17,0,0,0,7,178,0,0,4,0,0,0,83,0,0,0,0,0,0,0,0,22,12,0,0,0,0,0
4342,2022,Bihar,10,Munger,207,Jamalpur Railway,0,0,0,0,0,0,0,0,0,,2,0,0,0,0,0,0,0,0,0,0,0,1,0,0,0,0,0,0,0,0,0,0,0,0,0,0,0,0,0,0,0
4343,2022,Bihar,10,Jamui,198,Jamui,0,12,0,0,0,0,17,0,0,,26,0,0,0,0,0,0,0,4,75,0,0,5,0,0,0,62,0,0,0,0,0,0,0,0,13,13,0,0,0,0,0
4344,2022,Bihar,10,Jehanabad,199,Jehanabad,0,15,0,0,0,0,20,25,0,,37,0,0,0,24,0,0,0,3,4,0,0,4,0,0,0,39,0,0,0,0,0,0,0,0,8,12,0,0,0,0,0
4345,2022,Bihar,10,Katihar,201,Katihar,0,17,0,0,0,0,51,0,0,,68,0,0,0,0,5,0,0,50,147,0,0,3,0,0,0,112,0,0,0,0,0,0,0,0,22,27,0,0,0,0,0
4346,2022,Bihar,10,Katihar,201,Katihar Railway,0,0,0,0,0,0,0,0,0,,0,0,0,0,0,0,0,0,0,0,0,0,1,0,0,0,0,0,0,0,0,0,0,0,0,1,0,0,0,0,0,0
4347,2022,Bihar,10,Khagaria,202,Khagaria,0,11,0,0,0,0,22,13,0,,153,0,0,0,11,0,0,0,6,33,0,0,6,0,0,0,74,0,0,0,0,0,0,0,0,21,10,0,0,0,0,0
4348,2022,Bihar,10,Kishanganj,203,Kishanganj,0,5,1,0,0,0,17,22,0,,26,0,0,0,17,0,0,0,42,40,1,0,0,0,0,0,72,5,6,0,0,0,0,0,0,19,7,0,0,0,0,0
4349,2022,Bihar,10,Lakhisarai,204,Lakhisarai,0,3,0,0,0,0,22,15,0,,40,0,0,0,3,0,0,0,10,74,0,0,6,0,0,0,36,0,0,0,0,0,0,0,0,6,11,0,0,0,0,0
4350,2022,Bihar,10,Madhepura,205,Madhepura,0,10,0,0,0,0,23,5,1,,63,0,0,0,0,0,0,0,24,74,0,0,0,0,0,0,41,0,0,0,0,0,0,4,0,3,31,0,0,0,0,10
4351,2022,Bihar,10,Madhubani,206,Madhubani,0,26,0,0,0,0,33,12,0,,37,0,0,0,4,0,0,0,15,48,0,0,7,0,0,0,60,0,0,0,0,0,0,0,0,47,86,8,0,0,0,0
4352,2022,Bihar,10,Purbi Champaran,213,Motihari,0,75,0,0,2,0,122,85,0,,135,0,0,0,54,4,0,0,15,115,0,0,4,0,0,0,171,7,0,0,0,0,0,0,0,40,4,0,148,0,0,0
4353,2022,Bihar,10,Munger,207,Munger,0,7,0,0,0,0,21,43,2,,46,0,0,0,4,0,0,0,7,96,2,0,8,1,0,8,65,0,0,0,0,0,0,0,0,15,11,0,0,0,0,0
4354,2022,Bihar,10,Muzaffarpur,208,Muzaffarpur,0,79,0,0,1,0,106,27,0,,263,0,0,0,33,1,0,0,57,375,0,0,19,0,0,0,171,0,0,0,0,0,0,0,0,15,40,23,0,0,0,0
4355,2022,Bihar,10,Muzaffarpur,208,Muzaffarpur Railway,0,1,0,0,0,0,0,3,0,,1,0,0,0,1,2,0,0,0,2,0,0,1,0,0,0,0,0,0,0,0,0,0,0,0,1,0,0,0,0,0,0
4356,2022,Bihar,10,Nalanda,209,Nalanda,0,58,0,0,0,0,89,29,0,,287,0,0,0,37,0,0,0,12,64,0,0,13,0,0,0,135,0,0,4,0,0,0,0,0,39,24,10,0,0,0,0
4357,2022,Bihar,10,Bhagalpur,192,Naugachia,0,5,0,0,0,0,8,46,1,,67,0,0,0,0,0,0,0,6,0,0,0,2,0,0,0,21,0,0,0,0,0,0,0,0,9,3,0,0,0,0,0
4358,2022,Bihar,10,Nawada,210,Nawadah,0,18,0,0,0,0,25,10,0,,65,0,0,0,45,0,0,0,20,135,0,0,8,0,0,0,33,0,0,0,0,0,0,0,0,8,48,0,0,0,0,0
4359,2022,Bihar,10,Patna,212,Patna,0,88,0,0,0,0,228,89,0,,283,0,0,0,532,0,0,0,85,125,0,0,82,0,0,0,325,0,11,0,0,0,0,0,0,47,69,23,0,0,0,0
4360,2022,Bihar,10,Patna,212,Patna Railway,0,0,0,0,0,0,0,0,0,,0,0,0,0,6,1,0,0,0,0,0,0,5,1,0,0,0,0,0,0,0,0,0,0,0,0,1,0,0,0,0,0
4361,2022,Bihar,10,Rohtas,215,Rohtas,0,25,0,0,0,0,41,15,0,,45,0,0,0,72,0,0,0,3,95,0,0,3,0,0,0,94,0,0,0,0,0,0,0,0,30,7,0,0,0,0,0
4362,2022,Bihar,10,Saharsa,216,Saharsa,0,3,0,0,0,0,19,0,0,,68,0,0,0,0,0,0,0,16,22,0,0,2,0,0,0,66,0,0,0,0,0,0,0,0,3,14,4,0,0,0,0
4363,2022,Bihar,10,Samastipur,217,Samastipur,0,41,0,0,0,0,48,0,0,,137,0,0,0,0,0,0,0,44,189,0,0,3,0,0,0,64,2,0,0,0,0,0,0,0,12,4,0,32,0,0,0
4364,2022,Bihar,10,Saran,218,Saran,0,51,0,0,0,0,96,5,0,,349,0,0,0,39,0,0,0,15,105,0,0,4,0,0,0,202,2,0,0,0,0,0,0,0,11,13,14,0,0,0,0
4365,2022,Bihar,10,Sheikhpura,219,Sheikhpura,0,10,0,0,0,0,19,9,0,,57,0,0,0,8,0,0,0,4,0,0,0,8,0,0,0,32,0,0,0,0,0,0,0,0,1,7,0,0,0,0,0
4366,2022,Bihar,10,Sheohar,220,Sheohar,0,5,0,0,0,0,14,15,0,,16,0,0,0,0,0,0,0,4,32,0,0,4,0,0,0,32,0,0,0,0,0,0,0,0,3,4,0,0,0,0,0
4367,2022,Bihar,10,Sitamarhi,221,Sitamarhi,0,37,0,0,0,0,112,25,0,,300,0,0,0,34,0,0,0,42,95,0,0,6,0,0,0,166,2,0,0,0,0,0,0,0,18,46,0,2,0,1,0
4368,2022,Bihar,10,Siwan,222,Siwan,0,38,0,0,0,0,34,51,0,,29,0,0,0,0,0,0,0,7,198,0,0,3,0,0,0,51,0,0,0,0,0,0,0,7,18,7,0,0,0,0,0
4369,2022,Bihar,10,Supaul,223,Supaul,0,15,0,0,0,0,15,21,0,,39,0,0,0,41,2,0,0,8,58,0,0,0,0,0,0,80,0,0,0,0,0,0,0,0,12,11,1,0,0,0,0
4370,2022,Bihar,10,Vaishali,224,Vaishali,0,47,0,0,0,0,60,80,1,,61,0,0,0,3,0,0,0,15,301,8,0,8,0,0,0,91,0,0,0,0,0,0,0,0,27,15,0,14,0,0,0
4371,2022,Bihar,10,Patna,212,Economic Offences Unit,0,0,0,0,0,0,0,0,0,,0,0,0,0,0,0,0,0,0,0,0,0,0,0,0,0,0,0,0,0,0,0,0,0,0,0,0,0,0,0,0,0
4372,2022,Bihar,10,Patna,212,Anti Terrorist Squad,0,0,0,0,0,0,0,0,0,,0,0,0,0,0,0,0,0,0,0,0,0,0,0,0,0,0,0,0,0,0,0,0,0,0,0,0,0,0,0,0,0
4373,2022,Chhattisgarh,22,Balod,646,Balod,1,2,2,0,0,0,19,38,0,,0,0,0,0,0,0,0,0,22,0,0,0,25,0,7,0,0,0,0,0,0,0,0,2,0,55,15,1,0,0,0,0
4374,2022,Chhattisgarh,22,Balrampur Ramanujganj,649,Balrampur,1,0,10,0,0,0,23,40,0,,0,1,0,0,0,4,0,0,61,0,0,0,51,0,4,0,0,0,0,0,0,0,0,0,0,114,15,0,0,0,0,0
4375,2022,Chhattisgarh,22,Bemetara,650,Bemetra,1,1,4,0,0,0,15,37,0,,0,0,0,0,0,0,0,1,10,20,0,0,15,0,2,0,0,0,0,0,0,0,0,7,0,32,8,1,2,0,0,0
4376,2022,Chhattisgarh,22,Bilaspur,375,Bilaspur,0,2,8,0,0,0,82,129,0,,0,0,0,0,0,0,0,0,218,0,0,0,155,0,0,0,1,0,0,0,0,0,0,0,0,79,55,0,0,0,0,0
4377,2022,Chhattisgarh,22,Bijapur,636,Bizapur,0,0,1,1,0,0,4,15,0,,0,0,0,0,0,0,0,0,10,0,0,0,4,0,1,1,1,0,0,0,0,0,0,0,0,13,0,0,0,0,0,0
4378,2022,Chhattisgarh,22,Dakshin Bastar Dantewada,376,Dantewara,0,0,4,0,0,0,1,21,0,,0,0,0,0,0,0,0,0,9,3,0,0,19,0,2,0,0,0,0,0,0,0,0,0,0,13,8,0,0,0,0,0
4379,2022,Chhattisgarh,22,Dhamtari,377,Dhamtari,0,6,6,0,0,0,11,32,0,,0,0,0,0,3,0,0,0,17,0,0,0,44,0,6,0,0,0,0,0,0,0,0,0,0,34,12,0,0,0,0,0
4380,2022,Chhattisgarh,22,Durg,378,Durg,0,5,6,0,0,0,134,204,0,,0,0,0,0,2,1,0,0,76,8,1,0,117,0,24,0,0,0,0,0,0,0,0,6,0,91,42,0,0,0,0,0
4381,2022,Chhattisgarh,22,Gariyaband,645,Gariyaband,0,0,1,0,0,0,9,21,0,,0,0,0,0,0,0,0,0,28,0,0,0,30,0,3,0,0,0,0,0,0,0,0,0,0,32,11,1,0,0,0,0
4382,2022,Chhattisgarh,22,Raipur,387,Grp Raipur,0,0,0,0,0,0,0,3,0,,0,0,0,0,0,0,0,0,0,0,0,0,4,0,0,1,0,0,0,0,0,0,0,0,0,2,0,0,0,0,0,0
4383,2022,Chhattisgarh,22,Bastar,374,Jagdalpur,0,0,1,0,0,0,6,28,0,,0,0,0,0,0,0,0,0,47,0,0,0,7,0,12,0,0,0,0,0,0,0,0,0,0,70,2,2,0,0,0,0
4384,2022,Chhattisgarh,22,Janjgir-Champa,379,Janjgir,0,7,13,0,0,0,58,105,0,,1,0,0,0,0,0,0,0,36,4,0,0,75,0,14,0,1,0,0,0,0,0,0,16,0,85,26,2,0,0,0,0
4385,2022,Chhattisgarh,22,Jashpur,380,Jashpur,0,0,4,0,0,0,12,44,0,,0,0,0,0,0,3,0,0,65,1,0,0,22,2,16,0,0,0,0,0,0,0,0,0,2,107,10,2,0,0,0,0
4386,2022,Chhattisgarh,22,Kabeerdham,382,Kabirdham,0,1,3,0,0,0,36,69,0,,0,1,0,0,0,0,0,0,23,3,0,0,58,0,8,0,0,0,0,0,0,0,0,4,0,28,13,0,0,0,0,0
4387,2022,Chhattisgarh,22,Uttar Bastar Kanker,381,Kanker,0,1,0,0,0,0,5,1,0,,0,0,0,0,0,0,0,0,38,0,0,0,19,0,6,0,0,0,0,0,0,0,0,4,0,59,7,2,0,0,0,0
4388,2022,Chhattisgarh,22,Kondagaon,643,Kondagaon,0,0,2,1,0,0,9,57,0,,0,1,0,0,0,0,0,0,4,0,0,0,18,0,6,0,0,0,0,0,0,0,0,5,1,53,7,4,0,0,0,0
4389,2022,Chhattisgarh,22,Korba,383,Korba,0,0,1,0,0,0,46,95,0,,0,1,0,0,0,1,0,0,37,0,0,0,56,0,10,0,1,0,0,1,0,0,0,8,0,60,17,0,0,0,0,0
4390,2022,Chhattisgarh,22,Korea,384,Koriya,0,2,3,0,0,0,15,18,0,,0,0,0,0,0,2,0,0,19,0,0,0,22,0,0,0,0,0,0,0,0,0,0,2,0,17,10,0,0,0,0,0
4391,2022,Chhattisgarh,22,Mahasamund,385,Mahasamund,0,1,0,0,0,0,1,67,0,,0,0,0,0,0,0,0,0,22,0,0,0,30,0,10,0,0,0,0,0,0,0,0,0,0,88,14,0,0,0,0,0
4392,2022,Chhattisgarh,22,Mungeli,647,Mungali,0,2,0,0,0,0,18,37,0,,0,0,0,0,0,0,0,0,10,0,0,0,21,0,3,0,0,0,0,0,0,0,0,0,0,52,12,1,0,0,0,0
4393,2022,Chhattisgarh,22,Narayanpur,637,Narayanpur,1,0,0,0,0,0,2,9,0,,0,0,0,0,0,0,0,0,6,0,0,0,3,0,0,0,0,0,0,0,0,0,0,1,0,21,0,0,0,0,0,0
4394,2022,Chhattisgarh,22,Raigarh,386,Raigarh,0,2,5,0,0,0,23,97,0,,0,0,0,0,0,0,0,0,75,0,0,0,69,0,15,0,0,0,0,0,0,0,0,0,0,51,33,0,0,0,0,0
4395,2022,Chhattisgarh,22,Raipur,387,Raipur,0,6,14,0,0,0,180,326,0,,0,0,0,0,0,0,0,0,114,0,0,0,119,0,35,0,3,0,0,0,0,0,0,103,0,152,51,4,2,0,0,0
4396,2022,Chhattisgarh,22,Rajnandgaon,388,Rajnandgaon,0,5,9,3,0,0,21,62,0,,0,0,0,0,2,0,0,0,22,21,0,0,40,0,8,0,0,0,0,0,0,0,0,0,0,22,0,0,0,0,0,0
4397,2022,Chhattisgarh,22,Surguja,389,Sarguja,0,1,3,0,0,0,44,70,0,,0,0,0,0,0,0,0,0,78,0,0,0,36,0,16,0,0,0,0,0,0,0,0,17,0,78,23,0,0,0,0,0
4398,2022,Chhattisgarh,22,Sukma,642,Sukma,0,0,1,0,0,0,2,14,0,,0,0,0,0,0,0,0,0,9,0,0,0,4,0,0,0,0,0,0,0,0,0,0,1,0,8,1,0,0,0,0,0
4399,2022,Chhattisgarh,22,Surajpur,648,Surajpur,2,3,14,0,0,0,38,33,0,,0,0,0,0,3,1,0,0,52,6,2,0,42,1,5,0,1,0,0,0,0,0,0,8,0,66,14,1,0,0,0,0
4400,2022,Chhattisgarh,22,Gaurela Pendra Marwahi,734,Gaurela-Pendra-Marwari,0,0,6,0,0,0,10,28,0,,0,0,0,0,0,0,0,0,8,1,0,0,18,0,2,0,0,0,0,0,0,0,0,3,0,35,13,0,0,0,0,0
4401,2022,Goa,30,North Goa,551,North Goa,1,0,1,0,0,0,1,27,0,,0,0,0,0,13,5,0,0,12,0,0,24,48,0,15,8,0,0,0,0,0,0,0,0,0,0,0,0,0,0,0,0
4402,2022,Goa,30,South Goa,552,South Goa,0,0,0,0,0,0,2,19,0,,0,0,0,0,0,1,0,0,4,0,0,30,24,0,14,2,0,0,0,0,0,0,0,0,0,0,0,0,0,0,0,0
4403,2022,Goa,30,North Goa,551,Cid,0,0,0,0,0,0,3,1,0,,0,0,0,0,0,4,0,0,2,0,0,1,4,0,1,1,0,0,0,0,0,0,0,4,1,0,0,0,0,0,0,0
4404,2022,Gujarat,24,Ahmadabad,438,Ahmedabad City,1,2,38,3,5,2,616,124,0,,1,0,0,0,4,2,0,0,104,38,0,0,138,0,2,13,0,0,0,10,2,0,0,3,0,295,41,6,1,0,0,0
4405,2022,Gujarat,24,Ahmadabad,438,Ahmedabad Rural,0,0,5,0,0,0,14,3,0,,0,0,0,0,1,0,0,0,11,16,0,0,14,0,0,0,1,0,0,0,0,0,0,0,0,66,5,0,0,0,0,0
4406,2022,Gujarat,24,Amreli,439,Amreli,0,0,8,0,0,0,62,3,0,,0,0,0,0,1,0,0,0,7,29,0,0,9,0,1,4,0,0,0,0,0,0,0,3,0,67,7,1,0,0,0,0
4407,2022,Gujarat,24,Anand,440,Anand,0,0,7,0,0,1,37,13,0,,0,0,0,0,0,0,0,0,16,18,0,0,13,0,0,4,0,1,0,0,0,0,0,4,0,89,4,1,0,0,0,0
4408,2022,Gujarat,24,Arvalli,672,Arvalli,0,0,4,0,0,0,15,14,0,,15,0,0,0,3,0,0,0,6,36,0,0,11,0,0,0,0,0,0,0,0,0,0,0,0,2,0,27,0,0,0,0
4409,2022,Gujarat,24,Banas Kantha,441,Banaskantha,0,0,0,0,0,0,49,9,0,,12,0,0,0,5,1,0,0,38,18,0,0,18,0,0,0,0,0,2,0,0,0,0,0,0,54,9,0,9,0,0,0
4410,2022,Gujarat,24,Bharuch,442,Bharuch,0,0,2,0,0,0,35,23,0,,0,0,0,0,1,0,0,0,7,5,0,0,17,0,0,0,0,0,0,0,0,0,0,0,0,68,3,31,0,0,0,0
4411,2022,Gujarat,24,Bhavnagar,443,Bhavnagar,0,0,13,0,0,0,82,13,0,,1,0,0,0,0,0,0,0,22,20,0,0,20,0,2,1,0,0,1,0,0,0,0,2,0,60,3,3,0,2,0,0
4412,2022,Gujarat,24,Botad,676,Botad,0,0,4,0,0,0,11,3,0,,1,0,0,0,0,0,0,0,4,5,0,0,4,0,0,1,0,0,0,0,0,0,0,2,1,34,5,0,0,0,0,0
4413,2022,Gujarat,24,Chhotaudepur,668,Chhotaudepur,0,0,9,0,0,0,9,1,0,,1,0,0,0,2,0,0,0,8,22,0,0,12,0,0,1,0,0,0,0,0,0,0,1,0,54,0,0,0,0,0,0
4414,2022,Gujarat,24,Gandhinagar,446,Cid Crime,0,0,0,0,0,0,0,0,0,,0,0,0,0,0,0,0,0,0,0,0,0,0,0,0,0,0,0,0,0,0,0,0,0,0,0,0,0,0,0,0,0
4415,2022,Gujarat,24,Dohad,445,Dahod,0,0,12,0,0,0,4,8,0,,3,0,0,0,4,0,0,0,20,71,0,0,19,0,1,0,0,0,0,0,0,0,0,0,0,98,6,0,0,0,0,0
4416,2022,Gujarat,24,Dang,444,Dang,0,0,1,0,0,0,3,3,0,,0,0,0,0,0,0,0,0,0,0,0,0,2,0,0,0,0,0,0,0,0,0,0,0,0,5,1,0,0,0,0,0
4417,2022,Gujarat,24,Devbhumi Dwarka,674,Devbhumi Dwarka,0,0,4,0,0,0,40,1,0,,0,0,0,0,0,0,0,0,6,7,0,0,2,0,0,0,0,0,0,0,0,0,0,2,0,15,2,0,0,0,0,0
4418,2022,Gujarat,24,Gandhinagar,446,Gandhinagar,0,1,11,0,0,0,42,4,0,,16,0,0,0,3,0,0,0,10,14,0,0,10,0,0,5,0,0,0,0,0,0,0,0,0,67,5,0,0,0,0,0
4419,2022,Gujarat,24,Gir Somnath,675,Gir Somnath,1,0,4,0,0,0,15,2,0,,0,0,0,0,0,0,0,0,16,16,0,0,5,0,0,2,0,0,0,0,0,3,0,0,0,18,8,0,0,0,0,0
4420,2022,Gujarat,24,Jamnagar,447,Jamnagar,0,0,6,0,0,0,44,5,0,,0,0,0,0,0,0,0,0,7,23,0,0,7,0,0,7,0,0,0,0,0,0,0,1,0,28,7,0,0,0,0,0
4421,2022,Gujarat,24,Junagadh,448,Junagadh,0,0,10,0,0,1,90,4,0,,1,0,0,0,0,0,0,0,20,23,0,0,9,0,0,4,0,0,0,0,2,0,0,0,0,41,1,0,0,0,0,0
4422,2022,Gujarat,24,Kachchh,449,Kachchh East(G),0,2,7,0,0,0,49,15,1,,0,0,0,0,1,0,0,0,13,47,0,0,12,0,0,4,0,0,0,0,0,0,0,0,1,18,5,0,0,0,0,0
4423,2022,Gujarat,24,Kachchh,449,Kachchh West(B),0,0,11,0,0,0,42,13,0,,0,0,0,0,1,0,0,0,18,18,0,0,20,0,1,0,0,0,0,1,0,0,0,2,0,36,2,0,0,0,0,0
4424,2022,Gujarat,24,Kheda,450,Kheda,0,0,16,0,0,0,54,0,0,,0,0,0,0,6,0,0,0,19,36,0,0,19,0,0,0,0,0,0,0,0,0,0,0,0,60,6,0,0,0,0,0
4425,2022,Gujarat,24,Mahisagar,669,Mahisagar,0,0,15,0,0,0,9,11,0,,0,0,0,0,1,0,0,0,4,0,0,0,0,0,0,4,0,0,0,0,0,0,0,0,0,40,4,0,0,0,0,0
4426,2022,Gujarat,24,Mahesana,451,Mehsana,0,0,4,0,0,0,61,39,0,,0,0,0,0,5,0,0,0,19,0,0,0,14,0,0,1,0,0,0,0,0,0,0,0,1,73,3,3,0,0,0,0
4427,2022,Gujarat,24,Morbi,673,Morbi,5,0,5,0,0,0,8,4,0,,0,0,0,0,1,0,0,0,8,20,0,0,4,0,0,0,0,0,0,0,0,0,0,4,0,35,6,0,0,0,0,0
4428,2022,Gujarat,24,Narmada,452,Narmada,0,0,5,0,0,0,4,1,0,,0,0,0,0,0,0,0,0,3,3,0,0,5,0,0,2,0,0,0,0,0,0,0,1,0,32,2,2,0,0,0,0
4429,2022,Gujarat,24,Navsari,453,Navsari,0,0,0,0,0,0,16,3,0,,0,0,0,0,0,0,0,0,6,6,0,0,1,1,1,0,0,0,0,0,0,0,0,0,0,19,2,0,0,0,0,0
4430,2022,Gujarat,24,Panch Mahals,454,Panchmahal,1,0,17,0,0,0,33,8,0,,0,0,0,0,0,0,0,0,16,38,0,0,13,0,0,0,0,0,0,0,0,1,1,0,0,88,0,0,0,0,0,0
4431,2022,Gujarat,24,Patan,455,Patan,0,0,6,0,0,0,24,8,0,,0,0,0,0,1,0,0,0,10,3,0,0,20,0,0,0,0,0,0,0,0,3,0,0,0,55,1,0,0,0,0,0
4432,2022,Gujarat,24,Porbandar,456,Porbandar,0,0,2,0,0,0,9,2,0,,0,0,0,0,1,0,0,0,6,8,0,0,8,1,0,0,0,0,0,0,0,0,0,1,4,19,0,0,0,0,0,0
4433,2022,Gujarat,24,Rajkot,457,Rajkot City,0,1,20,0,0,0,151,14,0,,16,0,0,0,0,0,0,0,29,0,0,0,21,0,0,0,0,0,9,0,0,0,0,2,0,75,5,2,0,0,0,0
4434,2022,Gujarat,24,Rajkot,457,Rajkot Rural,0,0,10,0,0,0,85,1,0,,0,0,0,0,1,0,0,0,10,22,0,0,11,0,0,3,0,0,0,0,0,0,0,0,0,54,3,0,0,0,0,0
4435,2022,Gujarat,24,Sabar Kantha,458,Sabarkantha,1,0,6,0,0,0,42,8,0,,13,0,0,0,1,0,0,0,14,6,0,0,35,0,0,2,0,0,0,0,0,0,0,0,0,52,1,4,1,0,0,0
4436,2022,Gujarat,24,Surat,459,Surat City,2,2,22,0,0,0,274,167,0,,0,0,0,0,1,1,0,0,52,0,0,0,61,0,1,0,0,0,0,0,0,0,0,0,2,150,58,4,0,0,0,0
4437,2022,Gujarat,24,Surat,459,Surat Rural,1,0,5,0,0,0,25,13,0,,0,0,0,0,1,0,0,0,21,16,0,0,10,0,0,0,0,0,0,0,0,0,0,1,1,64,4,0,0,0,0,0
4438,2022,Gujarat,24,Surendranagar,460,Surendranagar,0,0,10,0,0,0,8,0,0,,0,0,0,0,0,0,0,0,13,23,0,0,7,0,0,4,0,0,0,0,0,0,0,1,0,57,0,0,0,0,0,0
4439,2022,Gujarat,24,Tapi,641,Tapi,0,0,0,1,0,0,3,1,0,,0,0,0,0,0,0,0,0,3,2,0,0,1,0,0,0,0,0,0,0,0,0,0,0,0,6,1,0,0,0,0,0
4440,2022,Gujarat,24,Vadodara,461,Vadodara City,0,1,5,1,0,0,70,10,0,,0,0,1,0,1,1,0,0,18,6,0,0,31,0,0,0,0,0,1,2,0,0,0,3,0,44,17,6,0,0,0,0
4441,2022,Gujarat,24,Vadodara,461,Vadodara Rural,0,0,6,0,0,0,24,8,0,,0,1,0,0,0,0,0,0,16,12,0,0,11,0,0,6,0,0,0,0,0,0,0,1,0,47,0,0,1,0,0,0
4442,2022,Gujarat,24,Valsad,462,Valsad,0,1,4,0,0,0,7,14,0,,0,0,0,0,0,0,0,0,10,3,0,0,4,0,1,0,0,0,0,0,0,0,0,1,0,36,1,0,0,0,0,0
4443,2022,Gujarat,24,Ahmadabad,438,Cyber Ahmedabad Range,0,0,0,0,0,0,0,0,0,,0,0,0,0,0,0,0,0,0,0,0,0,1,0,4,0,0,0,0,0,0,0,0,4,0,0,0,2,0,0,0,0
4444,2022,Gujarat,24,Bhavnagar,443,Cyber Bhavnagar Range,0,0,0,0,0,0,0,0,0,,0,0,0,0,0,0,0,0,0,0,0,0,0,0,0,0,0,0,0,0,0,0,0,0,0,0,0,0,0,0,0,0
4445,2022,Gujarat,24,Kachchh,449,Cyber Border Range,0,0,0,0,0,0,0,0,0,,0,0,0,0,0,0,0,0,0,0,0,0,0,0,0,0,0,0,0,0,0,0,0,0,0,0,0,0,0,0,0,0
4446,2022,Gujarat,24,Gandhinagar,446,Cyber Gandhinagar Range,0,0,0,0,0,0,0,0,0,,0,0,0,0,0,0,0,0,0,0,0,0,0,0,1,0,0,0,0,0,0,0,0,0,0,0,0,0,0,0,0,0
4447,2022,Gujarat,24,Junagadh,448,Cyber Junagadh Range,0,0,0,0,0,0,0,0,0,,0,0,0,0,0,0,0,0,0,0,0,0,0,0,0,0,0,0,0,0,0,0,0,1,0,0,0,0,0,0,0,0
4448,2022,Gujarat,24,Panch Mahals,454,Cyber Panchmahal Range,0,0,0,0,0,0,0,0,0,,0,0,0,0,0,0,0,0,0,0,0,0,0,0,0,0,0,0,0,0,0,0,0,0,0,0,0,0,0,0,0,0
4449,2022,Gujarat,24,Rajkot,457,Cyber Rajkot Range,0,0,0,0,0,0,0,0,0,,0,0,0,0,0,0,0,0,0,0,0,0,0,0,0,0,0,0,0,0,0,0,0,1,0,0,0,0,0,0,0,0
4450,2022,Gujarat,24,Surat,459,Cyber Surat Range,0,0,0,0,0,0,0,0,0,,0,0,0,0,0,0,0,0,0,0,0,0,0,0,1,0,0,0,0,0,0,0,0,1,0,0,0,0,0,0,0,0
4451,2022,Gujarat,24,Vadodara,461,Cyber Vadodara Range,0,0,0,0,0,0,0,0,0,,0,0,0,0,0,0,0,0,0,0,0,0,0,0,0,0,0,0,0,0,0,0,0,0,0,0,0,0,0,0,0,0
4452,2022,Haryana,6,Ambala,58,Ambala,0,9,9,1,0,0,327,0,0,,47,0,49,0,44,2,0,0,83,0,0,0,118,0,11,0,0,2,0,0,0,0,0,0,2,59,26,28,0,0,0,0
4453,2022,Haryana,6,Bhiwani,59,Bhiwani,0,8,8,0,0,0,420,0,0,,28,0,26,0,2,0,0,0,57,4,19,0,105,0,8,0,0,0,0,1,0,0,0,1,1,43,34,4,0,1,1,0
4454,2022,Haryana,6,Faridabad,60,Faridabad,3,26,14,0,0,0,408,175,0,,32,0,155,0,5,1,0,0,159,5,14,0,109,0,16,0,1,0,0,0,0,0,0,6,0,125,58,5,0,0,0,0
4455,2022,Haryana,6,Fatehabad,61,Fatehabad,0,3,6,0,0,0,125,1,0,,2,0,21,0,7,0,0,0,43,28,4,0,71,0,7,0,0,0,0,0,0,1,0,0,1,34,34,0,0,0,0,0
4456,2022,Haryana,6,Ambala,58,Grp,1,6,4,0,0,0,0,0,0,,0,0,1,0,0,0,0,0,0,1,0,0,12,0,0,0,0,0,0,0,0,0,0,0,0,0,0,0,0,0,0,0
4457,2022,Haryana,6,Gurugram,62,Gurugram,1,15,9,0,0,0,458,76,0,,23,0,67,0,12,1,0,0,191,46,4,0,207,0,68,0,3,0,0,4,0,0,0,14,0,107,30,22,0,1,0,0
4458,2022,Haryana,6,Hisar,63,Hissar,0,4,7,0,0,0,287,0,0,,13,0,71,0,4,0,0,0,106,0,0,0,283,0,33,0,0,0,0,0,0,0,0,0,0,63,39,23,0,2,0,0
4459,2022,Haryana,6,Jhajjar,64,Jhajjar,0,17,6,1,0,0,294,0,0,,14,0,29,0,55,0,0,0,50,11,14,0,76,0,19,0,0,3,0,0,0,0,0,5,0,41,10,12,0,3,0,0
4460,2022,Haryana,6,Jind,65,Jind,0,11,10,0,0,0,207,0,0,,50,0,34,0,6,0,0,0,47,0,12,0,84,0,5,0,0,0,0,0,0,0,0,0,0,48,29,5,0,3,0,0
4461,2022,Haryana,6,Kaithal,66,Kaithal,2,6,8,2,1,0,132,0,0,,83,0,45,0,28,1,0,0,44,0,3,0,72,0,2,0,0,0,0,0,0,1,0,4,1,30,11,7,0,1,0,0
4462,2022,Haryana,6,Karnal,67,Karnal,1,19,15,4,2,0,341,2,0,,44,0,67,0,19,0,0,0,128,0,42,0,177,0,32,0,2,0,0,0,0,3,1,8,0,99,35,8,1,0,0,0
4463,2022,Haryana,6,Kurukshetra,68,Kurukshetra,0,3,11,1,0,0,297,0,0,,45,0,0,0,50,0,0,0,93,53,18,0,176,0,9,0,2,0,0,0,0,3,0,0,0,52,40,0,0,0,0,0
4464,2022,Haryana,6,Mahendragarh,69,Mahendergarh,0,7,3,0,0,0,95,1,0,,16,0,20,0,5,0,0,0,39,0,1,0,67,0,13,0,0,1,1,3,0,0,0,5,0,21,16,2,0,2,0,0
4465,2022,Haryana,6,Nuh,604,Nuh,0,11,1,0,0,0,93,1,0,,5,0,33,0,21,1,0,0,71,28,9,0,73,0,0,0,0,0,0,0,0,0,0,0,3,58,19,1,0,0,0,0
4466,2022,Haryana,6,Palwal,619,Palwal,0,22,26,2,2,0,218,8,2,,33,0,59,0,5,0,0,0,64,0,18,0,178,0,7,0,2,0,0,0,0,0,0,7,0,60,42,6,0,2,0,0
4467,2022,Haryana,6,Panchkula,70,Panchkula,0,1,3,1,0,0,130,0,0,,0,0,18,0,65,0,0,0,40,4,7,0,62,0,9,0,0,2,0,0,0,0,0,1,4,42,5,3,0,1,0,0
4468,2022,Haryana,6,Panipat,71,Panipat,0,6,6,0,0,0,384,1,0,,128,0,35,0,170,0,0,0,108,87,12,0,188,0,18,0,2,0,0,0,0,0,0,3,2,75,34,12,0,0,0,0
4469,2022,Haryana,6,Rewari,72,Rewari,0,10,10,0,0,0,203,11,0,,16,0,22,0,3,0,0,0,49,10,3,0,73,0,15,0,0,0,0,0,0,5,0,0,0,50,24,0,0,0,0,0
4470,2022,Haryana,6,Rohtak,73,Rohtak,0,9,8,0,0,0,251,0,0,,19,0,14,0,86,0,0,0,78,0,13,0,133,0,5,0,1,0,0,0,0,0,0,3,4,43,28,13,0,0,0,0
4471,2022,Haryana,6,Sirsa,74,Sirsa,0,5,6,0,1,0,287,0,0,,33,0,70,0,4,1,0,0,64,0,7,0,75,0,9,0,0,0,1,0,0,0,0,2,0,45,31,0,0,3,0,0
4472,2022,Haryana,6,Sonipat,75,Sonipat,0,16,8,1,0,0,383,0,0,,53,0,57,0,123,1,0,0,130,0,25,0,220,0,10,0,0,0,0,0,0,0,0,1,0,53,36,0,0,0,0,0
4473,2022,Haryana,6,Yamunanagar,76,Yamunanagar,0,11,15,1,0,0,346,0,0,,47,0,0,0,90,2,0,0,105,25,17,0,84,0,9,0,0,0,0,0,0,0,0,8,0,78,31,4,0,0,0,0
4474,2022,Haryana,6,Charki Dadri,701,Charkhi Dadri,0,5,3,0,0,0,88,0,0,,2,0,12,0,5,0,0,0,16,0,8,0,35,0,10,0,0,0,0,0,0,2,0,1,0,19,10,6,0,0,0,0
4475,2022,Haryana,6,Hisar,63,Hansi,0,4,6,0,0,0,109,0,0,,6,0,13,0,2,0,0,0,22,0,4,0,61,1,7,0,4,0,0,0,0,0,0,2,1,19,19,5,0,0,0,0
4476,2022,Himachal Pradesh,2,Solan,25,Baddi,0,0,3,0,0,0,11,15,1,,0,0,0,0,0,0,0,0,12,0,0,24,15,0,1,7,0,1,0,0,0,0,0,1,0,0,0,0,0,0,0,0
4477,2022,Himachal Pradesh,2,Bilaspur,15,Bilaspur,0,0,7,0,0,0,18,18,0,,1,0,0,0,0,0,0,0,5,0,1,8,29,0,4,3,0,0,0,0,0,0,0,0,0,0,0,0,0,0,0,0
4478,2022,Himachal Pradesh,2,Chamba,16,Chamba,0,0,1,0,0,0,16,0,0,,2,0,0,0,0,0,0,0,9,21,0,16,29,0,4,3,0,0,0,0,0,0,0,0,1,0,0,0,0,0,0,0
4479,2022,Himachal Pradesh,2,Shimla,23,Cid,0,0,0,0,0,0,0,0,0,,0,0,0,0,0,0,0,0,0,0,0,0,0,0,0,0,0,0,0,0,0,0,0,0,0,0,0,0,0,0,0,0
4480,2022,Himachal Pradesh,2,Shimla,23,Grp,0,0,0,0,0,0,0,0,0,,0,0,0,0,0,0,0,0,0,0,0,0,0,0,0,0,0,0,0,0,0,0,0,0,0,0,0,0,0,0,0,0
4481,2022,Himachal Pradesh,2,Hamirpur,17,Hamirpur,0,0,4,0,0,0,13,0,0,,2,0,0,0,0,0,0,0,2,17,1,4,39,0,12,2,0,0,0,0,0,0,0,3,0,0,0,0,0,0,0,0
4482,2022,Himachal Pradesh,2,Kangra,18,Kangra,0,1,15,0,0,0,38,46,0,,2,0,1,0,1,0,0,0,31,3,2,22,85,3,12,16,0,0,0,0,0,0,0,3,0,0,2,0,0,0,0,0
4483,2022,Himachal Pradesh,2,Kinnaur,19,Kinnaur,0,0,0,0,0,0,3,0,0,,0,0,3,0,7,0,0,0,3,0,0,8,5,0,0,2,0,0,0,0,0,0,1,2,0,0,0,0,0,0,0,0
4484,2022,Himachal Pradesh,2,Kullu,20,Kullu,0,0,0,0,0,0,5,29,0,,0,0,0,0,2,0,0,0,12,0,0,18,26,1,10,5,0,0,0,0,0,0,0,2,0,0,1,0,0,0,0,0
4485,2022,Himachal Pradesh,2,Mandi,22,Mandi,0,0,10,0,0,0,29,0,0,,3,0,0,0,0,0,0,0,24,32,1,33,61,0,11,14,0,0,0,0,0,0,0,6,0,0,2,0,0,0,0,0
4486,2022,Himachal Pradesh,2,Shimla,23,Shimla,0,0,1,0,0,0,14,0,0,,0,0,0,0,0,0,0,0,14,37,0,24,40,0,10,6,0,0,0,0,0,1,0,0,0,0,0,0,0,0,0,0
4487,2022,Himachal Pradesh,2,Sirmaur,24,Sirmaur,2,0,3,0,0,0,21,22,0,,3,1,0,0,1,0,0,0,21,1,0,27,42,0,2,12,0,0,0,0,0,0,0,1,0,0,0,0,0,0,0,0
4488,2022,Himachal Pradesh,2,Solan,25,Solan,0,0,2,0,0,0,4,34,0,,1,0,0,0,0,0,0,0,6,0,0,11,10,0,4,9,0,0,0,0,0,1,1,1,2,0,0,0,0,0,0,0
4489,2022,Himachal Pradesh,2,Una,26,Una,0,0,8,0,0,0,24,16,0,,1,0,0,0,0,0,0,0,6,4,0,18,23,0,5,8,1,0,0,0,0,0,0,2,0,0,0,0,0,0,0,0
4490,2022,Himachal Pradesh,2,Shimla,23,Cyber,0,0,0,0,0,0,0,0,0,,0,0,0,0,0,0,0,0,0,0,0,0,0,0,0,0,0,0,0,0,0,0,0,0,0,0,0,0,0,0,0,0
4491,2022,Jharkhand,20,Bokaro,322,Bokaro,0,13,0,0,0,0,64,0,0,,0,0,0,0,0,0,0,0,60,81,0,0,79,0,0,0,106,0,0,0,0,0,0,0,0,45,0,0,0,0,0,0
4492,2022,Jharkhand,20,West Singhbhum,343,Chaibasa,0,0,1,0,0,0,11,8,0,,4,0,0,0,1,2,0,0,40,0,3,0,20,0,0,0,14,0,0,0,0,0,0,0,0,35,0,0,0,0,0,0
4493,2022,Jharkhand,20,Chatra,323,Chatra,0,11,0,0,1,0,11,0,0,,0,0,0,0,24,1,0,0,25,19,4,0,13,0,0,0,44,0,0,0,0,0,0,0,0,18,0,0,0,0,0,0
4494,2022,Jharkhand,20,Deoghar,324,Deoghar,0,14,0,0,0,0,40,14,0,,25,0,22,0,0,0,0,0,38,9,0,17,121,0,0,0,165,0,0,0,0,0,0,0,0,2,2,0,0,0,0,0
4495,2022,Jharkhand,20,Dhanbad,325,Dhanbad,0,15,0,0,0,0,62,0,0,,35,0,0,0,0,0,0,0,69,0,12,8,108,0,0,4,167,0,0,0,0,0,0,0,0,4,76,34,0,0,0,0
4496,2022,Jharkhand,20,Dhanbad,325,Dhanbad Railway,0,0,0,0,0,0,0,0,0,,0,0,0,0,0,0,0,0,0,0,0,0,2,0,0,0,0,0,0,0,0,0,0,0,0,0,0,0,0,0,0,0
4497,2022,Jharkhand,20,Dumka,326,Dumka,0,8,4,0,1,0,7,16,0,,0,0,0,0,0,3,0,0,34,21,4,0,36,0,0,0,35,0,0,0,0,0,0,3,0,24,18,0,0,0,0,0
4498,2022,Jharkhand,20,Garhwa,328,Garhwa,0,21,0,0,0,0,59,0,0,,33,0,43,0,0,1,0,0,36,0,0,0,70,0,0,0,62,0,0,0,0,0,0,0,0,59,12,4,0,0,0,0
4499,2022,Jharkhand,20,Giridih,329,Giridih,0,35,0,0,0,0,74,0,0,,80,0,85,0,0,3,0,0,66,40,3,33,0,0,0,44,115,0,0,0,0,0,0,0,0,10,0,0,0,0,0,0
4500,2022,Jharkhand,20,Godda,330,Godda,4,5,1,0,0,1,38,8,0,,35,0,50,0,0,2,1,0,48,0,2,0,162,0,0,0,127,0,0,0,0,0,0,0,0,24,0,0,0,0,0,0
4501,2022,Jharkhand,20,Gumla,331,Gumla,0,2,7,0,0,0,11,32,0,,11,0,0,0,0,2,0,0,54,0,0,52,13,0,0,3,29,0,0,0,0,0,0,0,0,52,0,0,0,0,0,0
4502,2022,Jharkhand,20,Hazaribagh,332,Hazaribagh,1,20,8,0,0,0,61,0,0,,25,0,8,0,2,0,0,0,61,21,27,0,38,0,0,1,122,0,0,0,0,0,0,0,0,26,36,0,0,0,0,0
4503,2022,Jharkhand,20,East Singhbum,327,Jamshedpur,0,9,2,0,0,0,74,5,0,,117,0,0,0,0,0,0,0,77,0,7,0,48,0,0,0,130,0,0,0,0,3,0,0,0,25,0,0,0,0,0,0
4504,2022,Jharkhand,20,East Singhbum,327,Jamshedpur Railway,0,0,0,0,0,0,0,1,0,,0,0,0,0,0,0,0,0,0,0,0,0,2,0,0,0,0,0,0,0,0,0,0,0,0,0,1,1,0,0,0,0
4505,2022,Jharkhand,20,Jamtara,333,Jamtara,0,5,0,0,0,0,21,2,0,,5,0,10,0,0,0,0,0,12,0,2,0,21,0,0,0,37,0,0,0,0,0,0,0,0,28,0,0,0,0,0,8
4506,2022,Jharkhand,20,Khunti,606,Khunti,0,0,0,0,0,0,16,0,0,,0,0,0,0,0,0,0,0,26,0,0,0,6,0,0,0,10,0,0,0,0,0,0,0,0,23,5,0,0,0,0,0
4507,2022,Jharkhand,20,Koderma,334,Koderma,0,7,0,0,0,0,18,0,0,,9,0,12,0,0,0,0,0,46,2,0,0,60,0,0,0,13,0,0,0,0,0,12,0,0,10,21,0,0,0,0,0
4508,2022,Jharkhand,20,Latehar,335,Latehar,0,1,5,0,0,0,17,5,0,,26,0,0,0,0,4,0,0,36,0,1,0,35,0,0,0,26,0,0,0,0,0,0,0,1,20,5,0,0,0,1,0
4509,2022,Jharkhand,20,Lohardaga,336,Lohardagga,0,1,4,0,0,0,8,3,0,,22,0,0,0,0,0,0,0,32,6,0,0,22,0,0,0,41,0,0,0,0,0,0,0,0,13,0,0,0,0,0,0
4510,2022,Jharkhand,20,Pakur,337,Pakur,0,0,0,0,0,0,38,0,0,,3,0,25,0,0,0,0,0,50,0,5,0,19,0,0,0,112,0,0,0,0,0,0,0,0,13,0,0,0,0,0,0
4511,2022,Jharkhand,20,Palamu,338,Palamu,0,14,8,0,0,0,35,7,4,,20,0,48,0,19,0,0,0,59,0,9,0,83,0,1,8,118,0,0,0,0,0,55,7,0,32,13,1,0,0,0,0
4512,2022,Jharkhand,20,Ramgarh,607,Ramgarh,0,10,0,0,0,0,12,3,0,,25,0,0,0,4,0,0,0,20,0,3,0,15,0,1,0,47,0,0,0,0,0,0,0,0,17,6,1,0,6,1,0
4513,2022,Jharkhand,20,Ranchi,339,Ranchi,2,12,0,0,0,0,114,0,0,,10,0,0,0,0,0,0,0,140,16,0,50,71,0,0,0,142,0,0,0,0,0,0,0,0,50,0,0,0,0,0,0
4514,2022,Jharkhand,20,Sahebganj,340,Sahebganj,0,4,0,0,0,0,29,18,0,,29,0,12,0,0,0,0,0,47,0,0,0,21,0,0,0,90,0,0,0,0,0,0,0,0,0,0,0,46,0,0,0
4515,2022,Jharkhand,20,Saraikela Kharsawan,341,Saraikela,0,1,0,0,0,0,20,0,1,,2,0,6,0,0,0,0,0,15,0,6,0,19,0,0,0,44,0,0,0,0,0,0,0,0,16,4,0,0,0,0,0
4516,2022,Jharkhand,20,Simdega,342,Simdega,0,0,0,0,0,0,10,0,0,,25,0,0,0,0,5,0,0,23,0,0,24,0,0,0,0,0,0,0,0,0,0,0,0,0,24,0,0,0,0,0,0
4517,2022,Karnataka,29,Bagalkote,524,Bagalkot,0,2,9,0,0,0,34,27,0,,0,0,1,0,0,0,0,0,12,0,0,0,159,0,0,0,29,0,0,0,0,0,0,3,0,34,0,0,1,7,0,0
4518,2022,Karnataka,29,Bengaluru Urban,525,Bengaluru City,0,29,87,0,5,2,584,602,3,,3,0,1,0,3,7,0,0,151,0,0,0,757,0,29,0,964,45,74,18,3,15,0,73,0,371,87,4,4,1,1,0
4519,2022,Karnataka,29,Bengaluru Urban,525,Bengaluru District,0,14,15,0,0,0,149,194,0,,0,0,0,0,0,0,0,0,21,0,0,0,156,0,2,0,34,0,0,0,0,5,0,16,0,53,43,7,0,0,0,0
4520,2022,Karnataka,29,Belagavi,527,Belagavi District,0,3,11,0,0,0,127,74,0,,0,0,0,0,0,0,0,0,22,0,0,0,276,0,0,0,17,0,0,0,0,1,0,14,0,95,22,8,0,1,0,0
4521,2022,Karnataka,29,Ballari,528,Ballari,0,1,0,0,0,0,65,28,0,,0,0,0,0,0,0,0,0,9,0,0,0,81,0,0,0,45,0,0,0,0,1,0,2,0,26,13,0,0,2,0,0
4522,2022,Karnataka,29,Bidar,529,Bidar,0,4,8,0,0,0,110,2,0,,2,0,1,0,5,0,0,0,11,0,1,0,54,0,0,0,26,0,3,0,0,1,0,2,0,40,3,8,0,0,0,1
4523,2022,Karnataka,29,Vijayapura,530,Vijayapura,0,3,0,4,0,0,107,57,0,,0,0,0,0,0,0,0,0,20,0,0,0,140,0,2,0,8,0,1,0,0,0,0,9,0,36,17,0,0,0,0,0
4524,2022,Karnataka,29,Chikkaballapura,630,Chikkaballapura,0,11,13,1,0,0,51,2,0,,0,0,0,0,0,1,0,0,9,1,0,0,146,0,1,0,36,0,0,0,0,0,0,0,0,116,0,22,0,0,0,0
4525,2022,Karnataka,29,Chamarajanagara,531,Chamarajnagar,0,1,3,0,0,0,19,0,0,,1,0,0,0,2,0,0,0,9,0,0,0,155,0,2,0,29,0,0,0,0,0,0,0,0,29,12,7,0,0,0,0
4526,2022,Karnataka,29,Chikkamagaluru,532,Chikkamagaluru,1,4,6,0,0,0,43,0,0,,1,0,0,0,0,0,0,0,6,0,0,0,223,0,0,0,40,0,0,2,0,0,0,0,0,74,38,6,1,3,0,0
4527,2022,Karnataka,29,Chitradurga,533,Chitradurga,0,7,13,0,0,0,72,1,0,,2,0,1,0,1,0,0,0,12,0,0,0,383,0,4,0,47,1,0,0,0,0,0,1,0,53,36,0,0,7,0,0
4528,2022,Karnataka,29,Dakshina Kannada,534,Dakshina Kannada,0,0,2,0,0,0,31,12,0,,0,0,0,0,0,0,0,0,10,0,0,0,57,0,2,0,4,0,0,0,0,0,0,5,1,41,7,17,0,0,0,0
4529,2022,Karnataka,29,Davangere,535,Davanagere,2,7,9,0,0,0,59,65,0,,3,0,0,0,0,0,0,0,17,0,1,0,218,0,1,0,93,1,0,0,0,0,0,3,0,63,23,8,0,0,0,0
4530,2022,Karnataka,29,Dharwad,536,Dharwad,0,0,1,0,0,0,42,0,0,,0,0,0,0,0,0,0,0,3,0,1,0,47,0,0,0,5,0,0,0,0,0,0,1,0,20,6,7,0,0,0,0
4531,2022,Karnataka,29,Gadag,537,Gadag,1,2,4,0,0,0,23,0,0,,1,0,0,0,0,0,0,0,7,0,0,0,56,0,1,0,5,0,0,0,0,0,0,3,0,31,1,2,0,0,0,0
4532,2022,Karnataka,29,Kalaburagi,538,Kalaburgi,1,3,10,1,0,0,101,27,0,,0,0,2,0,0,0,0,0,12,0,0,0,116,0,0,1,3,1,0,0,0,0,0,1,0,47,4,4,0,0,0,0
4533,2022,Karnataka,29,Hassan,539,Hassan,0,5,9,0,0,0,50,49,0,,1,0,1,0,15,0,0,0,13,0,0,0,273,0,0,0,78,0,0,0,0,0,0,4,0,109,43,0,0,0,0,0
4534,2022,Karnataka,29,Haveri,540,Haveri,0,4,6,0,0,0,36,54,0,,0,0,0,0,4,0,0,0,13,0,0,0,112,0,0,0,31,0,0,0,0,0,0,0,0,63,10,4,1,0,0,0
4535,2022,Karnataka,29,Dharwad,536,Hubballi Dharwad City,0,2,4,0,0,0,87,0,0,,0,0,2,0,3,0,0,0,10,0,0,0,55,0,0,0,0,1,0,0,0,5,0,9,0,23,13,3,0,0,0,0
4536,2022,Karnataka,29,Belagavi,527,K.G.F.,0,1,3,0,0,0,13,8,0,,0,0,0,0,0,0,0,0,5,0,0,0,39,0,0,0,17,0,0,0,0,0,0,4,0,26,3,1,0,0,0,0
4537,2022,Karnataka,29,Kodagu,541,Kodagu,0,0,3,0,0,0,24,23,0,,0,0,0,0,4,0,0,0,8,0,0,0,53,0,1,0,2,0,0,0,0,0,0,2,0,57,5,4,0,0,0,0
4538,2022,Karnataka,29,Kolar,542,Kolar,0,7,1,0,0,0,23,51,0,,1,0,0,0,0,0,0,0,12,0,0,0,129,0,1,0,36,0,0,0,0,0,0,3,0,60,5,4,0,0,0,0
4539,2022,Karnataka,29,Koppal,543,Koppal,0,4,2,1,0,0,96,30,0,,1,0,0,0,0,1,0,0,8,0,0,0,109,0,2,0,1,0,0,0,0,0,0,4,0,65,6,0,0,0,0,0
4540,2022,Karnataka,29,Mandya,544,Mandya,1,5,11,0,0,0,92,2,0,,3,0,0,0,0,0,0,0,10,0,0,0,342,0,2,0,39,3,0,0,0,0,0,0,0,67,30,1,0,1,0,1
4541,2022,Karnataka,29,Dakshina Kannada,534,Mangaluru City,0,3,4,0,0,0,32,2,0,,0,0,0,0,0,3,0,0,12,0,0,0,83,0,4,0,17,0,0,0,0,2,0,8,0,41,23,3,0,0,0,0
4542,2022,Karnataka,29,Mysuru,545,Mysuru City,0,3,7,0,0,0,43,44,0,,0,0,0,0,0,0,0,0,15,1,0,0,81,0,3,0,119,0,0,0,0,0,0,5,0,34,20,0,0,0,0,0
4543,2022,Karnataka,29,Mysuru,545,Mysuru District,0,8,6,0,0,0,97,0,0,,0,0,1,0,0,0,0,0,22,0,0,0,284,0,4,0,23,7,0,0,0,0,0,9,0,79,14,42,0,0,0,0
4544,2022,Karnataka,29,Raichur,546,Raichur,0,6,7,0,0,0,115,25,0,,0,0,0,0,0,0,0,0,24,0,0,0,217,0,0,0,60,0,3,0,0,0,0,6,0,45,0,7,0,0,0,0
4545,2022,Karnataka,29,Bengaluru Urban,525,K.Railways,0,0,0,0,0,0,3,0,0,,0,0,0,0,0,0,0,0,0,0,0,0,3,0,1,0,0,0,0,0,0,0,0,0,0,2,0,0,0,0,0,0
4546,2022,Karnataka,29,Ramanagara,631,Ramanagara,0,4,0,0,0,0,46,78,0,,2,0,1,0,0,0,0,0,14,0,0,0,291,0,1,0,68,0,0,0,0,2,0,5,0,69,23,0,0,0,0,0
4547,2022,Karnataka,29,Shivamogga,547,Shimoga,0,10,12,0,0,0,92,69,0,,0,0,0,0,2,0,0,0,23,0,0,0,327,0,1,0,90,0,0,0,0,2,0,6,0,146,18,11,4,3,0,0
4548,2022,Karnataka,29,Tumakuru,548,Tumakuru,0,4,0,1,0,0,65,107,0,,2,0,0,0,0,0,0,0,19,0,0,0,284,0,2,0,114,4,0,0,0,0,0,9,0,69,10,20,1,1,0,0
4549,2022,Karnataka,29,Udupi,549,Udupi,0,0,4,0,0,0,30,8,0,,0,0,0,0,0,0,0,0,10,0,0,0,72,0,4,0,21,0,0,1,0,1,0,14,0,46,19,1,0,0,0,0
4550,2022,Karnataka,29,Uttara Kannada,550,Uttara Kannada,0,1,6,0,0,0,21,33,0,,0,0,0,0,2,0,0,0,11,0,0,0,160,0,5,0,21,4,0,1,0,1,0,4,0,46,13,4,0,1,0,0
4551,2022,Karnataka,29,Yadgir,635,Yadgiri,0,1,0,0,0,0,32,16,0,,1,0,1,0,0,0,0,0,15,1,0,0,97,0,1,0,20,0,0,0,0,0,0,2,0,33,8,2,0,3,0,0
4552,2022,Karnataka,29,Belagavi,527,Belagavi City,0,2,7,0,0,0,88,17,0,,0,0,0,0,0,1,0,0,6,0,0,0,43,0,1,0,2,0,0,0,0,3,0,7,0,23,3,2,0,0,0,0
4553,2022,Karnataka,29,Kalaburagi,538,Kalaburgi City,1,3,4,5,0,0,53,0,0,,0,0,0,0,0,0,0,0,7,1,1,0,41,0,0,0,50,0,3,0,0,0,0,0,0,14,0,3,0,0,0,0
4554,2022,Kerala,32,Alappuzha,554,Alapuzha,0,0,6,0,1,0,201,5,0,,0,0,0,0,2,0,0,0,35,1,0,0,261,0,24,0,0,0,0,0,0,0,22,2,1,85,97,16,2,0,0,0
4555,2022,Kerala,32,Ernakulam,555,Ernakulam Commissionerate,0,1,1,0,0,0,153,8,0,,0,6,0,0,1,0,0,0,97,0,2,0,271,0,60,56,0,0,0,0,0,0,8,10,0,72,4,1,2,1,0,0
4556,2022,Kerala,32,Ernakulam,555,Ernakulam Rural,2,0,0,0,1,0,329,19,0,,0,7,2,0,0,1,0,0,61,1,4,0,334,1,76,97,0,0,0,0,0,0,49,0,4,85,47,9,0,1,0,0
4557,2022,Kerala,32,Idukki,556,Idukki,0,1,3,0,0,0,101,7,0,,0,2,0,0,0,0,0,0,40,0,7,0,148,0,24,49,0,0,0,0,0,0,15,1,1,129,31,6,0,1,0,0
4558,2022,Kerala,32,Kannur,557,Kannur City,0,0,1,0,0,0,161,1,0,,0,0,0,0,0,0,0,0,21,0,0,0,92,0,10,0,0,0,0,0,0,0,2,2,0,20,55,4,1,0,0,0
4559,2022,Kerala,32,Kasaragod,558,Kasargod,0,0,2,0,0,0,136,2,0,,0,0,0,0,0,0,0,0,26,0,0,0,89,0,16,0,0,0,0,0,0,1,3,4,0,77,51,7,1,0,0,0
4560,2022,Kerala,32,Kollam,559,Kollam Commissionerate,0,1,2,0,0,0,364,4,0,,2,0,0,0,0,6,0,0,28,0,0,0,189,0,21,0,0,0,0,0,0,1,30,1,0,60,75,25,0,0,0,0
4561,2022,Kerala,32,Kollam,559,Kollam Rural,0,0,11,0,1,0,220,7,0,,0,0,0,0,0,0,0,0,23,0,3,0,242,0,21,0,0,0,0,0,0,0,23,5,2,105,82,12,6,1,0,0
4562,2022,Kerala,32,Kottayam,560,Kottayam,0,1,1,0,0,0,153,20,0,,1,3,2,0,0,0,0,0,44,0,1,0,235,0,28,74,0,0,0,0,0,0,10,3,0,81,14,3,0,0,1,0
4563,2022,Kerala,32,Kozhikode,561,Kozhikode Commissionerate,0,0,0,0,0,0,342,29,0,,0,2,2,0,0,1,0,0,42,0,2,0,154,0,35,82,0,0,0,0,0,1,14,0,1,47,4,1,0,0,0,0
4564,2022,Kerala,32,Kozhikode,561,Kozhikode Rural,0,0,1,0,0,0,406,20,0,,0,0,0,0,0,0,0,0,46,4,1,0,189,0,20,136,0,0,0,0,0,0,12,3,2,61,8,2,0,0,0,0
4565,2022,Kerala,32,Malappuram,562,Malappuram,0,1,12,0,0,0,624,17,0,,0,6,1,0,1,1,0,0,81,0,2,0,209,0,21,218,0,0,0,0,0,0,20,9,0,150,3,1,2,0,0,0
4566,2022,Kerala,32,Palakkad,563,Palakkad,0,0,2,0,0,0,315,21,0,,0,4,0,0,1,0,0,0,30,0,0,0,153,0,16,121,0,0,0,0,0,0,14,27,0,134,2,2,0,1,0,0
4567,2022,Kerala,32,Pathanamthitta,564,Pathanamthitta,0,2,5,0,1,0,104,11,0,,1,0,0,0,0,0,0,0,34,0,2,0,178,0,29,0,27,0,0,0,0,0,20,1,0,114,57,3,1,1,0,0
4568,2022,Kerala,32,Thiruvananthapuram,565,Railways,0,0,0,0,0,0,0,1,0,,0,0,0,0,0,4,0,0,0,0,0,0,46,0,14,0,0,0,0,0,0,0,0,0,0,5,3,0,0,0,0,0
4569,2022,Kerala,32,Thrissur,566,Thrissur Rural,0,1,1,0,0,0,263,10,0,,0,4,0,0,0,0,0,0,33,0,2,0,183,0,25,49,0,0,0,0,0,0,17,3,0,55,74,21,3,4,0,0
4570,2022,Kerala,32,Thiruvananthapuram,565,Trivandrum Commissionerate,0,0,0,0,0,0,116,8,0,,0,0,0,0,0,0,0,0,40,0,2,0,198,0,22,2,1,0,0,0,0,3,21,29,0,58,73,11,7,0,0,0
4571,2022,Kerala,32,Thiruvananthapuram,565,Trivandrum Rural,0,3,12,0,0,0,313,8,0,,0,0,0,0,0,0,0,0,43,1,9,0,467,0,17,0,0,0,0,0,0,0,58,9,0,203,179,19,1,0,0,0
4572,2022,Kerala,32,Wayanad,567,Wayanadu,0,0,1,0,0,0,216,7,0,,1,0,0,0,0,0,0,0,32,0,0,0,124,0,11,28,0,0,0,0,0,1,1,11,0,81,50,5,0,0,0,0
4573,2022,Kerala,32,Thiruvananthapuram,565,Crime Branch,0,0,0,0,0,0,0,0,0,,0,0,0,0,0,0,0,0,0,0,0,0,0,0,0,0,0,0,0,0,0,0,0,0,0,0,0,0,0,0,0,0
4574,2022,Kerala,32,Kannur,557,Kannur Rural,0,0,2,0,0,0,126,2,0,,1,1,0,0,1,11,0,0,11,0,0,0,75,0,12,1,0,0,0,0,0,0,1,1,0,25,53,18,0,0,0,0
4575,2022,Madhya Pradesh,23,Agar-Malwa,667,Agar,0,0,2,0,0,0,76,7,0,,0,0,0,0,0,0,0,0,16,0,0,0,45,0,1,0,0,0,0,0,0,0,0,0,0,15,12,0,0,0,0,0
4576,2022,Madhya Pradesh,23,Alirajpur,639,Alirajpur,0,0,14,0,0,0,7,25,0,,2,0,0,0,0,0,0,0,31,0,0,0,22,0,0,0,0,0,0,0,0,0,0,0,0,64,3,0,0,0,0,0
4577,2022,Madhya Pradesh,23,Anuppur,390,Anuppur,1,2,10,0,0,0,85,99,0,,0,0,1,0,1,0,0,0,40,2,0,0,68,0,1,0,1,0,0,0,0,0,0,0,0,49,27,0,0,0,0,0
4578,2022,Madhya Pradesh,23,Ashoknagar,391,Ashok Nagar,0,7,12,0,0,0,134,43,0,,0,0,0,0,0,1,0,0,20,0,0,0,94,0,4,0,0,0,0,0,0,0,0,0,0,66,38,0,0,0,0,0
4579,2022,Madhya Pradesh,23,Balaghat,392,Balaghat,2,1,3,0,0,0,136,171,0,,0,0,0,0,2,1,0,0,54,0,0,0,93,0,4,0,1,0,0,0,0,0,0,0,0,72,34,1,0,0,0,0
4580,2022,Madhya Pradesh,23,Barwani,393,Barwani,0,1,12,0,0,0,64,86,0,,12,0,0,0,0,0,0,0,46,0,0,0,120,0,9,0,2,0,0,0,0,0,0,0,0,80,37,0,0,0,0,0
4581,2022,Madhya Pradesh,23,Betul,394,Betul,0,9,10,0,0,0,40,0,0,,1,0,0,0,0,1,0,0,35,169,0,0,45,0,8,0,3,0,0,0,0,0,0,0,0,50,21,1,1,0,0,0
4582,2022,Madhya Pradesh,23,Bhind,395,Bhind,0,18,0,0,0,0,101,96,0,,0,0,0,0,0,1,0,0,32,0,0,0,48,0,4,0,0,0,0,0,0,0,0,0,0,16,23,0,0,0,0,0
4583,2022,Madhya Pradesh,23,Bhopal,396,Bhopal Railway,0,0,1,0,0,0,0,7,0,,0,0,0,0,0,0,0,0,1,0,0,0,19,0,0,0,1,0,0,0,0,0,0,0,0,2,2,0,0,0,0,0
4584,2022,Madhya Pradesh,23,Burhanpur,397,Burhanpur,0,2,6,0,0,0,120,67,0,,0,0,1,0,0,0,0,0,26,2,0,0,52,0,1,0,1,0,0,0,0,0,0,4,0,33,26,0,0,0,0,0
4585,2022,Madhya Pradesh,23,Chhatarpur,398,Chhatarpur,0,22,16,0,0,0,168,204,0,,0,0,0,0,0,1,0,0,46,32,2,0,126,0,2,0,2,0,0,0,0,0,0,0,0,70,49,5,0,0,0,0
4586,2022,Madhya Pradesh,23,Chhindwara,399,Chhindwara,13,9,12,3,0,0,71,158,0,,0,0,0,0,0,1,0,0,52,0,0,0,36,0,4,0,1,0,0,0,0,0,0,0,0,44,22,0,0,0,0,0
4587,2022,Madhya Pradesh,23,Damoh,400,Damoh,0,16,9,0,0,0,163,143,0,,0,0,0,0,0,0,0,0,27,0,1,0,84,0,3,0,3,0,0,0,0,0,0,0,0,11,35,0,0,0,0,0
4588,2022,Madhya Pradesh,23,Datia,401,Datia,1,15,5,0,0,0,69,58,0,,0,0,0,0,0,0,0,0,34,0,0,0,40,0,0,0,0,0,0,0,0,0,0,4,0,13,16,0,0,0,0,0
4589,2022,Madhya Pradesh,23,Dewas,402,Dewas,0,9,5,1,1,0,70,112,0,,0,0,1,0,3,0,0,0,45,14,1,0,145,0,3,0,0,0,0,0,0,0,10,0,0,120,45,0,0,0,0,0
4590,2022,Madhya Pradesh,23,Dhar,403,Dhar,0,12,35,0,0,0,201,338,0,,3,0,0,0,6,2,0,0,153,9,0,0,213,0,2,0,0,0,0,2,0,0,0,0,1,169,48,1,0,9,0,0
4591,2022,Madhya Pradesh,23,Dindori,404,Dindori,2,0,5,0,0,0,122,89,0,,1,0,0,0,0,0,0,0,36,0,1,0,48,0,2,0,0,0,0,0,0,0,0,0,0,41,20,1,0,0,0,0
4592,2022,Madhya Pradesh,23,Guna,406,Guna,2,4,14,0,0,0,83,0,0,,2,0,0,0,8,0,0,0,44,0,1,0,98,0,11,0,0,0,0,0,0,0,0,0,0,71,12,0,0,0,0,0
4593,2022,Madhya Pradesh,23,Gwalior,407,Gwalior,2,32,24,0,0,0,561,176,2,,3,0,0,0,3,1,0,2,193,12,1,0,222,0,10,0,7,3,0,0,0,0,0,0,6,120,87,0,0,0,0,0
4594,2022,Madhya Pradesh,23,Harda,408,Harda,0,2,9,0,0,0,92,78,0,,0,0,0,0,18,1,0,0,23,0,0,0,82,0,1,0,0,0,0,0,0,0,0,2,0,64,30,0,0,0,0,0
4595,2022,Madhya Pradesh,23,Indore,410,Indore Railway,0,1,0,0,0,0,0,2,0,,0,0,0,0,0,0,0,0,0,0,0,0,5,0,0,0,0,0,0,0,0,0,0,0,0,1,0,0,0,0,0,0
4596,2022,Madhya Pradesh,23,Jabalpur,411,Jabalpur,1,18,18,0,0,0,412,334,0,,4,1,0,0,0,1,0,0,164,5,0,0,303,0,16,0,12,0,0,0,0,0,0,0,0,144,117,1,0,0,0,0
4597,2022,Madhya Pradesh,23,Jabalpur,411,Jabalpur Railway,0,0,2,0,0,0,0,5,0,,0,0,0,0,1,1,0,0,3,0,0,0,8,0,0,0,0,0,0,0,0,0,0,0,0,3,1,0,0,0,0,0
4598,2022,Madhya Pradesh,23,Jhabua,412,Jhabua,0,0,18,0,0,0,22,183,0,,5,0,0,0,4,0,0,0,42,0,0,0,50,0,3,0,0,0,0,0,0,0,0,0,0,32,17,2,0,0,0,0
4599,2022,Madhya Pradesh,23,Katni,413,Katni,0,14,15,0,0,0,63,0,0,,0,0,0,0,0,0,0,0,35,211,0,0,59,0,6,0,0,0,0,0,0,0,0,0,0,14,38,0,0,0,0,0
4600,2022,Madhya Pradesh,23,Khandwa (East Nimar),405,Khandwa,0,3,4,3,0,0,91,128,0,,0,1,0,0,0,0,0,0,53,0,0,0,131,0,7,0,0,0,0,0,0,0,0,0,0,80,24,1,0,0,0,0
4601,2022,Madhya Pradesh,23,Khargone (West Nimar),414,Khargone,0,5,16,1,0,0,96,120,0,,3,0,0,0,0,2,0,0,59,0,1,0,143,0,11,0,4,0,0,0,0,0,0,0,0,212,53,0,0,0,0,0
4602,2022,Madhya Pradesh,23,Mandla,415,Mandla,2,3,9,0,0,0,70,153,0,,0,0,10,0,0,1,0,0,27,11,0,0,37,0,2,0,1,0,0,0,0,0,0,0,0,24,21,0,0,0,0,0
4603,2022,Madhya Pradesh,23,Mandsaur,416,Mandsaur,2,6,8,0,1,0,117,89,0,,0,0,0,0,0,2,0,0,29,0,0,0,98,0,3,0,0,0,0,0,0,0,0,0,0,61,43,0,0,0,0,0
4604,2022,Madhya Pradesh,23,Morena,417,Morena,0,23,19,5,0,0,279,83,0,,2,0,0,0,0,2,0,0,82,0,0,0,114,0,6,0,2,0,0,0,0,0,0,0,0,76,32,1,0,0,0,0
4605,2022,Madhya Pradesh,23,Narsimhapur,418,Narsinghpur,0,9,12,0,0,0,106,110,0,,1,0,0,0,2,0,0,0,62,0,1,0,130,0,5,0,0,0,0,0,0,0,0,4,0,67,44,0,0,0,0,0
4606,2022,Madhya Pradesh,23,Neemuch,419,Neemuch,0,4,5,0,0,0,165,51,0,,3,0,0,0,0,2,0,0,16,8,0,0,63,0,0,0,0,0,0,0,0,0,0,5,0,45,32,0,0,0,0,0
4607,2022,Madhya Pradesh,23,Panna,420,Panna,0,11,9,2,0,0,111,149,0,,0,0,0,0,0,0,0,0,46,0,0,0,70,0,2,0,3,0,0,0,0,0,0,0,0,13,35,0,0,0,0,0
4608,2022,Madhya Pradesh,23,Raisen,421,Raisen,0,8,11,0,1,0,160,234,0,,3,0,0,0,0,2,0,0,49,0,0,0,100,0,2,0,0,0,0,0,0,0,0,0,0,40,55,0,0,0,0,0
4609,2022,Madhya Pradesh,23,Rajgarh,422,Rajgarh,0,7,13,0,0,0,426,132,0,,0,0,0,0,0,0,0,0,70,0,1,0,166,0,3,0,0,0,0,0,0,0,0,0,0,28,89,0,0,0,0,0
4610,2022,Madhya Pradesh,23,Ratlam,423,Ratlam,0,3,19,0,0,0,180,188,0,,1,0,1,0,0,0,0,0,62,17,0,0,110,0,6,0,1,0,0,0,0,0,0,0,0,123,43,7,0,0,0,0
4611,2022,Madhya Pradesh,23,Rewa,424,Rewa,2,24,20,0,1,0,225,370,0,,0,0,0,0,0,1,0,0,77,7,2,0,105,0,16,0,0,0,0,0,0,0,0,4,1,124,65,2,0,0,0,0
4612,2022,Madhya Pradesh,23,Sagar,425,Sagar,0,25,33,0,0,0,424,0,0,,5,1,6,0,0,0,1,0,70,239,0,0,234,0,4,0,6,0,0,6,0,0,0,0,0,168,117,1,0,0,0,0
4613,2022,Madhya Pradesh,23,Satna,426,Satna,1,23,18,0,0,0,108,0,0,,0,0,0,0,0,2,0,0,38,305,0,0,83,0,2,0,0,0,0,0,0,0,0,0,0,44,43,0,0,0,0,0
4614,2022,Madhya Pradesh,23,Seoni,428,Seoni,0,8,0,0,0,0,137,0,0,,1,0,0,0,0,3,0,0,72,191,0,0,80,0,5,0,0,0,0,0,0,0,0,0,0,24,58,2,0,0,0,0
4615,2022,Madhya Pradesh,23,Shahdol,429,Shahdol,5,10,20,0,0,0,191,126,0,,1,0,2,0,0,2,0,0,40,2,0,0,80,0,1,0,0,0,0,0,0,0,0,1,1,58,30,0,0,0,0,0
4616,2022,Madhya Pradesh,23,Shajapur,430,Shajapur,1,6,5,0,0,0,130,23,0,,0,0,0,0,0,0,0,0,38,1,0,0,89,0,7,0,0,0,0,0,0,0,0,0,0,61,53,0,3,0,0,0
4617,2022,Madhya Pradesh,23,Sheopur,431,Sheopur,0,6,3,0,0,0,58,17,0,,0,0,0,0,0,0,0,0,19,5,0,0,37,0,3,0,0,0,0,0,0,0,0,2,0,6,11,0,0,0,0,0
4618,2022,Madhya Pradesh,23,Shivpuri,432,Shivpuri,1,18,19,0,0,0,152,146,0,,0,0,0,0,0,1,0,0,78,0,0,0,152,3,4,0,0,0,0,0,0,0,0,0,0,66,67,0,0,0,0,0
4619,2022,Madhya Pradesh,23,Sidhi,433,Sidhi,0,11,8,0,0,0,109,86,0,,3,2,0,0,0,0,0,0,41,0,0,0,68,0,4,0,0,0,0,0,0,0,0,0,0,31,23,0,0,0,0,0
4620,2022,Madhya Pradesh,23,Sehore,427,Sehore,0,10,6,0,1,0,130,0,0,,2,0,0,0,0,0,0,0,29,93,0,0,128,0,1,0,0,0,0,0,0,0,0,0,0,128,48,0,0,0,0,0
4621,2022,Madhya Pradesh,23,Singrauli,638,Singrauli,0,11,25,1,0,0,144,100,0,,0,0,0,0,0,3,0,0,56,6,1,0,46,0,0,0,0,0,0,0,0,0,0,0,0,64,24,0,0,0,0,0
4622,2022,Madhya Pradesh,23,Tikamgarh,434,Tikamgarh,0,15,13,0,0,0,74,76,0,,0,0,0,0,2,0,0,0,29,17,0,0,41,0,1,0,1,0,0,0,0,0,0,0,0,51,31,0,0,0,0,0
4623,2022,Madhya Pradesh,23,Ujjain,435,Ujjain,1,6,15,1,0,0,191,198,0,,1,0,0,0,4,0,0,0,79,13,0,0,162,0,15,0,0,0,0,0,0,4,0,0,1,59,89,0,0,0,0,0
4624,2022,Madhya Pradesh,23,Umaria,436,Umaria,0,3,3,2,0,0,46,4,0,,0,0,0,0,0,0,0,0,34,0,0,0,34,0,0,0,0,0,0,0,0,0,0,0,0,14,16,0,0,0,0,0
4625,2022,Madhya Pradesh,23,Vidisha,437,Vidisha,0,11,14,0,0,0,112,154,0,,0,0,0,0,0,2,0,0,52,0,0,0,121,0,5,0,0,0,0,0,0,0,0,0,0,99,61,1,0,0,1,0
4626,2022,Madhya Pradesh,23,Indore,410,Cyber Crime Cell,0,0,0,0,0,0,0,0,0,,0,0,0,0,0,0,0,0,0,0,0,0,0,0,0,0,0,0,0,0,0,0,0,65,0,0,0,0,0,0,0,0
4627,2022,Madhya Pradesh,23,Niwari,722,Niwari,0,2,2,0,0,0,36,30,0,,0,0,0,0,0,0,0,0,16,0,0,0,36,0,0,0,1,0,0,0,0,0,0,0,0,8,14,0,0,0,0,0
4628,2022,Maharashtra,27,Ahmednagar,466,Ahmednagar,0,21,73,0,0,0,451,435,0,,7,0,5,0,3,3,0,0,112,15,0,0,707,0,30,0,0,0,10,0,0,0,0,14,13,136,167,0,0,0,0,0
4629,2022,Maharashtra,27,Akola,467,Akola,0,7,17,0,0,0,246,96,0,,0,0,0,0,0,0,0,0,28,4,0,0,218,0,4,0,1,0,0,0,0,0,0,0,0,71,74,0,0,0,0,0
4630,2022,Maharashtra,27,Amravati,468,Amravati Commissionerate,0,1,15,0,0,0,121,87,0,,1,0,0,0,0,0,0,0,55,2,0,0,262,0,6,0,1,0,0,0,0,0,0,4,0,58,97,0,0,1,0,0
4631,2022,Maharashtra,27,Amravati,468,Amravati Rural,4,3,14,1,0,0,198,145,0,,3,0,0,0,0,0,0,0,35,0,0,0,174,0,5,0,2,0,0,0,0,0,1,1,0,91,77,16,0,0,0,0
4632,2022,Maharashtra,27,Chhatrapati Sambhajinagar,469,Aurangabad Commissionerate,0,4,8,4,0,0,253,157,0,,0,0,1,0,0,0,0,0,49,0,0,0,240,0,10,0,0,2,0,1,0,0,0,1,0,50,53,1,0,0,0,0
4633,2022,Maharashtra,27,Chhatrapati Sambhajinagar,469,Aurangabad Rural,0,5,24,0,0,0,310,115,0,,1,0,0,0,1,0,0,0,31,0,0,0,215,0,3,0,0,0,0,0,0,0,0,4,0,52,45,3,0,0,0,0
4634,2022,Maharashtra,27,Beed,470,Beed,0,2,29,0,0,0,621,105,0,,0,0,0,0,0,0,0,0,52,2,0,0,267,0,8,0,0,0,0,9,0,0,0,0,0,87,45,0,1,0,0,0
4635,2022,Maharashtra,27,Bhandara,471,Bhandara,2,2,7,0,0,0,32,66,0,,0,0,0,0,0,0,0,0,39,0,0,0,75,0,11,0,1,0,0,0,0,0,0,1,0,26,33,0,0,0,0,0
4636,2022,Maharashtra,27,Buldhana,472,Buldhana,0,12,34,0,0,0,238,123,0,,1,0,1,0,1,0,0,0,51,7,1,0,321,0,11,0,0,1,0,0,0,0,0,0,0,59,92,0,0,0,0,0
4637,2022,Maharashtra,27,Chandrapur,473,Chandrapur,0,1,7,1,0,0,206,192,0,,0,0,0,0,0,3,0,0,38,0,0,0,221,0,40,0,1,0,0,0,0,0,0,1,0,96,77,0,0,0,0,0
4638,2022,Maharashtra,27,Dhule,474,Dhule,1,2,7,0,0,0,382,135,0,,2,0,0,0,0,0,0,0,16,0,0,0,92,0,4,0,0,0,0,0,0,0,0,2,0,33,22,0,0,0,0,0
4639,2022,Maharashtra,27,Gadchiroli,475,Gadchiroli,0,1,3,0,0,0,13,46,0,,1,0,0,0,0,0,0,0,17,0,0,0,38,0,1,0,0,0,0,0,0,0,0,0,0,43,11,0,0,0,0,0
4640,2022,Maharashtra,27,Gondia,476,Gondia,0,1,11,0,0,0,27,92,0,,0,0,0,0,1,0,0,0,36,0,0,0,94,0,5,0,13,0,0,0,0,0,0,0,0,52,27,9,0,1,0,0
4641,2022,Maharashtra,27,Hingoli,477,Hingoli,0,4,9,3,0,0,187,27,0,,1,0,0,0,0,0,0,0,15,1,0,0,95,0,1,0,0,0,0,0,0,0,0,0,0,29,24,0,0,0,0,0
4642,2022,Maharashtra,27,Jalgaon,478,Jalgaon,0,3,32,0,0,0,574,180,0,,0,0,0,0,3,0,1,0,41,10,0,0,274,0,12,0,0,6,0,0,0,0,0,1,2,112,64,1,6,0,0,0
4643,2022,Maharashtra,27,Jalna,479,Jalna,0,6,12,1,0,1,503,79,0,,1,0,2,0,2,0,0,0,54,1,0,0,358,0,9,0,0,0,0,1,0,0,0,7,0,40,42,4,0,0,0,0
4644,2022,Maharashtra,27,Kolhapur,480,Kolhapur,0,2,17,1,1,0,244,210,0,,0,0,0,0,0,13,0,0,50,2,0,0,282,0,12,0,0,0,0,0,0,0,0,0,1,147,86,0,0,0,0,0
4645,2022,Maharashtra,27,Latur,481,Latur,0,4,17,0,1,0,393,92,0,,0,0,4,0,0,1,0,0,32,2,0,0,159,0,6,0,0,1,0,0,0,0,0,2,0,33,34,0,0,0,0,0
4646,2022,Maharashtra,27,Mumbai,482,Mumbai Commissionerate,0,6,35,4,1,1,901,1154,0,,3,0,3,0,4,37,0,0,370,0,1,0,1859,0,647,0,0,0,0,0,0,1,0,10,2,615,489,28,2,0,3,0
4647,2022,Maharashtra,27,Mumbai,482,Mumbai Railway,0,0,4,0,0,0,0,10,0,,0,0,0,0,0,0,0,0,1,0,0,0,78,0,9,0,0,0,0,0,0,0,0,0,0,3,12,0,0,0,0,0
4648,2022,Maharashtra,27,Nagpur,484,Nagpur Commissionerate,0,2,21,0,1,0,235,362,0,,6,0,2,0,0,17,0,0,115,0,0,0,230,0,12,0,0,0,0,6,0,0,0,2,0,135,111,2,1,0,0,0
4649,2022,Maharashtra,27,Nagpur,484,Nagpur Railway,0,0,0,0,0,0,0,3,0,,0,0,0,0,0,0,0,0,0,0,0,0,6,0,0,0,0,0,0,0,0,0,0,0,0,0,1,0,0,0,0,0
4650,2022,Maharashtra,27,Nagpur,484,Nagpur Rural,1,1,9,2,1,0,31,126,0,,0,0,0,0,0,0,0,0,35,0,0,0,93,0,6,0,0,1,0,0,0,0,0,5,5,85,58,0,0,0,0,0
4651,2022,Maharashtra,27,Nanded,485,Nanded,1,6,20,0,0,0,355,117,0,,1,0,0,0,1,0,0,0,39,9,0,0,196,0,13,0,0,0,0,0,0,0,0,1,1,68,51,0,0,0,0,0
4652,2022,Maharashtra,27,Nandurbar,486,Nandurbar,3,0,5,0,0,0,112,82,1,,0,0,0,0,1,0,0,0,17,0,0,0,55,0,3,0,0,0,0,0,0,0,0,0,0,45,8,2,0,0,0,0
4653,2022,Maharashtra,27,Nashik,487,Nasik Commissionerate,0,4,12,0,0,0,59,251,0,,0,0,0,0,0,0,0,0,32,0,0,0,91,0,6,0,0,0,0,0,0,0,0,0,9,49,37,0,0,0,0,0
4654,2022,Maharashtra,27,Nashik,487,Nasik Rural,0,6,37,0,0,0,646,364,1,,1,0,2,0,1,0,0,0,34,0,0,0,233,0,12,0,0,0,0,0,0,0,0,0,1,102,49,6,2,1,0,0
4655,2022,Maharashtra,27,Mumbai Suburban,483,Navi Mumbai,0,2,9,0,0,0,226,251,0,,0,0,0,0,0,11,0,0,105,0,0,0,200,0,38,0,0,3,0,0,0,0,0,3,0,131,51,2,0,1,0,0
4656,2022,Maharashtra,27,Dharashiv,488,Osmanabad,0,7,8,0,1,0,129,67,0,,0,0,0,0,0,0,0,0,43,6,0,0,158,0,6,0,0,9,0,0,0,0,0,0,0,37,25,0,0,0,0,0
4657,2022,Maharashtra,27,Palghar,665,Palghar,1,3,8,0,0,0,26,119,0,,0,0,0,0,0,0,0,0,35,0,0,0,68,0,18,0,0,0,0,0,0,0,0,4,0,59,20,0,0,0,0,0
4658,2022,Maharashtra,27,Parbhani,489,Parbhani,0,3,10,0,0,0,278,59,0,,0,0,0,0,2,0,0,0,26,0,0,0,107,0,2,0,0,0,0,0,0,0,0,0,0,31,33,0,0,0,0,0
4659,2022,Maharashtra,27,Pune,490,Pune Commissionerate,0,9,25,7,0,0,466,561,0,,2,0,0,0,1,16,0,0,305,3,0,0,474,0,40,0,0,0,0,0,0,0,0,4,2,74,63,18,4,0,0,0
4660,2022,Maharashtra,27,Pune,490,Pune Railway,1,0,0,0,0,0,0,2,0,,0,0,0,0,0,0,0,0,1,0,0,0,4,0,0,0,0,0,0,0,0,0,0,0,0,0,0,0,0,0,0,0
4661,2022,Maharashtra,27,Pune,490,Pune Rural,2,4,30,2,0,0,331,369,0,,2,0,2,0,0,6,0,0,110,0,0,0,594,0,48,0,0,0,0,0,5,0,0,0,0,183,150,4,0,2,0,0
4662,2022,Maharashtra,27,Raigad,491,Raigad,1,3,12,0,0,0,52,87,0,,0,0,0,0,0,0,0,0,33,0,0,0,105,0,13,0,0,0,0,0,0,0,0,0,0,73,17,0,0,0,0,0
4663,2022,Maharashtra,27,Ratnagiri,492,Ratnagiri,0,0,3,1,0,0,8,46,0,,0,0,0,0,0,0,0,0,14,3,0,0,47,0,25,0,0,0,0,0,0,0,0,2,0,37,11,3,0,0,0,0
4664,2022,Maharashtra,27,Sangli,493,Sangli,0,5,32,0,0,1,174,229,0,,0,0,0,0,1,2,0,0,67,3,0,0,196,0,16,0,0,0,0,0,0,0,0,0,0,78,8,19,0,4,0,0
4665,2022,Maharashtra,27,Satara,494,Satara,0,5,22,0,0,0,179,232,0,,0,0,1,0,5,4,0,0,57,2,0,0,252,0,12,0,0,0,0,0,0,0,0,0,0,127,49,35,0,0,0,0
4666,2022,Maharashtra,27,Sindhudurg,495,Sindhudurg,1,0,0,0,0,0,4,19,0,,0,0,0,0,0,0,0,0,8,1,0,0,68,0,5,0,0,0,0,0,0,0,0,0,0,29,5,2,0,0,0,0
4667,2022,Maharashtra,27,Solapur,496,Solapur Commissionerate,0,1,1,0,0,0,133,73,0,,0,0,0,0,0,6,0,0,22,0,0,0,75,0,3,0,0,0,0,0,0,0,0,0,0,41,29,0,0,0,0,0
4668,2022,Maharashtra,27,Solapur,496,Solapur Rural,0,4,47,2,0,0,180,213,0,,0,0,0,0,0,2,0,0,74,4,0,0,389,0,11,0,0,0,0,0,0,2,0,2,4,155,83,0,0,0,0,0
4669,2022,Maharashtra,27,Thane,497,Thane Commissionerate,2,4,32,0,1,0,480,679,0,,3,0,0,0,0,24,0,0,171,0,0,0,432,0,60,0,0,0,0,0,0,0,0,2,0,261,188,1,0,0,0,0
4670,2022,Maharashtra,27,Thane,497,Thane Rural,0,1,5,0,0,0,51,89,0,,0,0,0,0,0,0,0,0,44,0,0,0,85,0,16,0,1,0,0,0,0,0,0,0,0,35,20,1,0,0,0,0
4671,2022,Maharashtra,27,Wardha,498,Wardha,1,0,10,1,1,0,63,104,0,,0,0,0,0,0,0,0,0,27,0,0,0,157,0,4,0,2,0,0,0,0,0,0,0,0,70,63,1,0,0,0,0
4672,2022,Maharashtra,27,Washim,499,Washim,0,8,2,0,0,0,234,51,0,,0,0,0,0,0,0,0,0,21,6,0,0,134,0,5,0,5,0,0,0,0,2,0,0,0,29,41,0,0,0,0,0
4673,2022,Maharashtra,27,Yavatmal,500,Yavatmal,0,5,17,0,0,1,395,193,1,,2,0,1,0,1,0,0,0,66,6,0,0,260,0,9,0,1,0,0,0,0,0,0,0,1,87,23,90,0,0,0,0
4674,2022,Maharashtra,27,Pune,490,Pimpri Chinchwad City,0,8,24,5,0,0,317,379,3,,2,0,1,0,1,41,0,0,120,0,0,0,342,0,16,0,0,2,0,0,3,0,0,0,0,128,60,51,4,0,0,0
4675,2022,Maharashtra,27,Chhatrapati Sambhajinagar,469,Aurangabad Railway,0,0,0,0,0,0,0,2,0,,0,0,0,0,0,0,0,0,1,0,0,0,10,0,2,0,0,0,0,0,0,0,0,0,0,2,3,0,0,0,0,0
4676,2022,Maharashtra,27,Thane,497,Mira Bhayandar Vasai Virar Commissionerate,1,2,10,0,1,0,303,419,0,,1,0,5,0,0,32,0,0,160,0,0,0,422,0,82,0,0,0,0,0,0,0,0,2,0,196,94,33,0,0,0,0
4677,2022,Manipur,14,Bishnupur,252,Bishnupur,0,0,0,0,0,0,0,0,0,,3,0,0,0,3,0,0,0,5,0,0,0,0,0,1,0,0,0,0,0,0,0,0,0,0,8,0,0,0,0,0,0
4678,2022,Manipur,14,Chandel,253,Chandel,0,0,0,0,0,0,0,1,0,,0,0,0,0,0,0,0,0,0,0,0,0,0,0,0,0,0,0,0,0,0,0,0,0,0,0,0,0,0,0,0,0
4679,2022,Manipur,14,Churachandpur,254,Churachandpur,0,0,0,0,0,0,1,0,0,,0,0,0,0,1,0,0,0,0,0,0,0,1,0,0,0,0,0,0,0,0,0,0,0,0,2,5,0,0,0,0,0
4680,2022,Manipur,14,Imphal West,256,Cid,0,0,0,0,0,0,0,0,0,,0,0,0,0,0,0,0,0,0,0,0,0,4,0,8,0,0,0,0,0,0,0,0,0,0,0,0,0,0,0,0,0
4681,2022,Manipur,14,Imphal East,255,Imphal East,0,0,0,0,0,0,0,0,0,,3,0,7,0,0,0,0,0,9,0,0,0,11,0,1,0,0,0,0,0,0,0,0,0,0,13,0,0,0,0,0,0
4682,2022,Manipur,14,Imphal West,256,Imphal West,0,0,0,0,0,0,7,1,0,,2,0,14,0,4,0,0,0,18,9,0,0,25,0,1,0,0,0,0,0,0,0,0,0,0,3,1,0,0,1,0,0
4683,2022,Manipur,14,Senapati,257,Senapati,0,0,0,0,0,0,0,0,0,,0,0,0,0,0,0,0,0,0,0,0,0,0,0,0,0,0,0,0,0,0,0,0,0,0,2,0,0,0,0,0,0
4684,2022,Manipur,14,Tamenglong,258,Tamenglong,0,0,0,0,0,0,0,0,0,,0,0,0,0,0,0,0,0,0,0,0,0,1,0,0,0,0,0,0,0,0,0,0,0,0,0,0,0,0,0,0,0
4685,2022,Manipur,14,Thoubal,259,Thoubal,0,0,2,0,0,0,1,1,0,,4,0,3,0,0,0,0,0,4,0,0,0,13,0,0,2,0,0,0,0,0,0,0,0,0,6,2,0,0,0,0,0
4686,2022,Manipur,14,Ukhrul,260,Ukhrul,0,0,0,0,0,0,1,0,0,,0,0,0,0,0,0,0,0,1,0,0,0,0,0,0,0,0,0,0,0,0,0,0,0,0,3,0,0,0,0,0,0
4687,2022,Manipur,14,Kakching,711,Kakching,0,0,1,0,0,0,0,0,0,,1,0,1,0,0,0,0,0,4,0,0,0,6,0,0,0,0,0,0,0,0,0,0,0,0,3,1,0,0,0,0,0
4688,2022,Manipur,14,Kamjong,717,Kamjong,0,0,0,0,0,0,0,0,0,,0,0,0,0,0,0,0,0,0,0,0,0,0,0,0,0,0,0,0,0,0,0,0,0,0,0,0,0,0,0,0,0
4689,2022,Manipur,14,Kangpokpi,712,Kangpokpi,0,0,0,0,0,0,0,0,0,,0,0,0,0,0,0,0,0,0,0,0,0,0,0,0,0,0,0,0,0,0,0,0,0,0,1,0,0,0,0,0,0
4690,2022,Manipur,14,Jiribam,713,Jiribam,0,0,0,0,0,0,0,0,0,,0,0,1,0,0,0,0,0,1,0,0,0,0,0,0,0,0,0,0,0,0,0,0,0,0,1,0,0,0,0,0,0
4691,2022,Manipur,14,Noney,714,Noney,0,0,0,0,0,0,0,0,0,,0,0,0,0,0,0,0,0,0,0,0,0,0,0,0,0,0,0,0,0,0,0,0,0,0,0,0,0,0,0,0,0
4692,2022,Manipur,14,Pherzawl,715,Pherzawl,0,0,0,0,0,0,0,0,0,,0,0,0,0,0,0,0,0,0,0,0,0,2,0,0,0,0,0,0,0,0,0,0,0,0,0,0,0,0,0,0,0
4693,2022,Manipur,14,Tengnoupal,716,Tengnoupal,0,0,0,0,0,0,0,1,0,,0,0,0,0,0,0,0,0,0,0,0,0,2,0,0,0,0,0,0,0,0,0,0,0,0,2,0,0,0,0,0,0
4694,2022,Manipur,14,Imphal West,256,Narcotic,0,0,0,0,0,0,0,0,0,,0,0,0,0,0,0,0,0,0,0,0,0,0,0,0,0,0,0,0,0,0,0,0,0,0,0,0,0,0,0,0,0
4695,2022,Meghalaya,17,East Garo Hills,273,East Garo Hills,0,0,0,0,0,0,2,2,0,,0,0,0,0,1,0,0,0,4,0,1,0,3,0,0,0,0,0,0,0,0,0,0,0,1,15,2,0,0,0,0,0
4696,2022,Meghalaya,17,South Garo Hills,277,South Garo Hills,0,0,0,0,0,0,1,0,0,,2,0,1,0,2,0,0,0,2,0,0,0,1,0,1,0,0,0,0,0,0,0,0,1,0,9,2,1,1,0,0,0
4697,2022,Meghalaya,17,South West Garo Hills,663,South West Garo Hills,0,0,0,0,0,0,1,0,0,,1,0,0,0,0,0,0,0,0,0,0,0,0,0,0,0,0,0,0,0,0,0,0,0,0,8,0,0,0,0,0,0
4698,2022,Meghalaya,17,West Garo Hills,278,West Garo Hills,0,0,3,0,0,0,13,0,0,,6,0,12,0,15,2,0,0,9,0,10,3,18,1,6,0,2,1,0,0,0,0,0,0,0,33,8,1,0,2,0,0
4699,2022,Meghalaya,17,West Jaintia Hills,275,West Jaintia Hills,0,0,0,0,0,0,0,1,0,,0,0,0,0,0,0,0,0,8,0,1,0,3,0,0,0,0,0,0,0,0,0,0,1,0,37,2,0,0,0,0,0
4700,2022,Meghalaya,17,East Jaintia Hills,657,East Jaintia Hills,0,0,0,0,0,0,3,10,0,,0,0,0,0,1,0,0,0,2,0,0,0,0,0,0,2,0,0,0,0,0,0,0,0,0,21,3,0,0,0,0,0
4701,2022,Meghalaya,17,East Khasi Hills,274,East Khasi Hills,1,1,2,0,0,0,5,19,2,,0,0,0,0,1,0,0,0,21,0,3,0,30,0,13,0,1,0,0,0,0,0,0,0,0,61,16,4,4,17,0,0
4702,2022,Meghalaya,17,South West Khasi Hills,658,South West Khasi Hills,0,0,0,0,0,0,0,0,0,,0,0,0,0,1,0,0,0,2,0,1,0,0,0,0,0,0,0,0,0,0,0,0,0,0,10,1,0,0,0,0,0
4703,2022,Meghalaya,17,West Khasi Hills,279,West Khasi Hills,0,0,0,0,0,0,0,5,0,,0,0,0,0,0,0,0,0,10,0,3,0,2,0,1,0,0,0,0,0,0,0,0,0,0,36,5,0,0,0,0,0
4704,2022,Meghalaya,17,Ri Bhoi,276,Ri-Bhoi,0,0,0,0,0,0,3,5,0,,0,0,0,0,0,0,0,0,8,0,0,0,3,0,1,0,0,0,0,0,0,0,0,0,2,27,16,0,0,0,0,0
4705,2022,Meghalaya,17,East Khasi Hills,274,Cyber Cell,0,0,0,0,0,0,0,0,0,,0,0,0,0,0,0,0,0,0,0,0,0,0,0,0,0,0,0,0,0,0,0,0,0,0,0,0,0,0,0,0,0
4706,2022,Mizoram,15,Aizawl,261,Aizawl,0,0,0,0,0,0,3,0,0,,0,0,0,0,0,0,0,0,10,0,1,0,13,0,0,0,0,0,0,0,0,0,0,0,0,16,13,3,1,0,0,0
4707,2022,Mizoram,15,Champhai,262,Champhai,0,0,0,0,0,0,0,0,0,,0,0,0,0,0,0,0,0,0,0,0,0,0,0,0,1,0,0,0,0,0,0,0,0,0,7,1,0,0,0,0,0
4708,2022,Mizoram,15,Kolasib,263,Kolasib,0,0,0,0,0,0,1,1,0,,0,0,0,0,0,0,0,0,1,0,0,0,1,0,0,0,0,0,0,0,0,0,0,0,0,6,1,0,0,0,0,0
4709,2022,Mizoram,15,Lawngtlai,264,Lawngtlai,0,0,0,0,0,0,0,0,0,,0,0,0,0,0,0,0,0,0,0,0,0,3,0,0,0,0,0,0,0,0,0,0,0,0,4,1,0,0,0,0,0
4710,2022,Mizoram,15,Lunglei,265,Lunglei,0,0,0,0,0,0,0,0,0,,0,0,0,0,0,0,0,0,0,0,0,0,2,0,0,0,0,0,0,0,0,0,0,0,0,6,3,0,0,0,0,0
4711,2022,Mizoram,15,Mamit,266,Mamit,0,0,0,0,0,0,0,0,0,,0,0,0,0,0,0,0,0,0,0,0,0,1,0,0,0,0,0,0,0,0,0,0,0,0,6,5,0,0,0,0,0
4712,2022,Mizoram,15,Siaha,267,Saiha,0,0,0,0,0,0,0,0,0,,0,0,0,0,0,0,0,0,0,0,0,0,2,0,0,0,0,0,0,0,0,0,0,0,0,3,1,0,0,0,0,0
4713,2022,Mizoram,15,Serchhip,268,Serchhip,0,0,0,0,0,0,0,1,0,,0,0,0,0,0,0,0,0,0,0,2,0,2,0,0,0,0,0,0,0,0,0,0,0,0,6,1,0,0,0,0,0
4714,2022,Mizoram,15,Aizawl,261,Spl Narcotic,0,0,0,0,0,0,0,0,0,,0,0,0,0,0,0,0,0,0,0,0,0,0,0,0,0,0,0,0,0,0,0,0,0,0,0,0,0,0,0,0,0
4715,2022,Mizoram,15,Saitual,727,Saitual,0,0,0,0,0,0,0,0,0,,0,0,0,0,0,0,0,0,0,0,0,0,0,0,0,0,0,0,0,0,0,0,0,0,0,3,1,0,0,0,0,0
4716,2022,Mizoram,15,Khawzawl,728,Khawzawl,0,0,0,0,0,0,0,0,0,,0,0,0,0,0,0,0,0,0,0,0,1,2,0,0,0,0,0,0,0,0,0,0,0,0,5,3,0,0,0,0,0
4717,2022,Mizoram,15,Hnahthial,726,Hnahthial,0,0,0,0,0,0,0,0,0,,0,0,0,0,0,0,0,0,2,0,0,0,0,0,0,1,0,0,0,0,0,0,0,0,0,0,0,0,0,0,0,0
4718,2022,Mizoram,15,Aizawl,261,Cyber,0,0,0,0,0,0,0,0,0,,0,0,0,0,0,0,0,0,0,0,0,0,0,0,0,0,0,0,0,0,0,0,0,0,0,0,0,0,0,0,0,0
4719,2022,Nagaland,13,Dimapur,244,Dimapur,0,0,0,0,0,0,1,0,0,,0,0,0,0,1,0,0,0,1,1,0,0,1,0,0,1,0,0,0,0,0,0,0,1,0,5,0,1,0,0,0,0
4720,2022,Nagaland,13,Kiphire,614,Kiphire,0,0,0,0,0,0,0,0,0,,0,0,0,0,0,0,0,0,0,0,0,1,0,0,0,0,0,0,0,0,0,0,0,0,0,0,0,0,0,0,0,0
4721,2022,Nagaland,13,Kohima,245,Kohima,0,0,0,0,0,0,1,0,0,,0,0,0,0,0,0,0,0,2,0,0,0,3,0,0,0,0,0,0,0,0,0,0,0,0,4,0,0,0,0,0,0
4722,2022,Nagaland,13,Longleng,615,Longleng,0,0,0,0,0,0,1,0,0,,0,0,0,0,0,0,0,0,1,0,0,0,0,0,0,0,0,0,0,0,0,0,0,0,0,0,0,0,0,0,0,0
4723,2022,Nagaland,13,Mokokchung,246,Mokokchung,0,0,0,0,0,0,0,0,0,,0,0,0,0,0,0,0,0,1,0,0,0,0,0,0,0,0,0,0,0,0,0,0,0,0,2,0,0,0,0,0,0
4724,2022,Nagaland,13,Mon,247,Mon,0,0,0,0,0,0,0,0,0,,0,0,0,0,1,0,0,0,0,0,0,0,2,0,0,0,0,0,0,0,0,0,0,0,0,3,0,0,0,0,0,0
4725,2022,Nagaland,13,Peren,613,Peren,0,0,0,0,0,0,0,0,0,,0,0,0,0,0,0,0,0,1,0,0,0,1,0,0,0,0,0,0,0,0,0,0,0,0,1,0,0,0,0,0,0
4726,2022,Nagaland,13,Phek,248,Phek,0,0,0,0,0,0,0,0,0,,0,0,0,0,0,0,0,0,0,0,0,0,0,0,0,0,0,0,0,0,0,0,0,0,0,3,0,0,0,0,0,0
4727,2022,Nagaland,13,Tuensang,249,Tuensang,0,0,0,0,0,0,0,0,0,,0,0,0,0,0,0,0,0,0,0,0,0,0,0,0,0,0,0,0,0,0,0,0,0,0,0,3,0,0,0,0,0
4728,2022,Nagaland,13,Wokha,250,Wokha,0,0,0,0,0,0,0,0,0,,0,0,0,0,0,0,0,0,0,0,0,0,0,0,0,0,0,0,0,0,0,0,0,0,0,0,1,0,0,0,0,0
4729,2022,Nagaland,13,Zunheboto,251,Zunheboto,0,0,0,0,0,0,0,0,0,,0,0,0,0,0,0,0,0,0,0,0,0,1,0,0,0,0,0,0,0,0,0,0,0,0,2,0,0,0,0,0,0
4730,2022,Odisha,21,Anugul,344,Angul,0,6,0,0,0,0,575,173,0,,0,0,0,0,0,2,0,0,26,0,11,0,329,0,94,0,0,0,0,1,0,0,0,3,9,85,8,0,0,0,0,0
4731,2022,Odisha,21,Baleshwar,346,Balasore,0,26,0,0,0,0,107,387,0,,0,0,0,0,0,1,0,0,42,0,17,0,127,0,23,0,0,0,0,0,0,0,0,25,1,69,27,0,0,0,0,0
4732,2022,Odisha,21,Bargarh,347,Baragarh,0,10,0,0,0,0,112,149,0,,0,0,0,0,0,1,0,0,33,0,1,0,299,0,40,0,0,0,0,0,0,0,0,5,10,21,15,0,0,0,0,0
4733,2022,Odisha,21,Baleshwar,346,Berhampur,0,2,4,0,0,0,274,119,0,,0,0,0,0,0,0,0,0,60,0,3,0,3,0,4,0,0,0,0,0,0,2,0,14,7,47,0,0,33,0,0,0
4734,2022,Odisha,21,Bhadrak,348,Bhadrak,0,25,0,0,2,0,76,336,0,,0,0,0,0,0,0,0,0,37,0,0,0,134,0,9,0,0,0,0,0,0,0,0,22,12,48,24,0,0,0,0,0
4735,2022,Odisha,21,Balangir,345,Bolangir,1,2,0,0,0,0,99,131,0,,0,0,0,0,0,35,0,0,20,0,2,0,150,0,0,0,0,0,0,0,0,1,0,0,1,56,22,0,0,0,0,0
4736,2022,Odisha,21,Boudh,349,Boudh,0,4,0,0,0,0,35,36,0,,0,0,0,0,0,1,0,0,9,0,3,0,31,0,3,0,0,0,0,0,0,0,0,1,0,11,5,0,0,0,0,0
4737,2022,Odisha,21,Cuttack,350,Cuttack,0,23,0,0,1,0,65,145,0,,0,0,0,0,41,0,0,0,33,0,2,0,286,0,7,0,0,0,0,0,0,0,0,6,11,41,6,0,0,0,0,0
4738,2022,Odisha,21,Khordha,362,Dcp Bhubaneswar,0,14,0,0,0,0,25,330,0,,0,0,0,0,0,1,0,0,49,0,3,0,31,0,0,0,0,0,0,0,2,0,0,27,3,67,12,0,0,0,0,0
4739,2022,Odisha,21,Cuttack,350,Dcp Cuttack,0,9,0,0,0,0,145,145,0,,0,0,0,0,0,3,0,0,29,0,0,0,282,0,9,0,0,0,0,0,2,0,0,21,16,53,29,0,0,0,0,0
4740,2022,Odisha,21,Deogarh,351,Deogarh,0,2,1,0,0,0,207,30,0,,0,0,0,0,0,0,0,0,21,0,3,0,134,0,13,0,0,0,0,0,0,0,0,4,0,23,14,0,0,0,0,0
4741,2022,Odisha,21,Dhenkanal,352,Dhenkanal,0,4,0,0,0,0,119,130,0,,0,0,0,0,0,1,0,0,37,0,7,0,308,0,52,0,0,0,0,0,0,0,0,4,8,41,9,0,0,0,0,0
4742,2022,Odisha,21,Gajapati,353,Gajapati,0,0,0,0,0,0,22,54,0,,0,0,0,0,0,0,0,0,27,0,0,0,45,0,19,0,0,0,0,0,0,0,0,9,2,32,6,0,0,0,0,0
4743,2022,Odisha,21,Ganjam,354,Ganjam,1,13,0,0,0,0,942,200,0,,0,0,0,0,0,0,0,0,96,0,5,0,108,0,80,0,0,0,0,0,0,0,0,19,0,67,1,0,0,0,0,0
4744,2022,Odisha,21,Jagatsinghapur,355,Jagatsinghpur,0,13,0,0,0,0,130,171,0,,0,0,0,0,0,0,0,0,30,0,3,0,446,0,25,0,0,0,0,0,0,0,0,10,20,30,17,0,0,0,0,1
4745,2022,Odisha,21,Jajapur,356,Jajpur,1,14,0,0,1,0,200,291,0,,0,0,0,0,0,2,0,0,64,0,9,0,117,0,14,0,0,0,0,0,1,0,0,6,30,73,57,0,0,0,0,0
4746,2022,Odisha,21,Jharsuguda,357,Jharsuguda,0,3,0,0,0,0,92,58,0,,0,0,0,0,0,1,0,0,26,0,0,0,24,0,4,0,0,0,0,0,0,0,0,1,3,36,18,0,0,0,0,0
4747,2022,Odisha,21,Kalahandi,358,Kalahandi,1,3,0,0,0,0,197,159,0,,0,0,0,0,0,2,0,0,101,0,13,0,154,0,38,0,0,0,0,0,1,0,0,12,8,66,29,0,0,0,0,0
4748,2022,Odisha,21,Kandhamal,359,Kandhamal,1,1,0,0,0,0,85,107,0,,0,0,0,0,0,0,0,0,40,0,5,0,236,0,18,0,0,0,0,0,0,0,0,4,3,50,54,0,0,0,0,0
4749,2022,Odisha,21,Kendrapara,360,Kendrapara,0,17,0,0,0,0,184,251,0,,0,0,0,0,0,0,0,0,44,0,25,0,792,0,38,0,0,0,0,0,0,0,0,7,17,62,39,0,0,0,0,0
4750,2022,Odisha,21,Kendujhar,361,Keonjhar,1,9,0,0,0,0,87,190,0,,0,0,0,0,0,0,0,0,59,0,4,0,543,0,27,0,0,0,0,0,1,0,0,6,10,95,15,0,0,0,0,0
4751,2022,Odisha,21,Khordha,362,Khurda,0,9,0,0,0,0,102,119,0,,0,0,0,0,0,0,0,0,16,0,0,0,639,0,11,0,0,0,0,0,0,2,0,4,2,37,13,0,0,0,0,0
4752,2022,Odisha,21,Koraput,363,Koraput,0,1,0,0,0,1,72,136,0,,0,0,0,0,0,0,0,0,121,0,1,0,257,0,1,0,0,0,0,0,0,0,0,6,7,33,77,0,0,0,0,0
4753,2022,Odisha,21,Malkangiri,364,Malkangiri,0,5,0,0,0,0,133,112,0,,0,0,0,0,0,1,0,0,42,0,3,0,193,0,10,0,0,0,0,0,0,1,0,7,2,58,0,0,0,0,0,0
4754,2022,Odisha,21,Mayurbhanj,365,Mayurbhanj,2,5,0,0,0,0,336,394,0,,0,0,0,0,0,3,0,0,120,0,26,0,621,0,42,0,1,0,0,0,0,0,0,12,33,149,44,0,0,0,0,0
4755,2022,Odisha,21,Nayagarh,367,Nayagarh,1,15,0,0,0,0,58,89,0,,0,0,0,0,0,0,0,0,42,0,0,0,93,0,0,0,0,0,0,0,0,0,0,2,3,18,15,0,0,0,0,0
4756,2022,Odisha,21,Nabarangpur,366,Nabarangpur,0,1,0,0,0,0,157,73,0,,16,0,0,0,0,3,0,0,14,4,2,0,228,0,12,2,0,0,0,0,0,0,0,4,0,72,11,0,0,0,0,0
4757,2022,Odisha,21,Nuapada,368,Nuapada,2,1,0,0,0,0,34,86,0,,0,0,0,0,0,2,0,0,3,0,0,0,42,0,4,0,33,0,0,0,0,0,0,3,1,12,2,0,0,0,0,0
4758,2022,Odisha,21,Puri,369,Puri,1,14,0,0,0,0,123,242,0,,0,0,0,0,0,0,0,0,41,0,4,0,52,0,48,0,0,0,0,0,0,0,0,11,18,60,14,0,0,0,0,0
4759,2022,Odisha,21,Rayagada,370,Rayagada,0,3,0,0,0,0,73,75,0,,0,0,0,0,0,1,0,0,28,0,5,0,94,0,5,0,0,0,0,0,0,2,0,6,1,52,8,0,0,0,0,0
4760,2022,Odisha,21,Sundargarh,373,Rourkela,1,0,0,0,0,0,87,108,0,,0,0,0,0,0,1,0,0,68,0,2,0,187,0,14,0,0,0,0,0,1,0,0,8,9,44,43,0,0,0,0,0
4761,2022,Odisha,21,Sambalpur,371,Sambalpur,1,5,0,0,0,0,190,103,0,,0,0,0,0,0,7,0,0,24,0,2,0,101,0,14,0,0,0,0,0,0,0,0,0,26,46,25,0,0,0,0,0
4762,2022,Odisha,21,Sonepur,372,Sonepur,0,3,0,0,0,0,27,43,0,,0,0,0,0,0,0,0,0,11,0,0,0,124,0,4,0,0,0,0,0,0,0,0,0,0,25,0,0,0,0,0,0
4763,2022,Odisha,21,Cuttack,350,Srp(Cuttack),0,0,0,0,0,0,0,0,0,,0,0,0,0,0,0,0,0,1,0,0,0,7,0,2,0,0,0,0,0,0,0,0,0,0,1,0,0,0,0,0,0
4764,2022,Odisha,21,Sundargarh,373,Srp(Rourkela),0,0,1,0,0,0,0,4,0,,0,0,0,0,0,1,0,0,0,0,0,1,3,0,0,0,0,0,0,0,0,0,0,0,0,0,0,0,0,0,0,0
4765,2022,Odisha,21,Sundargarh,373,Sundargarh,0,1,0,2,0,0,152,71,0,,0,0,0,0,0,1,0,0,49,0,0,0,105,0,5,0,0,0,0,0,0,0,0,0,0,40,10,1,0,0,0,0
4766,2022,Punjab,3,Amritsar,27,Amritsar Rural,0,4,5,3,0,1,32,0,0,,2,0,0,0,7,0,0,0,22,75,1,0,42,1,1,0,0,0,0,0,0,0,0,2,0,21,6,0,0,0,0,0
4767,2022,Punjab,3,Barnala,605,Barnala,0,6,7,0,0,0,17,0,0,,5,0,0,0,0,0,0,0,7,27,1,0,9,0,1,0,0,1,0,0,0,0,0,0,0,10,4,0,0,0,0,0
4768,2022,Punjab,3,Gurdaspur,32,Batala,0,0,7,0,0,0,42,0,0,,14,0,0,0,0,0,0,0,16,47,1,0,17,0,0,0,0,0,0,0,0,0,0,1,0,20,10,0,0,0,0,0
4769,2022,Punjab,3,Bathinda,28,Bathinda,0,7,9,0,0,0,86,0,0,,4,0,0,0,4,0,0,0,33,59,2,0,31,1,2,0,0,0,0,0,0,0,0,3,0,33,13,0,0,0,0,0
4770,2022,Punjab,3,Amritsar,27,Cp Amritsar,0,3,4,0,0,0,58,1,0,,9,0,0,0,3,0,0,0,16,63,1,0,30,0,2,0,0,0,0,0,0,0,0,0,2,29,5,0,0,0,0,0
4771,2022,Punjab,3,Jalandhar,34,Cp Jalandhar,1,5,4,0,0,1,124,8,0,,2,0,0,0,3,2,0,0,22,63,1,0,39,1,0,0,0,0,0,0,0,0,0,0,0,17,12,0,0,0,0,0
4772,2022,Punjab,3,Ludhiana,36,Cp Ludhiana,0,7,14,0,0,1,224,0,0,,10,0,0,0,6,0,0,0,51,115,2,0,67,0,8,0,0,0,0,0,0,0,0,3,2,91,18,0,7,0,0,0
4773,2022,Punjab,3,Faridkot,29,Faridkot,0,3,7,0,0,0,9,0,0,,1,0,0,0,0,0,0,0,8,21,0,0,22,0,0,0,0,0,0,0,0,0,0,1,0,11,9,0,0,0,0,0
4774,2022,Punjab,3,Fatehgarh Sahib,30,Fatehgarh Sahib,0,0,4,0,1,0,44,0,0,,23,0,0,0,0,0,0,0,13,40,1,0,28,0,6,0,0,0,0,4,0,0,0,0,0,17,7,0,0,0,0,0
4775,2022,Punjab,3,Fazilka,651,Fazilka,0,2,6,0,0,0,45,0,0,,4,0,0,0,0,1,0,0,39,45,2,0,13,0,1,0,0,0,0,0,0,0,0,0,0,43,13,0,0,0,0,0
4776,2022,Punjab,3,Patiala,41,Grp,0,0,1,0,0,0,0,0,0,,0,0,0,0,2,0,0,0,0,0,0,0,3,0,0,0,0,0,0,0,0,0,0,0,0,0,0,0,0,0,0,0
4777,2022,Punjab,3,Gurdaspur,32,Gurdaspur,0,3,3,0,0,0,67,0,0,,11,0,0,0,0,0,0,0,8,13,2,0,10,0,0,0,0,0,2,0,0,0,0,2,1,17,1,1,1,0,0,0
4778,2022,Punjab,3,Hoshiarpur,33,Hoshiarpur,1,4,14,0,0,0,109,0,0,,12,0,0,0,2,0,0,0,14,67,0,0,27,2,4,0,0,0,0,0,0,0,0,0,0,24,4,0,0,1,0,0
4779,2022,Punjab,3,Jalandhar,34,Jalandhar Rural,0,4,7,0,0,0,61,1,0,,1,0,0,0,0,2,0,0,19,42,0,0,40,1,1,2,1,0,0,0,0,0,0,0,0,22,4,0,0,0,0,0
4780,2022,Punjab,3,Kapurthala,35,Kapurthala,0,3,14,0,1,0,37,0,0,,4,0,0,0,2,1,0,0,17,32,4,0,24,0,1,0,0,0,0,0,0,0,0,0,0,23,5,0,0,0,0,0
4781,2022,Punjab,3,Ludhiana,36,Khanna,0,0,13,0,0,0,34,0,0,,0,0,0,0,0,0,0,0,4,20,1,0,18,0,0,0,0,0,0,0,0,0,0,0,0,10,0,0,0,0,0,0
4782,2022,Punjab,3,Ludhiana,36,Ludhiana Rural,0,1,5,1,0,0,30,0,0,,0,0,0,0,3,0,0,0,17,36,0,0,14,1,0,0,0,0,0,0,0,0,0,2,0,18,8,0,0,0,0,0
4783,2022,Punjab,3,Mansa,37,Mansa,0,3,5,0,0,0,26,0,0,,0,0,0,0,0,0,0,0,16,29,0,0,14,0,0,0,1,0,0,0,0,1,0,0,0,18,4,0,0,0,0,0
4784,2022,Punjab,3,Moga,38,Moga,0,2,2,0,0,0,23,0,0,,6,0,0,0,2,0,0,0,17,28,0,0,23,0,3,0,0,0,0,0,0,0,0,17,0,21,3,0,0,0,0,0
4785,2022,Punjab,3,Sri Muktsar Sahib,39,Muktsar,0,1,3,1,0,0,16,0,0,,0,0,0,0,2,0,0,0,19,44,1,0,26,0,1,0,0,0,0,0,0,0,0,1,1,22,2,0,0,0,0,0
4786,2022,Punjab,3,Pathankot,662,Pathankot,0,2,6,0,0,0,38,0,0,,3,0,0,0,2,0,0,0,8,11,0,0,11,1,0,0,0,0,0,0,0,0,0,1,3,8,2,1,0,0,0,0
4787,2022,Punjab,3,Patiala,41,Patiala,1,8,12,0,0,0,144,0,0,,15,1,0,0,4,0,0,0,32,86,0,0,28,1,2,0,0,0,0,2,0,0,0,0,0,33,26,7,0,0,0,0
4788,2022,Punjab,3,Rupnagar,42,Ropar,0,0,5,0,0,0,20,0,0,,4,0,0,0,19,0,0,0,15,0,0,0,19,0,0,0,0,0,0,0,0,0,0,0,0,22,7,0,0,0,0,0
4789,2022,Punjab,3,Sangrur,43,Sangrur,0,0,10,1,0,0,41,0,0,,0,1,0,0,0,0,0,0,18,41,1,0,23,0,0,0,1,0,0,0,0,0,0,0,0,19,6,0,0,0,0,0
4790,2022,Punjab,3,Tarn Taran,609,Tarn Taran,0,2,6,1,0,0,27,0,0,,3,0,0,0,0,0,0,0,8,38,1,0,14,0,1,0,0,0,0,0,0,0,0,0,0,19,7,0,0,0,0,0
4791,2022,Punjab,3,S.A.S Nagar,608,Bureau Of Investigation,0,0,0,0,0,0,0,0,0,,0,0,0,0,0,0,0,0,1,0,0,0,5,0,0,0,0,0,0,0,0,0,0,0,0,0,0,0,0,0,0,0
4792,2022,Punjab,3,S.A.S Nagar,608,Intelligence Wing,0,0,0,0,0,0,0,0,0,,0,0,0,0,0,0,0,0,0,0,0,0,0,0,0,0,0,0,0,0,0,0,0,0,0,0,0,0,0,0,0,0
4793,2022,Punjab,3,S.A.S Nagar,608,Nri Wing,0,0,0,0,0,0,47,0,0,,0,0,0,0,0,0,0,0,0,0,0,0,0,0,0,0,1,0,0,0,0,0,0,0,0,0,0,0,0,0,0,0
4794,2022,Punjab,3,Amritsar,27,Special Task Force,0,0,0,0,0,0,0,0,0,,0,0,0,0,0,0,0,0,0,0,0,0,0,0,0,0,0,0,0,0,0,0,0,0,0,0,0,0,0,0,0,0
4795,2022,Punjab,3,Malerkotla,737,Malerkotla,0,0,1,0,0,0,39,0,0,,0,0,0,0,0,0,0,0,5,22,0,0,10,0,0,0,0,0,0,0,0,0,0,0,0,4,1,0,0,0,0,0
4796,2022,Rajasthan,8,Ajmer,86,Ajmer,2,15,2,0,1,1,1028,171,0,,13,0,0,0,146,0,0,0,206,1,33,0,687,0,21,0,0,1,0,0,0,0,0,5,7,59,64,7,0,11,1,0
4797,2022,Rajasthan,8,Alwar,87,Alwar,0,20,0,0,0,0,770,81,0,,80,0,0,0,40,0,0,0,253,0,135,0,276,0,0,0,3,0,0,0,0,0,0,0,0,66,55,1,48,0,0,0
4798,2022,Rajasthan,8,Banswara,88,Banswara,0,6,8,0,0,0,195,180,0,,66,0,0,0,1,0,0,0,148,28,7,0,118,0,1,0,0,0,0,0,0,0,0,0,0,16,2,0,0,0,0,0
4799,2022,Rajasthan,8,Baran,89,Baran,0,7,6,0,0,0,366,114,0,,22,0,0,0,1,0,0,0,73,6,4,0,137,0,0,0,1,0,0,0,0,0,0,3,0,59,57,0,2,12,0,0
4800,2022,Rajasthan,8,Barmer,90,Barmer,0,24,14,0,1,0,385,1,0,,40,0,0,0,0,0,0,0,172,62,52,0,249,0,4,0,0,0,0,2,0,0,0,0,0,52,54,0,1,0,0,0
4801,2022,Rajasthan,8,Bharatpur,91,Bharatpur,0,33,6,0,0,0,994,27,0,,26,0,0,0,110,0,0,0,288,2,150,0,120,0,0,0,0,0,0,0,0,0,0,5,0,46,66,0,0,64,0,0
4802,2022,Rajasthan,8,Bhilwara,92,Bhilwara,0,10,12,0,0,0,877,188,0,,14,0,0,0,181,0,0,0,301,20,29,0,575,0,4,0,0,0,0,0,0,5,0,7,0,59,34,1,0,14,0,0
4803,2022,Rajasthan,8,Bikaner,93,Bikaner,0,22,4,0,0,0,554,62,0,,22,0,0,0,26,0,0,0,123,3,30,0,253,0,0,0,0,0,0,0,0,0,0,0,0,63,38,2,11,0,0,0
4804,2022,Rajasthan,8,Bundi,94,Bundi,0,5,1,0,0,0,311,46,0,,0,0,0,0,101,0,0,0,86,0,9,0,216,0,0,0,0,0,0,0,0,0,0,0,0,24,14,0,1,13,0,0
4805,2022,Rajasthan,8,Chittorgarh,95,Chittorgarh,0,1,7,0,0,0,532,162,0,,13,0,0,0,48,0,0,0,105,10,10,0,184,0,0,0,0,0,0,0,0,0,0,0,0,36,16,2,0,34,1,0
4806,2022,Rajasthan,8,Churu,96,Churu,0,10,4,0,0,0,484,14,0,,7,0,0,0,88,0,0,0,111,0,21,0,79,0,0,0,0,0,0,0,0,0,0,0,0,43,22,0,15,0,0,0
4807,2022,Rajasthan,8,Dausa,97,Dausa,0,10,1,0,0,0,339,10,0,,2,0,0,0,119,0,0,0,146,0,14,0,85,0,0,0,0,0,0,0,0,0,0,0,0,16,19,0,7,0,0,0
4808,2022,Rajasthan,8,Dholpur,98,Dholpur,1,20,2,1,0,0,375,42,0,,13,0,0,0,54,0,0,0,110,1,23,0,78,0,0,0,0,0,0,0,0,0,0,9,0,31,46,0,0,7,0,0
4809,2022,Rajasthan,8,Dungarpur,99,Dungarpur,0,2,9,0,0,0,154,0,0,,25,0,0,0,0,0,0,0,59,226,0,0,102,0,0,0,0,0,0,0,0,0,0,0,0,60,13,0,0,0,0,0
4810,2022,Rajasthan,8,Ajmer,86,Grp Ajmer,0,2,0,0,0,0,0,1,0,,1,0,0,0,1,0,0,0,2,0,0,0,20,0,0,0,0,0,0,0,0,0,0,0,0,0,1,0,0,0,0,0
4811,2022,Rajasthan,8,Jodhpur,107,Grp Jodhpur,0,0,1,0,0,0,0,2,0,,0,0,0,0,1,0,0,0,0,0,0,0,7,0,0,0,0,0,0,0,0,0,0,0,0,0,0,0,0,0,0,0
4812,2022,Rajasthan,8,Ganganagar,100,Ganganagar,1,6,6,1,0,0,877,147,0,,5,0,0,0,26,0,0,0,173,2,28,0,257,0,0,0,0,0,0,0,0,0,0,1,0,51,67,1,1,1,0,0
4813,2022,Rajasthan,8,Hanumangarh,101,Hanumangarh,0,16,9,0,0,0,755,98,0,,3,0,0,0,20,0,0,0,130,8,11,0,203,0,5,0,0,0,0,0,0,0,0,0,0,64,59,0,2,0,0,0
4814,2022,Rajasthan,8,Jaipur,102,Jaipur East,1,11,9,0,0,0,300,119,0,,8,0,0,0,9,0,0,0,134,1,11,0,206,0,4,0,0,0,0,0,0,0,0,3,0,41,34,0,4,0,0,0
4815,2022,Rajasthan,8,Jaipur,102,Jaipur North,0,4,0,0,0,0,320,34,0,,1,0,0,0,23,0,0,0,93,0,2,0,89,0,1,0,0,0,0,0,0,0,0,6,0,31,30,0,0,0,0,0
4816,2022,Rajasthan,8,Jaipur,102,Jaipur Rural,1,11,11,0,0,0,537,41,0,,10,0,1,0,95,0,0,0,122,0,27,0,183,0,1,0,0,0,0,0,0,0,0,4,0,57,21,2,0,41,0,0
4817,2022,Rajasthan,8,Jaipur,102,Jaipur South,0,9,1,1,0,0,357,116,0,,3,0,0,0,1,0,0,0,118,0,6,0,176,0,0,0,0,0,0,0,0,0,0,7,0,24,11,2,5,2,0,0
4818,2022,Rajasthan,8,Jaipur,102,Jaipur West,0,9,3,0,0,0,538,75,0,,3,0,0,0,87,0,0,0,152,1,8,0,142,0,0,0,0,0,0,0,0,1,0,0,0,34,24,0,1,31,0,0
4819,2022,Rajasthan,8,Jaisalmer,103,Jaisalmer,0,4,1,0,0,0,63,8,0,,2,0,0,0,1,0,0,0,29,8,11,0,128,0,2,0,0,0,0,0,0,0,0,0,0,7,12,0,0,0,0,0
4820,2022,Rajasthan,8,Jalore,104,Jalore,0,13,5,0,0,0,223,58,0,,24,0,0,0,11,0,0,0,76,0,13,0,218,0,0,0,0,0,0,0,0,2,0,0,0,55,45,0,0,0,0,0
4821,2022,Rajasthan,8,Jhalawar,105,Jhalawar,0,5,7,0,1,0,539,156,0,,15,0,0,0,4,0,0,0,123,3,8,0,239,0,4,0,0,0,0,0,0,0,0,3,0,43,67,1,1,1,0,0
4822,2022,Rajasthan,8,Jhunjhunu,106,Jhunjhunu,0,9,7,0,0,0,540,65,0,,34,0,0,0,0,0,0,0,88,29,19,0,69,0,1,0,0,0,0,0,0,3,0,5,2,30,10,2,0,0,0,0
4823,2022,Rajasthan,8,Jodhpur,107,Jodhpur East,0,5,3,0,0,0,237,21,0,,0,0,0,0,39,0,0,0,81,0,0,0,185,0,1,0,0,0,0,0,0,1,0,6,9,21,42,5,0,0,0,0
4824,2022,Rajasthan,8,Jodhpur,107,Jodhpur West,0,2,2,0,0,0,247,80,0,,7,0,0,0,6,0,0,0,64,3,4,0,215,0,18,0,0,1,0,0,0,0,0,0,0,43,26,0,6,0,0,0
4825,2022,Rajasthan,8,Jodhpur,107,Jodhpur Rural,0,25,3,0,0,0,235,13,0,,0,0,0,0,63,1,0,0,68,1,25,0,159,0,2,0,0,0,0,0,0,0,0,0,0,37,35,0,16,0,0,0
4826,2022,Rajasthan,8,Karauli,108,Karauli,0,20,5,0,0,0,334,61,0,,86,0,0,0,15,0,0,0,111,0,74,0,173,0,0,0,0,0,0,0,0,0,0,25,0,28,25,2,0,0,0,0
4827,2022,Rajasthan,8,Kota,109,Kota City,0,7,4,0,1,0,435,155,0,,3,0,0,0,4,1,0,0,158,0,4,0,216,0,6,0,4,0,0,0,0,1,0,3,0,30,52,3,2,1,0,0
4828,2022,Rajasthan,8,Kota,109,Kota Rural,0,4,2,0,0,0,215,45,0,,3,0,0,0,49,0,0,0,70,0,7,0,161,0,0,0,0,0,0,0,0,0,0,0,0,21,16,0,0,17,0,0
4829,2022,Rajasthan,8,Nagaur,110,Nagaur,2,19,4,0,0,0,595,98,0,,41,0,0,0,21,1,0,0,158,1,46,0,309,0,1,0,0,0,0,0,0,6,0,4,2,68,58,0,0,0,0,0
4830,2022,Rajasthan,8,Pali,111,Pali,0,10,10,0,0,0,720,51,0,,38,0,0,0,69,0,0,0,145,0,18,0,347,0,0,0,0,0,0,0,0,6,0,4,0,15,13,2,0,52,0,0
4831,2022,Rajasthan,8,Pratapgarh,629,Pratapgarh,0,8,8,0,0,0,248,123,0,,58,0,0,0,0,0,0,0,171,2,23,0,233,0,1,0,0,0,0,0,0,0,1,3,0,51,13,0,0,0,0,0
4832,2022,Rajasthan,8,Rajsamand,112,Rajsamand,0,6,4,0,0,0,311,139,0,,3,0,0,0,8,0,0,0,70,1,7,0,147,0,1,0,0,0,0,4,0,0,0,1,1,24,20,0,0,0,0,0
4833,2022,Rajasthan,8,Sawai Madhopur,113,Sawai Madhopur,0,8,2,0,0,0,326,22,0,,45,0,0,0,6,1,0,0,104,29,41,0,155,0,0,0,0,0,0,0,0,0,0,2,0,31,29,2,1,48,0,0
4834,2022,Rajasthan,8,Sikar,114,Sikar,0,14,6,0,0,0,732,101,0,,17,0,0,0,84,1,0,0,135,3,33,0,148,0,0,0,0,0,0,0,0,0,0,9,9,64,54,3,33,0,0,0
4835,2022,Rajasthan,8,Sirohi,115,Sirohi,1,4,2,0,0,0,255,40,0,,11,0,0,0,41,0,0,0,89,2,24,0,225,0,1,0,0,1,0,0,0,2,0,4,0,35,20,2,3,8,0,0
4836,2022,Rajasthan,8,Tonk,116,Tonk,0,12,2,0,0,0,327,67,0,,8,0,0,0,37,0,0,0,102,0,16,0,109,0,1,0,0,1,0,0,0,0,0,3,0,28,31,3,0,19,0,0
4837,2022,Rajasthan,8,Udaipur,117,Udaipur,0,9,14,0,0,0,768,429,0,,43,0,0,0,21,0,0,0,283,4,35,0,455,0,3,0,0,0,0,1,0,1,2,13,0,110,28,2,10,13,0,0
4838,2022,Rajasthan,8,Jaipur,102,Jaipur Metro,0,0,0,0,0,0,0,0,0,,0,0,0,0,0,0,0,0,0,0,0,0,0,0,0,0,0,0,0,0,0,0,0,0,0,0,0,0,0,0,0,0
4839,2022,Rajasthan,8,Jaipur,102,Scrb,0,0,0,0,0,0,0,0,0,,0,0,0,0,0,0,0,0,0,0,0,0,0,0,0,0,0,0,0,0,0,0,0,1,0,0,0,0,0,0,0,0
4840,2022,Rajasthan,8,Jaipur,102,Sog,0,0,0,0,0,0,0,0,0,,0,0,0,0,0,0,0,0,0,0,0,0,0,0,0,0,0,0,0,0,0,0,0,0,0,0,0,0,0,0,0,0
4841,2022,Rajasthan,8,Jaipur,102,Ssb,0,0,0,0,0,0,0,0,0,,0,0,0,0,0,0,0,0,0,0,0,0,0,0,0,0,0,0,0,0,0,0,0,0,0,0,0,0,0,0,0,0
4842,2022,Rajasthan,8,Jaipur,102,Jaipur Crime,0,0,0,0,0,0,0,0,0,,0,0,0,0,0,0,0,0,0,0,0,0,0,0,0,0,0,0,0,0,0,0,0,0,0,0,0,0,0,0,0,0
4843,2022,Rajasthan,8,Khairthal-Tijara,770,Bhiwadi,0,14,3,0,0,0,449,80,1,,37,0,0,0,75,0,0,0,169,0,35,0,175,0,0,0,0,0,0,0,0,3,0,0,0,21,14,1,0,21,0,0
4844,2022,Tamil Nadu,33,Ariyalur,610,Ariyalur,0,1,3,0,0,0,9,1,0,,1,0,0,0,0,0,0,0,7,0,3,0,4,0,0,0,0,0,0,0,0,0,0,1,0,76,14,9,0,0,0,0
4845,2022,Tamil Nadu,33,Chennai,568,Chennai,0,2,10,1,1,0,106,0,0,,2,0,3,0,0,0,0,0,36,1,0,0,139,0,14,0,8,0,5,0,0,53,0,12,36,196,77,28,5,0,0,0
4846,2022,Tamil Nadu,33,Coimbatore,569,Coimbatore,0,0,10,0,0,0,19,0,0,,3,0,0,0,0,0,0,0,13,2,0,0,21,0,0,0,2,0,0,0,0,24,0,9,1,160,41,16,1,0,0,0
4847,2022,Tamil Nadu,33,Coimbatore,569,Coimbatore City,0,0,0,0,0,0,35,3,0,,0,0,0,0,0,0,0,0,7,0,0,0,10,0,0,0,0,0,0,0,0,8,0,0,0,45,30,0,0,0,0,0
4848,2022,Tamil Nadu,33,Cuddalore,570,Cuddalore,0,4,20,0,0,0,44,0,0,,86,0,0,0,0,0,0,0,26,0,0,0,37,0,0,0,0,0,0,0,0,3,0,0,0,124,66,0,0,0,0,0
4849,2022,Tamil Nadu,33,Dharmapuri,571,Dharmapuri,0,0,6,0,0,0,11,8,0,,1,0,0,0,1,0,0,0,7,2,0,0,27,0,1,0,0,0,0,0,0,1,0,2,0,96,13,9,0,0,0,0
4850,2022,Tamil Nadu,33,Dindigul,572,Dindigul,1,0,3,0,0,0,58,7,0,,3,0,11,0,0,0,0,0,6,0,0,0,40,0,1,0,1,0,0,0,0,6,0,3,0,96,7,10,2,0,0,0
4851,2022,Tamil Nadu,33,Erode,573,Erode,0,0,3,0,0,0,8,1,0,,2,0,1,0,0,0,0,0,6,0,0,0,28,0,0,0,2,0,0,0,13,0,0,1,0,149,20,0,0,0,0,0
4852,2022,Tamil Nadu,33,Kanchipuram,574,Kanchipuram,0,0,1,0,0,0,0,1,0,,0,0,0,0,0,0,0,0,3,0,0,0,2,0,0,0,1,0,0,0,0,0,0,3,0,38,2,0,0,0,0,0
4853,2022,Tamil Nadu,33,Kanniyakumari,575,Kanyakumari,0,0,6,0,0,0,3,0,0,,2,0,0,0,0,0,0,0,4,25,0,0,40,0,1,0,37,0,0,0,0,0,0,0,0,69,28,5,0,0,0,0
4854,2022,Tamil Nadu,33,Karur,576,Karur,0,2,1,0,0,0,18,0,0,,2,0,0,0,0,0,0,0,5,0,2,0,8,0,0,0,4,1,0,0,0,5,5,0,0,52,10,9,0,0,0,0
4855,2022,Tamil Nadu,33,Krishnagiri,577,Krishnagiri,0,0,6,0,0,0,7,0,0,,0,0,0,0,0,0,0,0,3,6,0,0,19,0,0,0,0,2,0,0,0,0,0,1,0,79,13,2,0,0,0,0
4856,2022,Tamil Nadu,33,Madurai,578,Madurai,0,2,4,0,0,0,38,0,0,,13,0,8,0,0,0,0,0,20,0,2,0,50,0,2,0,11,0,0,0,0,0,0,1,0,140,23,15,1,0,0,0
4857,2022,Tamil Nadu,33,Madurai,578,Madurai City,0,1,1,0,0,0,85,0,0,,2,0,0,0,1,0,0,0,13,2,0,0,37,0,1,0,0,8,0,0,0,0,0,0,0,95,36,0,0,0,0,0
4858,2022,Tamil Nadu,33,Nagapattinam,579,Nagapattinam,0,0,0,0,0,0,19,0,0,,4,0,1,0,0,0,0,0,8,5,1,0,58,0,1,0,4,0,0,0,0,0,0,0,0,72,29,4,0,0,0,0
4859,2022,Tamil Nadu,33,Namakkal,580,Namakkal,0,1,3,0,0,0,5,1,0,,0,0,0,0,0,0,0,0,6,1,0,0,37,0,0,0,3,0,0,0,0,5,0,2,0,101,15,4,0,0,0,0
4860,2022,Tamil Nadu,33,The Nilgiris,587,Nilgiris,0,1,5,0,0,0,5,1,0,,0,0,0,0,0,0,0,0,4,0,0,0,10,0,2,0,0,0,0,0,0,0,0,0,0,54,9,0,0,0,0,0
4861,2022,Tamil Nadu,33,Perambalur,581,Perambalur,0,0,3,0,0,0,9,0,0,,1,0,0,0,0,0,0,0,6,0,1,0,16,0,0,0,3,0,0,0,0,0,0,0,0,46,15,6,0,0,0,0
4862,2022,Tamil Nadu,33,Pudukkottai,582,Pudukottai,0,0,4,0,0,0,32,0,0,,4,0,0,0,0,0,0,0,6,0,0,0,54,0,2,0,0,0,0,0,0,0,0,16,0,45,14,11,0,0,0,0
4863,2022,Tamil Nadu,33,Ramanathapuram,583,Ramnathapuram,0,0,0,0,0,0,10,20,0,,6,0,0,0,0,1,0,0,15,0,2,0,15,0,0,0,24,0,0,0,0,0,0,2,0,63,39,9,0,0,0,0
4864,2022,Tamil Nadu,33,Chennai,568,Railway Chennai,0,0,0,0,0,0,0,0,0,,0,0,0,0,0,0,0,0,0,0,0,0,4,0,0,0,0,0,0,0,0,0,0,0,0,0,6,0,0,0,0,0
4865,2022,Tamil Nadu,33,Tiruchirappalli,591,Railway Trichy,0,0,0,0,0,0,0,0,0,,0,0,0,0,0,0,0,0,0,0,0,0,1,0,0,0,0,0,0,0,0,0,0,0,0,0,0,0,0,0,0,0
4866,2022,Tamil Nadu,33,Salem,584,Salem,0,0,10,0,0,0,14,0,0,,23,0,0,0,0,0,0,0,5,0,0,0,70,0,0,0,2,0,0,0,0,0,0,0,0,125,13,34,0,0,0,0
4867,2022,Tamil Nadu,33,Salem,584,Salem City,0,1,0,0,0,0,11,6,0,,5,0,2,0,1,0,0,0,2,30,0,0,29,0,0,0,7,0,0,0,0,0,0,0,0,43,20,11,1,0,0,0
4868,2022,Tamil Nadu,33,Sivaganga,585,Sivagangai,0,2,0,0,0,0,36,16,0,,5,0,2,0,0,0,0,0,10,0,1,0,30,0,0,0,10,0,0,0,0,0,0,2,11,84,26,3,0,0,0,0
4869,2022,Tamil Nadu,33,Thanjavur,586,Thanjavur,1,0,14,0,0,1,48,0,0,,6,0,0,0,0,0,0,0,8,2,0,0,138,0,6,0,15,0,0,0,0,0,0,2,0,99,21,20,3,0,0,0
4870,2022,Tamil Nadu,33,Theni,588,Theni,1,1,7,0,0,0,65,4,0,,0,0,0,0,0,0,0,0,10,1,0,0,43,0,0,0,1,4,0,0,0,0,0,0,0,153,20,19,0,0,0,0
4871,2022,Tamil Nadu,33,Tirunelveli,592,Thirunelveli,0,2,5,0,0,0,22,1,0,,13,0,0,0,1,1,0,0,10,1,1,5,57,0,0,2,0,0,0,0,0,3,0,1,1,60,24,5,0,1,0,0
4872,2022,Tamil Nadu,33,Tirunelveli,592,Thirunelveli City,0,0,0,0,0,0,9,0,0,,2,0,0,0,0,0,0,0,1,0,0,0,18,0,0,0,3,8,0,0,0,0,0,1,0,24,12,1,0,0,0,0
4873,2022,Tamil Nadu,33,Thiruvallur,589,Thiruvallur,1,0,9,0,0,0,22,0,0,,0,0,0,0,0,0,0,0,11,0,2,0,14,0,0,0,0,0,0,0,0,0,0,1,0,43,3,11,0,0,0,0
4874,2022,Tamil Nadu,33,Tiruvannamalai,593,Thiruvannamalai,0,0,9,0,0,0,10,0,0,,2,0,0,0,0,0,0,0,8,2,1,0,22,0,0,0,9,0,0,0,0,0,0,0,0,113,17,12,0,2,0,0
4875,2022,Tamil Nadu,33,Thiruvarur,590,Thiruvarur,0,2,2,0,0,0,13,0,0,,7,0,0,0,0,0,0,0,9,0,0,0,13,0,3,0,0,1,0,0,0,0,0,0,0,57,7,12,0,1,0,0
4876,2022,Tamil Nadu,33,Tuticorin,594,Thoothukudi,0,0,6,0,0,0,29,3,0,,5,0,0,0,0,0,0,0,14,19,1,0,41,0,3,1,12,5,0,0,0,0,0,2,0,90,31,9,1,0,0,0
4877,2022,Tamil Nadu,33,Tiruppur,634,Tiruppur,0,0,3,0,0,0,13,1,0,,0,0,0,0,0,0,0,0,8,0,0,0,18,0,0,0,0,0,0,0,0,5,0,2,0,87,32,0,2,0,0,0
4878,2022,Tamil Nadu,33,Tiruppur,634,Tiruppur City,0,0,0,0,0,0,1,5,0,,3,0,0,0,0,0,0,0,2,8,0,0,2,0,1,0,2,2,0,0,0,0,0,0,0,52,18,3,1,0,0,0
4879,2022,Tamil Nadu,33,Tiruchirappalli,591,Trichy,0,0,2,0,0,0,70,0,0,,4,0,0,0,0,0,0,0,16,5,2,0,42,0,7,0,0,0,4,0,0,0,0,2,0,75,10,13,0,3,0,0
4880,2022,Tamil Nadu,33,Tiruchirappalli,591,Trichy City,0,0,1,0,0,0,19,0,1,,0,0,0,0,0,0,0,0,5,0,0,0,15,0,0,0,3,0,0,0,0,17,0,1,0,34,7,6,1,0,0,0
4881,2022,Tamil Nadu,33,Vellore,595,Vellore,0,0,0,0,0,0,19,0,0,,1,0,3,0,0,0,0,0,2,0,0,0,13,0,1,0,0,0,0,0,0,0,0,0,0,49,14,4,0,0,0,0
4882,2022,Tamil Nadu,33,Villupuram,596,Villupuram,0,1,12,0,0,0,20,0,0,,13,0,0,0,0,0,0,0,22,30,0,0,14,0,0,0,5,0,0,0,0,8,0,0,0,59,18,6,1,1,0,0
4883,2022,Tamil Nadu,33,Virudhunagar,597,Virudhunagar,0,1,2,0,0,1,20,6,0,,1,0,1,0,0,0,0,0,17,0,0,0,33,0,0,0,13,0,0,0,0,0,0,0,0,147,22,14,0,0,0,0
4884,2022,Tamil Nadu,33,Coimbatore,569,Cyber Cell,0,0,0,0,0,0,0,0,0,,0,0,0,0,0,0,0,0,0,0,0,0,0,0,0,0,0,0,0,0,0,0,0,2,0,0,0,0,0,0,0,0
4885,2022,Tamil Nadu,33,Chennai,568,Other Units,0,0,0,0,0,0,0,0,0,,0,0,0,0,0,0,0,0,0,0,0,0,0,0,0,0,0,0,0,0,0,0,0,1,0,0,0,0,0,0,0,0
4886,2022,Tamil Nadu,33,Chengalpattu,730,Chengalpattu,0,1,1,0,1,0,2,1,0,,0,0,0,0,0,0,0,0,8,0,0,0,3,0,2,0,1,0,0,0,0,0,0,1,0,30,10,3,0,0,0,0
4887,2022,Tamil Nadu,33,Kallakurichi,729,Kallakurichi,0,1,0,0,0,0,18,0,0,,20,0,0,0,0,0,0,0,8,0,0,0,38,0,0,0,7,0,0,2,0,0,0,0,0,60,14,2,0,0,0,0
4888,2022,Tamil Nadu,33,Ranipet,731,Ranipet,0,0,3,0,0,0,3,1,0,,0,0,0,0,0,0,0,0,0,0,0,0,13,0,0,0,1,0,1,0,0,0,0,0,0,18,7,3,0,0,0,0
4889,2022,Tamil Nadu,33,Tirupathur,732,Tiruppattur,1,0,3,0,0,0,4,0,0,,2,0,0,0,0,0,0,0,4,7,0,0,15,0,4,0,6,0,0,0,0,2,0,0,0,51,11,0,0,0,0,0
4890,2022,Tamil Nadu,33,Tenkasi,733,Tenkasi,1,0,5,0,0,0,14,6,0,,3,0,0,0,0,0,0,0,8,0,2,0,59,0,1,0,7,4,0,0,0,0,0,0,0,93,28,9,0,1,0,0
4891,2022,Telangana,36,Hyderabad,507,Cyberabad Commissionerate,3,11,63,0,1,1,1206,444,0,,1,0,0,0,3,148,0,0,124,37,0,0,489,0,107,0,0,0,0,0,0,0,0,3,13,224,82,6,2,0,0,0
4892,2022,Telangana,36,Hyderabad,507,Hyderabad Commissionerate,0,11,22,0,0,2,1577,323,0,,3,0,8,0,0,0,0,0,104,12,0,0,468,0,207,0,0,0,0,0,0,0,0,5,11,245,119,7,21,0,0,0
4893,2022,Telangana,36,Karimnagar,508,Karimnagar Commissionerate,0,4,14,0,0,0,236,3,0,,16,0,0,0,1,0,0,0,10,16,0,0,135,0,6,25,0,0,0,0,0,1,0,0,0,23,0,0,0,0,0,0
4894,2022,Telangana,36,Khammam,509,Khammam Commissionerate,0,4,23,0,0,0,278,82,0,,1,0,0,0,0,0,0,0,18,0,4,0,162,0,17,0,0,1,0,0,0,7,0,0,0,37,57,3,3,0,0,0
4895,2022,Telangana,36,Nizamabad,516,Nizamabad Commissionerate,1,5,15,0,0,0,347,57,0,,0,0,2,0,0,3,0,0,17,1,1,0,156,0,52,0,0,0,0,0,0,0,0,0,0,43,19,2,0,0,0,0
4896,2022,Telangana,36,Yadadri Bhuvanagiri,697,Rachakonda Commissionerate,0,12,1,0,0,0,1704,121,0,,0,0,0,0,13,0,0,0,172,0,0,0,888,0,255,0,0,0,0,0,0,0,0,0,0,263,255,0,0,0,0,0
4897,2022,Telangana,36,Peddapalli,682,Ramagundam Commissionerate,0,4,16,0,0,0,589,57,0,,0,0,1,0,0,0,0,0,11,1,2,0,219,1,13,0,0,0,1,0,0,0,0,0,0,48,28,0,0,0,0,0
4898,2022,Telangana,36,Siddipet,692,Siddipet Commissionerate,0,7,8,0,0,0,291,43,0,,0,0,1,0,3,0,0,0,23,0,0,0,109,0,8,0,0,0,0,0,0,0,0,0,0,58,22,0,0,0,0,0
4899,2022,Telangana,36,Warangal,522,Warangal Commissionerate,0,14,28,0,0,0,577,159,0,,3,0,1,0,12,0,0,0,50,2,2,0,254,0,31,0,5,0,0,0,0,0,0,0,0,83,50,1,0,0,0,0
4900,2022,Telangana,36,Adilabad,501,Adilabad,0,3,7,0,1,0,149,15,0,,0,0,2,0,3,2,0,0,17,0,0,0,67,3,13,0,1,0,0,0,0,0,0,1,0,22,13,8,0,0,0,0
4901,2022,Telangana,36,Bhadradri Kothagudem,690,Bhadradri Kothagudem,0,2,20,0,1,0,378,76,0,,4,0,10,0,0,2,0,0,24,2,1,0,126,0,7,0,0,0,0,0,0,0,0,0,0,42,48,0,0,1,0,0
4902,2022,Telangana,36,Jayashankar Bhupalapally,687,Jayashankar Bhupalpalli,0,2,6,0,0,0,86,31,0,,3,0,0,0,0,0,0,0,5,0,0,0,68,0,0,3,0,0,0,0,0,0,0,0,0,6,0,0,0,1,0,0
4903,2022,Telangana,36,Jogulamba Gadwal,695,Jogulamba Gadwal,0,1,8,0,0,0,47,4,0,,1,0,0,0,0,0,0,0,6,8,0,0,47,0,1,0,0,0,0,0,0,0,0,1,0,54,12,0,0,0,0,0
4904,2022,Telangana,36,Kamareddy,685,Kamareddy,0,4,5,0,0,0,196,1,0,,0,0,0,0,0,0,0,0,9,3,0,0,70,0,14,10,0,0,0,0,0,0,0,0,0,27,17,0,0,0,0,0
4905,2022,Telangana,36,Kumuram Bheem Asifabad,699,Kumaram Bheem Asifabad,0,3,3,0,0,0,69,32,0,,1,0,1,0,0,0,0,0,17,1,2,0,19,0,5,0,0,1,0,0,0,0,0,0,0,11,4,0,0,0,0,0
4906,2022,Telangana,36,Mahabubabad,688,Mahabubabad,0,1,16,0,0,0,199,66,0,,0,1,0,0,0,0,0,0,23,0,0,0,90,1,19,0,0,0,0,0,0,0,0,0,1,27,17,0,0,0,0,0
4907,2022,Telangana,36,Mahabubnagar,512,Mahabubnagar,0,0,14,0,0,0,151,33,0,,0,0,1,0,0,0,0,0,11,54,0,0,84,0,3,17,0,0,0,0,0,3,0,0,0,92,4,0,0,0,0,0
4908,2022,Telangana,36,Medak,513,Medak,1,7,9,0,0,0,147,40,0,,0,0,0,0,0,2,0,0,5,0,0,0,71,0,6,0,0,0,0,0,0,0,0,0,0,51,15,2,0,0,0,0
4909,2022,Telangana,36,Nagarkurnool,694,Nagarkurnool,0,2,11,0,0,0,121,45,0,,0,0,0,0,1,0,0,0,14,3,2,0,109,0,22,0,0,0,0,0,0,0,0,1,0,55,15,0,0,0,0,0
4910,2022,Telangana,36,Nalgonda,514,Nalgonda,0,6,21,0,0,0,273,53,0,,1,0,1,0,4,0,0,0,31,2,8,0,204,0,54,0,0,0,0,0,0,0,0,1,0,59,30,0,0,0,1,0
4911,2022,Telangana,36,Nirmal,680,Nirmal,0,3,11,0,0,0,113,33,0,,0,0,0,0,0,0,0,0,8,0,0,0,47,0,0,0,0,0,0,0,0,0,0,0,0,9,0,0,0,0,0,0
4912,2022,Telangana,36,Rajanna Sircilla,683,Rajanna Siricilla,0,4,6,0,0,0,167,2,0,,5,0,0,0,0,0,0,0,21,15,0,0,31,0,5,54,0,0,0,0,0,0,0,0,0,21,0,0,0,0,0,0
4913,2022,Telangana,36,Sangareddy,691,Sangareddy,0,10,7,0,0,0,189,0,0,,6,0,12,0,1,0,0,0,24,0,0,0,69,0,4,0,0,0,0,0,0,0,0,2,0,50,10,0,0,0,0,0
4914,2022,Telangana,36,Suryapet,696,Suryapet,0,5,4,0,0,0,352,41,0,,0,0,0,0,0,0,0,0,23,0,4,0,214,0,56,0,0,0,0,0,0,1,0,0,0,49,32,0,0,0,0,0
4915,2022,Telangana,36,Vikarabad,698,Vikarabad,1,3,11,0,0,0,126,44,0,,1,0,0,0,0,0,0,0,18,0,1,0,59,0,4,0,0,0,0,0,0,0,0,0,0,43,10,0,0,0,0,0
4916,2022,Telangana,36,Wanaparthy,693,Wanaparthy,0,0,0,0,0,0,63,8,0,,0,0,0,0,0,0,0,0,7,18,0,0,28,0,11,4,0,0,0,0,0,0,0,0,0,25,0,0,0,0,0,0
4917,2022,Telangana,36,Hyderabad,507,Railway Police Secunderabad,0,1,0,0,0,0,0,4,0,,0,0,0,0,0,0,0,0,0,0,1,0,3,0,3,0,0,0,0,0,0,0,0,0,0,0,0,0,0,0,0,0
4918,2022,Telangana,36,Mulugu,720,Mulug,0,3,5,0,0,0,65,16,0,,0,0,0,0,0,0,0,0,7,0,1,0,35,0,6,0,0,0,0,0,0,0,0,0,0,21,5,0,0,0,0,0
4919,2022,Telangana,36,Narayanpet,721,Narayanpet,1,1,4,0,0,0,38,23,0,,0,0,0,0,0,0,0,0,6,4,0,0,41,0,0,0,0,0,0,0,0,0,0,0,1,39,3,4,0,0,0,0
4920,2022,Tripura,16,Dhalai,269,Dhalai,1,1,1,0,0,0,30,2,1,,0,0,0,0,2,0,0,0,8,1,1,0,9,0,0,0,0,0,0,0,0,0,0,0,0,6,3,0,0,0,0,0
4921,2022,Tripura,16,Gomati,654,Gomati,0,2,1,0,0,0,69,4,0,,0,0,4,0,1,0,0,0,11,1,0,0,7,0,1,0,0,0,0,0,0,0,0,0,0,15,7,1,0,0,0,0
4922,2022,Tripura,16,West Tripura,272,Grp,0,0,0,0,0,0,0,0,0,,0,0,0,0,1,0,0,0,0,0,0,0,0,0,0,0,0,0,0,0,0,0,0,0,0,0,0,0,0,0,0,0
4923,2022,Tripura,16,Khowai,652,Kowai,1,3,2,0,0,0,8,0,0,,0,0,0,0,0,0,0,0,5,5,0,0,3,0,0,0,0,0,0,0,0,0,0,0,0,8,3,0,0,0,0,0
4924,2022,Tripura,16,North Tripura,270,North,1,5,1,0,0,0,40,4,0,,0,0,3,0,1,1,0,0,10,3,1,0,23,0,0,0,0,0,0,0,0,0,0,0,0,14,4,0,0,0,0,0
4925,2022,Tripura,16,Unakoti,655,Sipahijala,0,4,0,0,0,0,41,11,0,,1,0,0,0,1,0,0,0,7,0,1,0,7,0,0,0,0,0,0,0,0,0,0,0,0,1,2,0,0,0,0,0
4926,2022,Tripura,16,South Tripura,271,South,0,2,2,0,0,0,37,2,0,,0,0,5,0,0,0,0,0,5,4,1,0,14,0,0,0,0,0,0,0,0,0,0,0,0,8,2,0,0,0,0,0
4927,2022,Tripura,16,Unakoti,655,Unakoti,0,0,0,0,0,0,50,4,0,,2,0,6,0,1,0,0,0,7,0,3,0,11,0,0,0,0,0,0,0,0,0,0,0,2,12,8,0,0,0,0,0
4928,2022,Tripura,16,West Tripura,272,West,2,8,1,0,0,0,63,8,0,,2,0,9,0,0,0,0,0,9,2,1,0,13,0,1,0,0,0,0,0,0,0,0,2,0,14,7,4,0,0,0,0
4929,2022,Uttar Pradesh,9,Agra,118,Agra,0,84,0,6,2,0,775,222,0,,0,0,0,0,0,0,0,0,98,0,0,0,328,0,4,0,11,0,0,0,0,8,0,0,0,78,0,0,0,0,0,0
4930,2022,Uttar Pradesh,9,Aligarh,119,Aligarh,1,54,11,0,4,0,919,325,0,,201,0,0,0,0,0,0,0,57,0,0,0,598,0,0,0,2,0,0,0,0,0,0,25,0,74,182,0,0,0,0,0
4931,2022,Uttar Pradesh,9,Prayagraj,120,Prayagraj,0,48,28,0,0,0,947,0,0,,239,0,0,0,0,0,0,0,106,99,0,0,218,0,0,157,2,0,0,0,0,0,0,0,0,79,0,0,0,0,0,3
4932,2022,Uttar Pradesh,9,Ambedkar Nagar,121,Ambedkar Nagar,0,13,0,0,0,0,21,19,0,,60,0,0,0,0,0,0,0,46,95,0,20,98,0,0,30,183,0,0,1,0,0,0,8,0,20,0,0,0,0,0,0
4933,2022,Uttar Pradesh,9,Amethi,640,Amethi,0,10,0,0,0,0,134,0,0,,20,0,0,0,0,0,0,0,35,0,1,0,47,0,0,0,0,0,0,0,0,0,0,0,0,22,28,0,0,0,0,0
4934,2022,Uttar Pradesh,9,Auraiya,122,Auraiya,0,21,5,0,0,0,263,0,0,,125,0,0,0,0,0,0,0,14,4,0,0,92,0,0,0,4,0,0,0,0,0,0,12,0,51,84,3,0,0,0,0
4935,2022,Uttar Pradesh,9,Azamgarh,123,Azamgarh,1,23,4,0,0,0,353,72,0,,171,0,0,0,0,0,0,0,77,0,0,0,223,0,0,75,0,0,0,0,0,0,0,47,0,94,87,1,0,1,0,0
4936,2022,Uttar Pradesh,9,Budaun,133,Badaun,1,50,0,2,0,1,539,0,0,,105,0,0,0,0,0,0,0,61,0,3,0,208,0,0,0,21,0,0,0,0,1,0,0,0,127,106,3,0,6,0,0
4937,2022,Uttar Pradesh,9,Baghpat,124,Baghpat,0,12,0,3,0,0,82,0,0,,172,0,0,0,0,0,0,0,26,103,20,0,33,14,0,38,0,0,0,0,0,0,0,0,1,51,47,4,0,0,0,0
4938,2022,Uttar Pradesh,9,Bahraich,125,Bahraich,0,51,28,8,0,0,30,142,0,,320,0,0,0,0,0,0,0,40,0,7,0,323,0,19,0,900,0,0,0,0,0,0,0,0,50,124,0,0,0,0,0
4939,2022,Uttar Pradesh,9,Ballia,126,Ballia,1,16,6,1,0,0,167,36,0,,135,0,0,0,0,0,0,0,30,0,4,0,94,0,3,0,0,0,0,0,0,0,0,35,0,28,55,0,0,0,0,0
4940,2022,Uttar Pradesh,9,Balrampur,127,Balrampur,0,22,7,0,0,0,24,40,0,,52,0,0,0,0,0,0,0,32,101,0,33,64,0,0,34,117,0,0,0,0,0,0,2,0,30,35,1,0,0,0,0
4941,2022,Uttar Pradesh,9,Banda,128,Banda,0,30,12,0,0,0,198,160,0,,38,0,0,0,0,0,0,0,34,0,3,0,148,1,1,0,2,0,0,0,0,0,0,3,0,34,99,3,0,0,0,0
4942,2022,Uttar Pradesh,9,Bara Banki,129,Barabanki,0,30,9,6,0,0,35,115,0,,93,0,0,0,0,0,0,0,23,186,0,0,101,0,0,0,678,0,0,0,0,0,1,11,1,48,121,1,0,0,0,0
4943,2022,Uttar Pradesh,9,Bareilly,130,Bareilly,1,57,0,0,1,0,1155,256,0,,160,0,0,0,0,2,0,0,27,0,0,0,335,0,0,0,0,1,0,0,0,0,0,0,0,77,130,3,1,31,0,0
4944,2022,Uttar Pradesh,9,Basti,131,Basti,1,10,13,0,0,0,0,0,0,,71,0,0,0,0,0,0,0,56,139,0,29,69,0,2,0,345,0,0,0,0,0,0,0,0,29,57,0,0,0,0,0
4945,2022,Uttar Pradesh,9,Bijnor,132,Bijnor,0,24,16,8,0,0,527,0,0,,17,0,0,0,0,0,0,0,27,0,15,0,114,0,0,0,538,0,0,0,0,0,0,1,0,59,53,2,0,4,0,0
4946,2022,Uttar Pradesh,9,Bulandshahr,134,Bulandshahar,0,41,12,0,0,0,691,64,5,,71,0,0,0,0,0,0,0,49,0,9,0,83,0,4,13,0,0,0,0,0,0,0,4,0,110,118,5,0,1,0,0
4947,2022,Uttar Pradesh,9,Chandauli,135,Chandoli,0,11,8,0,0,0,99,0,0,,25,0,0,0,0,0,0,0,20,12,0,0,48,0,0,0,0,0,0,0,0,0,0,0,0,46,26,0,0,0,0,0
4948,2022,Uttar Pradesh,9,Chitrakoot,136,Chitrakoot,0,8,6,0,0,0,30,0,0,,43,0,0,0,0,0,0,0,21,0,0,0,49,0,0,0,0,0,0,0,0,0,0,0,0,18,33,0,0,0,0,0
4949,2022,Uttar Pradesh,9,Deoria,137,Deoria,0,23,0,0,0,0,19,0,0,,0,0,0,0,0,0,0,0,13,0,0,0,0,0,0,13,0,0,0,0,0,0,0,0,0,20,21,0,0,0,0,0
4950,2022,Uttar Pradesh,9,Etah,138,Etah,0,33,0,0,0,0,81,0,0,,47,0,0,0,0,0,0,0,11,0,0,0,99,0,6,0,0,0,0,0,0,0,0,0,0,29,30,1,0,0,0,0
4951,2022,Uttar Pradesh,9,Etawah,139,Etawah,1,31,6,0,0,0,98,4,0,,91,0,0,0,0,0,0,0,19,19,0,0,31,0,0,0,0,0,0,0,0,0,0,4,0,26,38,1,0,0,0,0
4952,2022,Uttar Pradesh,9,Ayodhya,140,Ayodhya,2,23,3,2,0,0,10,290,2,,0,0,0,0,0,0,0,0,52,0,6,0,84,0,0,46,244,0,0,1,0,0,0,8,0,24,0,0,0,0,0,0
4953,2022,Uttar Pradesh,9,Fatehpur,142,Fatehpur,2,42,4,0,0,0,182,0,0,,72,0,0,0,0,0,0,0,24,0,0,0,178,0,0,0,0,0,0,0,0,0,0,0,0,36,73,0,0,0,0,0
4954,2022,Uttar Pradesh,9,Firozabad,143,Firozabad,0,55,14,0,2,0,419,129,0,,245,0,0,0,0,2,0,0,94,253,1,39,311,0,0,110,0,0,0,0,0,0,0,0,0,39,110,0,0,0,0,0
4955,2022,Uttar Pradesh,9,Lucknow,162,Grp,0,1,0,0,0,0,0,5,0,,0,0,0,0,15,2,0,0,4,0,0,1,35,0,0,0,0,0,0,0,0,0,0,0,0,2,3,0,0,0,0,0
4956,2022,Uttar Pradesh,9,Ghaziabad,145,Ghaziabad,2,51,25,0,2,0,846,0,2,,0,0,0,0,9,0,0,0,103,113,0,0,190,0,1,1,3,0,0,0,0,6,0,22,0,99,116,4,0,1,1,0
4957,2022,Uttar Pradesh,9,Ghazipur,146,Ghazipur,0,29,3,10,1,0,247,0,0,,15,0,0,0,0,0,0,0,25,137,0,0,190,0,0,71,0,0,0,0,0,0,0,0,0,35,73,0,0,1,3,0
4958,2022,Uttar Pradesh,9,Gonda,147,Gonda,1,49,0,0,0,0,29,289,0,,0,0,0,0,0,0,0,0,27,0,0,0,94,0,0,0,246,0,0,0,0,0,0,0,0,42,71,1,0,2,0,0
4959,2022,Uttar Pradesh,9,Gorakhpur,148,Gorakhpur,0,31,24,0,0,0,664,30,0,,137,0,0,0,0,0,0,0,33,0,0,74,178,0,0,114,26,0,0,0,0,0,0,80,0,74,112,2,0,0,0,0
4960,2022,Uttar Pradesh,9,Hamirpur,149,Hamirpur,0,20,0,0,0,0,133,0,0,,8,0,0,0,0,0,0,0,17,55,0,0,105,0,0,0,0,0,0,0,0,0,0,1,0,24,51,0,0,0,0,0
4961,2022,Uttar Pradesh,9,Hapur,661,Hapur,0,23,0,0,0,0,289,241,0,,0,0,0,0,0,0,0,0,25,0,0,0,59,0,0,21,0,0,0,0,0,0,0,8,1,10,22,0,0,0,0,0
4962,2022,Uttar Pradesh,9,Hardoi,150,Hardoi,0,53,14,5,0,0,173,47,0,,81,0,0,0,0,0,0,0,19,0,0,28,112,1,0,71,47,0,0,0,0,0,0,0,0,28,71,0,0,0,0,0
4963,2022,Uttar Pradesh,9,Hathras,163,Hathras,0,26,0,0,1,0,123,34,0,,75,1,0,0,0,0,0,0,23,97,0,18,107,1,0,51,0,0,0,0,0,0,0,3,0,18,51,1,0,0,0,0
4964,2022,Uttar Pradesh,9,Jalaun,151,Jalaun,0,25,5,0,0,0,97,97,0,,0,0,0,0,0,0,0,0,18,0,0,0,52,0,0,0,0,0,0,0,0,0,0,0,0,25,47,1,0,0,0,0
4965,2022,Uttar Pradesh,9,Jaunpur,152,Jaunpur,1,28,5,0,1,0,170,135,0,,66,0,0,0,0,0,0,0,34,0,0,86,88,0,0,73,0,0,0,0,0,0,0,31,0,86,73,0,0,0,0,0
4966,2022,Uttar Pradesh,9,Jhansi,153,Jhansi,0,26,12,0,0,0,260,0,0,,4,0,0,0,0,0,0,0,43,81,0,0,112,0,0,0,0,0,0,0,0,0,0,0,0,21,45,1,0,0,0,0
4967,2022,Uttar Pradesh,9,Kannauj,155,Kannauj,2,24,9,0,1,0,471,246,1,,75,0,0,0,0,0,0,0,43,0,0,0,132,0,1,0,0,0,0,0,0,0,0,0,0,28,53,0,0,0,0,0
4968,2022,Uttar Pradesh,9,Kanpur Dehat,156,Kanpur Dehat,2,18,5,0,0,0,312,130,0,,0,0,0,0,0,0,0,0,10,0,0,0,86,0,2,0,0,0,0,0,0,0,0,0,0,22,74,0,0,0,0,0
4969,2022,Uttar Pradesh,9,Kanpur Nagar,157,Kanpur Commissionarate,0,43,0,0,2,0,1075,55,0,,168,0,0,0,0,0,0,0,86,73,1,0,366,0,1,0,0,5,0,0,0,0,0,0,0,118,152,7,0,2,0,0
4970,2022,Uttar Pradesh,9,Kasganj,633,Kasganj,0,28,1,0,0,0,114,195,0,,0,0,0,0,0,0,0,0,24,0,0,26,199,0,0,0,0,0,0,0,0,0,0,0,0,17,35,7,0,0,0,0
4971,2022,Uttar Pradesh,9,Kaushambi,158,Kaushambi,0,13,0,0,1,0,68,0,0,,0,0,0,0,0,0,0,0,45,143,0,0,48,0,0,0,0,0,0,0,0,0,0,7,0,23,44,0,0,0,0,0
4972,2022,Uttar Pradesh,9,Kheri,159,Khiri,4,53,0,0,0,0,274,0,0,,28,0,0,0,0,0,0,0,94,181,0,0,96,0,0,0,0,0,0,0,0,0,0,0,0,36,62,1,0,0,0,0
4973,2022,Uttar Pradesh,9,Kushinagar,160,Kushi Nagar,0,27,3,1,0,0,98,131,0,,210,0,0,0,0,0,0,0,21,82,0,0,89,0,0,0,0,0,0,0,0,0,0,11,0,37,54,0,0,0,0,0
4974,2022,Uttar Pradesh,9,Lalitpur,161,Lalitpur,0,13,0,0,0,0,38,0,0,,39,0,0,0,0,0,0,0,27,0,3,0,52,0,0,0,0,0,0,0,0,0,0,0,0,18,22,0,0,0,0,0
4975,2022,Uttar Pradesh,9,Lucknow,162,Lucknow Commissionarate,0,43,44,0,0,0,1038,0,0,,192,0,0,0,0,0,0,0,156,56,0,0,387,0,0,0,0,0,0,0,0,0,0,0,0,162,99,2,0,7,0,0
4976,2022,Uttar Pradesh,9,Mahrajganj,164,Maharajganj,0,21,4,0,0,0,176,0,0,,2,0,0,0,1,1,0,0,22,4,0,0,24,0,0,0,2,0,0,0,0,0,0,7,0,23,42,0,0,0,0,0
4977,2022,Uttar Pradesh,9,Mahoba,165,Mahoba,0,8,7,0,0,0,12,25,0,,2,0,0,0,0,0,0,0,13,22,0,0,61,0,0,0,0,0,0,0,0,0,0,2,0,20,41,0,0,0,0,0
4978,2022,Uttar Pradesh,9,Mainpuri,166,Mainpuri,1,43,11,5,0,0,189,42,0,,53,0,0,0,0,0,0,0,23,138,2,0,105,0,0,0,2,0,0,0,0,0,0,0,0,17,60,0,0,0,0,0
4979,2022,Uttar Pradesh,9,Mathura,167,Mathura,17,34,0,0,0,0,373,0,0,,356,0,0,0,0,0,0,0,87,40,0,0,354,0,2,0,0,0,0,0,0,0,0,0,0,55,115,3,0,0,0,0
4980,2022,Uttar Pradesh,9,Mau,168,Mau,0,8,0,0,0,0,20,99,0,,43,0,0,0,0,0,0,0,46,0,0,0,83,0,0,0,293,0,0,0,0,0,0,7,0,61,43,3,0,0,0,0
4981,2022,Uttar Pradesh,9,Meerut,169,Meerut,18,28,0,25,0,0,613,300,0,,172,0,0,0,0,0,0,0,103,0,67,0,125,0,0,0,0,0,0,0,0,0,0,0,0,68,74,4,0,0,0,0
4982,2022,Uttar Pradesh,9,Mirzapur,170,Mirzapur,0,26,4,0,0,0,106,0,0,,15,0,0,0,0,0,0,0,19,39,0,0,33,0,0,0,0,0,0,0,0,0,0,4,0,39,25,0,0,0,0,0
4983,2022,Uttar Pradesh,9,Moradabad,171,Moradabad,0,23,0,0,0,0,399,0,0,,65,0,0,0,0,0,0,0,20,0,0,3,108,0,0,0,0,0,0,0,0,0,0,0,0,75,72,1,0,0,0,0
4984,2022,Uttar Pradesh,9,Muzaffarnagar,172,Muzaffarnagar,1,23,0,0,0,0,314,0,0,,27,0,0,0,0,0,0,0,25,22,11,39,13,0,0,21,0,0,0,0,0,0,0,0,0,44,21,1,0,0,0,0
4985,2022,Uttar Pradesh,9,Pilibhit,173,Pilibhit,0,28,4,6,0,0,353,50,0,,213,0,0,0,0,1,0,0,155,204,2,0,169,0,2,0,5,0,0,0,0,0,0,0,0,34,48,1,0,3,0,0
4986,2022,Uttar Pradesh,9,Pratapgarh,174,Pratapgarh,0,20,0,0,0,0,536,0,0,,0,0,0,0,0,0,0,0,74,220,0,0,164,0,0,0,1,0,0,0,0,0,0,5,0,54,71,1,0,0,0,0
4987,2022,Uttar Pradesh,9,Rae Bareli,175,Raibareilly,0,13,0,0,0,0,138,90,0,,0,0,0,0,0,0,0,0,30,202,0,0,69,0,0,0,5,0,0,0,0,0,0,0,0,42,73,0,0,0,0,0
4988,2022,Uttar Pradesh,9,Rampur,176,Rampur,0,25,6,0,0,0,14,0,0,,103,0,0,0,0,0,0,0,109,70,4,0,80,0,0,0,445,0,0,0,0,0,2,7,0,28,31,0,0,1,0,0
4989,2022,Uttar Pradesh,9,Saharanpur,177,Saharanpur,0,25,0,0,0,0,376,142,0,,90,0,0,0,0,0,0,0,29,0,0,0,91,0,0,0,0,0,0,0,0,0,0,19,0,75,32,3,0,1,0,0
4990,2022,Uttar Pradesh,9,Sambhal,659,Sambhal,0,40,2,2,2,0,229,22,1,,67,0,0,0,1,1,0,0,87,37,6,0,113,0,0,0,23,0,0,0,0,0,0,0,0,52,54,2,0,8,0,0
4991,2022,Uttar Pradesh,9,Sant Kabir Nagar,178,Sant Kabirnagar,1,9,4,0,0,0,69,0,0,,5,0,0,0,0,0,0,0,23,96,0,19,77,0,0,50,0,0,0,0,0,0,0,10,0,21,49,1,0,0,0,0
4992,2022,Uttar Pradesh,9,Shahjahanpur,180,Shahjahanpur,0,55,0,0,1,0,303,69,0,,35,0,0,0,0,0,0,0,29,0,0,0,130,0,0,0,13,0,0,0,0,0,0,35,0,33,55,0,0,1,0,0
4993,2022,Uttar Pradesh,9,Shamli,660,Shamli,0,5,0,0,0,0,252,0,0,,33,0,0,0,0,0,0,0,34,0,0,0,147,0,0,0,0,0,0,0,0,0,0,5,0,42,62,0,0,2,0,0
4994,2022,Uttar Pradesh,9,Shrawasti,181,Shrawasti,0,27,8,3,0,0,7,0,0,,30,0,0,0,0,1,0,0,41,75,0,0,50,0,0,0,149,0,0,0,0,0,0,1,0,10,30,0,0,0,0,0
4995,2022,Uttar Pradesh,9,Siddharthnagar,182,Sidharthnagar,0,21,3,0,0,0,13,0,0,,8,0,0,0,0,0,0,0,22,50,0,20,110,0,0,0,119,0,0,0,0,0,0,0,0,20,56,3,0,86,0,0
4996,2022,Uttar Pradesh,9,Sitapur,183,Sitapur,0,48,0,0,0,0,293,241,0,,0,0,0,0,0,0,0,0,14,270,0,0,78,0,0,0,0,0,0,0,0,0,0,0,0,25,0,2,0,0,0,0
4997,2022,Uttar Pradesh,9,Sonbhadra,184,Sonbhadra,0,23,0,0,0,0,79,50,0,,0,0,0,0,0,0,0,0,62,0,0,0,51,0,0,0,79,0,0,0,0,0,0,0,0,81,38,2,1,0,0,0
4998,2022,Uttar Pradesh,9,Bhadohi,179,Bhadohi,0,15,2,0,0,0,8,50,0,,29,0,0,0,0,0,0,0,9,41,0,0,39,0,3,10,77,0,0,0,0,0,0,1,0,15,10,0,0,0,0,0
4999,2022,Uttar Pradesh,9,Sultanpur,185,Sultanpur,0,20,6,0,0,0,34,105,0,,159,0,0,0,0,0,0,0,51,209,5,0,146,0,0,0,222,0,0,0,0,0,0,0,4,26,54,0,0,0,0,0
5000,2022,Uttar Pradesh,9,Unnao,186,Unnao,1,30,5,0,0,0,217,82,9,,188,0,0,0,10,0,0,0,31,14,0,0,147,0,0,0,0,0,0,0,0,0,0,8,0,41,99,0,0,1,0,0
5001,2022,Uttar Pradesh,9,Varanasi,187,Varanasi Commissionarate,0,25,9,2,0,0,485,80,0,,128,0,0,0,0,0,0,0,61,0,1,0,112,0,1,0,3,0,0,0,0,0,0,16,0,43,41,4,0,0,0,0
5002,2022,Uttar Pradesh,9,Lucknow,162,Lucknow Grameen,0,0,0,0,0,0,0,0,0,,0,0,0,0,0,0,0,0,0,0,0,0,0,0,0,0,0,0,0,0,0,0,0,0,0,0,0,0,0,0,0,0
5003,2022,Uttar Pradesh,9,Kanpur Dehat,156,Kanpur Outer,0,0,0,0,0,0,0,0,0,,0,0,0,0,0,0,0,0,0,0,0,0,0,0,0,0,0,0,0,0,0,0,0,0,0,0,0,0,0,0,0,0
5004,2022,Uttar Pradesh,9,Varanasi,187,Vasanasi Dehat,0,0,0,0,0,0,0,0,0,,0,0,0,0,0,0,0,0,0,0,0,0,0,0,0,0,0,0,0,0,0,0,0,0,0,0,0,0,0,0,0,0
5005,2022,Uttarakhand,5,Almora,45,Almora,0,0,0,0,0,0,6,0,0,,0,0,0,0,1,0,0,0,16,0,0,0,12,0,0,0,0,0,0,0,0,0,0,0,0,15,4,0,0,0,0,0
5006,2022,Uttarakhand,5,Bageshwar,46,Bageshwar,1,1,0,0,0,0,3,0,0,,0,0,0,0,0,0,0,0,10,0,0,0,4,0,0,0,0,0,0,0,0,0,0,0,0,7,0,0,0,0,0,0
5007,2022,Uttarakhand,5,Chamoli,47,Chamoli,0,0,0,0,0,0,9,0,0,,0,0,0,0,19,0,0,0,4,0,1,0,8,0,0,0,7,0,0,0,0,0,0,0,0,4,4,5,0,0,0,0
5008,2022,Uttarakhand,5,Champawat,48,Champawat,0,1,0,0,0,0,4,2,0,,0,0,0,0,6,0,0,0,7,0,2,0,9,0,0,0,0,0,0,0,0,0,0,1,2,3,0,0,0,0,0,0
5009,2022,Uttarakhand,5,Dehradun,49,Dehradun,0,8,13,4,0,0,362,0,0,,0,0,0,0,201,1,0,0,184,0,13,0,153,0,9,0,7,0,3,0,0,0,0,0,75,108,57,3,4,0,0,0
5010,2022,Uttarakhand,5,Haridwar,50,Haridwar,0,20,0,0,1,0,201,77,0,,0,0,0,0,78,1,0,0,229,0,0,0,156,0,6,0,0,4,0,0,0,0,0,0,12,143,60,0,0,0,0,0
5011,2022,Uttarakhand,5,Nainital,51,Nainital,0,9,7,2,0,0,78,15,0,,4,0,0,0,115,0,0,0,103,8,0,0,81,0,0,42,0,0,0,0,0,0,0,0,3,73,42,0,0,0,0,0
5012,2022,Uttarakhand,5,Pauri Garhwal,52,Pauri Garhwal,0,1,2,0,0,0,23,4,0,,1,0,0,0,17,0,0,0,20,1,0,0,27,0,0,0,17,0,0,0,0,0,0,0,0,16,1,0,0,0,0,0
5013,2022,Uttarakhand,5,Pithoragarh,53,Pithoragarh,0,3,1,1,0,0,6,0,0,,0,0,0,0,36,0,0,0,17,0,0,0,32,0,1,0,1,0,0,0,0,0,0,8,1,14,2,0,3,0,0,0
5014,2022,Uttarakhand,5,Rudra Prayag,54,Rudra Prayag,0,0,0,0,0,0,0,6,0,,0,0,0,0,4,0,0,0,1,0,0,0,5,0,0,0,0,0,0,0,0,0,0,0,0,0,0,0,0,0,0,0
5015,2022,Uttarakhand,5,Tehri Garhwal,55,Tehri Garhwal,0,3,1,0,0,0,12,0,0,,0,0,0,0,8,0,0,0,15,0,2,0,11,0,0,0,6,0,0,0,0,0,0,1,0,9,0,0,0,0,0,0
5016,2022,Uttarakhand,5,Uttar Kashi,57,Uttarkashi,0,0,0,0,0,0,4,5,0,,0,0,0,0,8,0,0,0,13,0,0,0,5,0,0,0,0,0,0,0,0,0,0,0,0,14,0,0,0,0,0,0
5017,2022,Uttarakhand,5,Dehradun,49,Grp,0,0,0,0,0,0,0,0,0,,0,0,0,0,0,0,0,0,1,0,0,0,0,0,0,0,0,0,0,0,0,0,0,0,0,1,0,0,0,0,0,0
5018,2022,Uttarakhand,5,Dehradun,49,Cyber Cell,0,0,0,0,0,0,0,0,0,,0,0,0,0,0,0,0,0,0,0,0,0,0,0,0,0,0,0,0,0,0,0,0,0,0,0,0,0,0,0,0,0
5019,2022,West Bengal,19,Alipurduar,664,Alipurduar,2,10,15,0,0,0,313,119,0,,1,0,0,0,2,0,1,0,32,0,21,0,40,0,0,0,0,0,0,0,0,2,0,0,0,54,25,5,0,0,0,0
5020,2022,West Bengal,19,Paschim Bardhaman,704,Asansol-Durgapur Pc,0,15,17,0,0,0,257,46,0,,2,0,0,0,1,0,0,0,19,1,5,0,23,0,2,0,0,0,0,0,0,1,0,0,1,23,27,6,1,0,0,0
5021,2022,West Bengal,19,Bankura,305,Bankura,0,18,10,0,1,0,294,8,0,,0,0,0,0,75,0,0,0,17,11,14,0,67,0,37,0,0,0,0,0,0,0,0,2,0,31,10,4,0,0,0,0
5022,2022,West Bengal,19,North 24 Parganas,303,Barrackpur Pc,0,13,17,1,3,0,1352,50,1,,1,0,3,0,136,3,0,0,17,2,12,0,622,0,34,0,0,0,0,0,0,0,0,0,0,26,32,4,2,5,0,0
5023,2022,West Bengal,19,North 24 Parganas,303,Bidhannagar Pc,0,6,4,0,0,2,351,52,0,,0,0,0,0,3,0,0,0,13,5,4,0,72,0,3,0,0,0,0,0,0,1,0,0,0,18,16,7,0,0,0,0
5024,2022,West Bengal,19,Birbhum,307,Birbhum,0,8,16,0,3,1,371,76,0,,0,0,0,0,1,0,0,0,28,2,17,0,39,0,4,0,0,0,0,0,0,1,0,0,0,37,17,4,1,0,0,0
5025,2022,West Bengal,19,Cooch Behar,308,Coochbehar,0,19,18,9,0,0,582,12,1,,6,0,3,1,342,0,0,0,56,4,58,0,45,0,3,0,0,0,0,0,0,3,0,0,0,60,40,11,2,0,0,0
5026,2022,West Bengal,19,Dakshin Dinajpur,310,Dakshin Dinajpur,0,11,11,2,0,0,163,80,0,,0,0,0,0,113,0,0,0,21,0,16,0,20,0,2,0,0,0,0,0,0,0,0,0,0,26,4,4,0,1,0,0
5027,2022,West Bengal,19,Darjeeling,309,Darjeeling,0,0,3,0,0,0,141,81,0,,0,0,0,0,0,2,0,0,8,0,4,0,81,0,4,0,0,0,0,0,0,0,0,0,0,32,13,0,0,2,0,0
5028,2022,West Bengal,19,Hooghly,312,Hooghly Rural Police,1,22,25,0,0,0,588,125,0,,3,0,0,0,2,0,0,0,23,0,9,0,20,0,0,0,0,0,0,0,0,0,0,0,0,46,31,0,0,0,0,0
5029,2022,West Bengal,19,Howrah,313,Howrah Grp,0,0,1,0,0,0,0,0,0,,0,0,0,0,0,1,0,0,0,0,0,0,2,0,0,0,0,0,0,0,0,0,0,0,0,0,1,1,0,0,0,0
5030,2022,West Bengal,19,Howrah,313,Howrah Pc,0,8,16,0,0,0,563,67,0,,0,0,0,0,3,1,0,0,11,0,12,0,39,0,1,0,0,0,0,0,0,0,0,0,0,41,33,13,0,0,0,0
5031,2022,West Bengal,19,Howrah,313,Howrah Rural,0,10,11,0,1,0,471,152,0,,1,0,0,0,6,2,0,0,12,0,12,0,13,0,0,1,0,0,0,0,0,0,0,0,0,49,21,10,0,0,0,0
5032,2022,West Bengal,19,Jalpaiguri,314,Jalpaiguri,0,19,3,0,0,0,291,53,0,,1,0,0,0,93,1,0,0,28,0,21,0,23,0,0,0,0,0,0,0,0,0,0,0,0,81,13,6,2,0,0,0
5033,2022,West Bengal,19,Jhargram,703,Jhargram,0,3,2,0,0,0,96,46,0,,4,0,0,0,3,1,0,0,6,31,9,0,26,0,0,0,0,0,0,0,0,0,0,0,0,19,0,2,0,0,0,0
5034,2022,West Bengal,19,Paschim Medinipur,318,Kharagpur Grp,0,0,1,0,0,0,0,0,0,,0,0,0,0,0,0,0,0,0,0,0,0,4,0,0,0,0,0,0,0,0,0,0,0,0,0,0,0,0,0,0,0
5035,2022,West Bengal,19,Kolkata,315,Kolkata,0,4,16,0,2,1,860,278,0,,4,0,15,0,0,2,0,0,11,7,0,0,241,0,250,0,0,0,0,0,0,8,0,1,2,113,50,22,0,3,0,0
5036,2022,West Bengal,19,Malda,316,Malda,0,11,37,0,3,0,707,361,0,,0,0,0,0,7,0,0,0,187,0,97,0,113,0,0,0,0,0,0,0,0,2,0,0,0,177,73,18,0,0,0,0
5037,2022,West Bengal,19,Murshidabad,319,Murshidabad Police District,1,15,26,0,5,0,1394,424,0,,4,0,0,0,3,0,0,0,108,2,98,0,89,0,2,0,0,0,0,0,0,0,0,0,0,105,39,27,0,1,0,1
5038,2022,West Bengal,19,Paschim Medinipur,318,Paschim Medinipur,0,12,8,0,0,0,569,5,0,,0,0,0,0,297,0,0,0,29,0,11,0,144,0,3,0,0,0,0,0,0,1,0,0,0,13,46,15,2,1,0,0
5039,2022,West Bengal,19,Purba Medinipur,317,Purab Medinipur,1,25,13,2,2,0,847,345,1,,52,0,1,0,34,2,0,0,45,219,32,0,51,0,4,0,0,0,0,0,0,2,0,1,0,59,10,7,1,1,0,0
5040,2022,West Bengal,19,Purulia,321,Purulia,0,8,5,0,0,1,220,29,0,,1,0,0,0,0,0,0,0,10,0,7,0,34,0,0,0,0,0,0,0,0,0,0,0,0,32,4,3,0,0,0,0
5041,2022,West Bengal,19,Kolkata,315,Sealdah Grp,0,1,3,0,0,0,0,0,0,,0,0,0,0,3,0,0,0,0,0,0,0,15,0,0,0,0,0,0,0,0,0,0,0,0,0,0,0,0,0,0,0
5042,2022,West Bengal,19,Darjeeling,309,Siliguri Grp,0,1,2,0,0,0,0,3,0,,0,0,0,0,0,1,0,0,0,0,1,0,2,0,0,0,0,0,0,0,0,0,0,0,0,0,0,1,0,0,0,0
5043,2022,West Bengal,19,Darjeeling,309,Siliguri Pc,0,3,0,0,0,0,503,207,0,,0,0,1,0,0,0,0,0,11,0,13,0,83,0,19,0,0,0,0,0,0,10,0,0,0,42,11,14,0,0,0,0
5044,2022,West Bengal,19,South 24 Parganas,304,Baruipur Police,0,15,14,0,1,0,1339,377,0,,1,0,0,0,34,7,1,0,68,2,42,0,33,0,2,0,0,0,0,0,0,0,0,0,0,116,40,11,0,0,0,0
5045,2022,West Bengal,19,Hooghly,312,Chandannagar Pc,0,6,5,0,1,0,500,35,0,,0,0,0,0,4,0,0,0,9,1,7,0,20,0,0,0,0,0,0,0,0,0,0,0,0,24,16,4,0,0,0,0
5046,2022,West Bengal,19,South 24 Parganas,304,Diamond Harbour Police,0,15,4,0,0,0,692,78,0,,2,0,0,0,5,0,0,0,15,10,1,0,38,0,0,0,0,0,0,0,0,1,0,0,0,33,19,8,0,1,0,0
5047,2022,West Bengal,19,Kalimpong,702,Kalimpong,0,0,0,0,0,0,17,10,0,,0,0,0,0,0,1,0,0,4,0,2,0,20,0,0,0,0,0,0,0,0,0,0,0,0,10,5,1,0,0,0,0
5048,2022,West Bengal,19,Purba Bardhaman,306,Purba Bardhaman,0,13,37,0,3,0,1074,308,0,,2,0,0,0,22,0,0,0,31,19,45,0,134,0,6,0,0,0,0,0,0,2,0,1,0,63,41,6,0,0,0,0
5049,2022,West Bengal,19,South 24 Parganas,304,Sundarban Police,0,5,10,1,1,0,794,23,0,,0,0,0,0,180,3,0,0,28,6,12,0,61,0,8,0,0,0,0,0,0,2,0,1,0,71,24,4,0,0,0,0
5050,2022,West Bengal,19,North 24 Parganas,303,Barasat,0,12,23,0,1,0,754,123,1,,7,0,0,0,4,1,0,0,29,11,21,0,52,0,8,0,0,0,0,0,0,0,0,2,0,50,22,12,0,0,0,0
5051,2022,West Bengal,19,North 24 Parganas,303,Basirhat,0,17,0,0,0,0,597,380,0,,3,0,0,0,25,2,0,0,50,0,22,0,18,0,2,0,0,0,0,0,0,0,0,0,0,32,19,12,1,0,0,2
5052,2022,West Bengal,19,North 24 Parganas,303,Bangaon,0,13,4,0,1,0,609,109,1,,1,0,1,0,9,0,0,0,35,0,18,0,80,0,4,0,0,0,0,0,0,0,0,0,0,25,4,6,0,0,0,0
5053,2022,West Bengal,19,Uttar Dinajpur,311,Islampur,0,9,6,1,0,0,152,23,0,,0,0,0,0,45,0,0,0,22,0,12,0,7,0,0,1,0,0,0,0,0,2,0,1,0,24,2,0,0,1,0,0
5054,2022,West Bengal,19,Murshidabad,319,Jangipur Police District,0,10,0,0,0,0,608,39,0,,0,0,0,0,53,0,0,0,10,0,13,0,14,0,1,0,0,0,0,0,0,1,0,0,0,28,6,3,0,0,0,0
5055,2022,West Bengal,19,Nadia,320,Krishnagar,0,14,12,0,2,2,682,6,0,,14,0,2,0,125,0,0,0,72,25,84,0,41,0,0,0,0,0,0,0,0,0,0,0,0,25,16,3,0,0,0,0
5056,2022,West Bengal,19,Uttar Dinajpur,311,Raiganj,0,14,14,1,0,0,192,35,0,,0,0,0,0,86,1,0,0,27,0,30,0,13,0,0,0,0,0,0,0,0,0,0,0,0,38,9,1,0,2,0,0
5057,2022,West Bengal,19,Nadia,320,Ranaghat,0,21,1,0,1,0,707,14,1,,4,0,0,0,164,0,0,0,19,13,44,0,36,0,1,0,0,0,0,0,0,1,0,0,0,47,13,7,0,0,0,0
5058,2022,Andaman And Nicobar Islands,35,South Andamans,602,South Andaman,1,0,1,0,0,0,5,7,0,,0,0,0,0,0,0,0,0,10,0,0,0,27,0,3,0,0,0,0,0,0,0,0,3,0,43,11,4,3,0,0,0
5059,2022,Andaman And Nicobar Islands,35,Nicobars,603,Nicobar,0,0,0,0,0,0,0,0,0,,0,0,0,0,0,0,0,0,2,0,0,0,2,0,1,0,0,0,0,0,0,0,0,0,0,26,1,0,0,0,0,0
5060,2022,Chandigarh,4,Chandigarh,44,Chandigarh,0,1,4,0,0,0,83,96,0,,0,0,0,0,0,0,0,0,30,16,1,48,32,0,2,10,0,0,0,0,0,0,0,2,0,0,0,0,0,0,0,0
5061,2022,The Dadra And Nagar Haveli And Daman And Diu,38,Dadra And Nagar Haveli,465,Dadra And Nagar Haveli,2,1,0,0,0,0,3,0,0,,1,0,0,0,0,0,0,0,8,0,0,0,7,0,0,0,0,0,0,0,0,0,0,4,0,37,7,1,0,0,0,0
5062,2022,The Dadra And Nagar Haveli And Daman And Diu,38,Daman,463,Daman,0,0,0,0,0,0,6,32,0,,0,0,0,0,0,0,0,0,1,1,0,0,4,0,0,0,0,0,0,0,0,0,0,0,0,6,2,1,0,0,0,0
5063,2022,The Dadra And Nagar Haveli And Daman And Diu,38,Diu,464,Diu,0,0,0,0,0,0,1,0,0,,0,0,0,0,0,0,0,0,0,0,0,0,0,0,0,0,0,0,0,0,0,0,0,0,0,0,0,1,0,0,0,0
5064,2022,Delhi,7,Central,77,Central,0,3,2,0,0,0,156,127,0,,0,0,0,0,3,0,0,0,111,0,0,0,145,0,41,0,1,0,0,0,0,0,0,0,0,23,9,3,0,0,1,0
5065,2022,Delhi,7,North West,82,Crime Branch,0,0,0,0,0,0,0,0,0,,0,0,0,0,0,0,0,0,0,0,0,0,0,0,0,0,0,0,0,0,0,0,0,0,0,0,0,0,0,0,0,0
5066,2022,Delhi,7,East,78,East,0,9,3,0,2,0,351,202,0,,0,0,0,0,5,1,0,0,82,0,0,0,97,0,15,0,0,0,0,0,0,10,1,1,0,30,31,0,0,0,0,0
5067,2022,Delhi,7,New Delhi,79,Economic Offences Wing,0,0,0,0,0,0,0,0,0,,0,0,0,0,0,0,0,0,0,0,0,0,0,0,0,0,0,0,0,0,0,0,0,0,0,0,0,0,0,0,0,0
5068,2022,Delhi,7,New Delhi,79,Igi Airport,0,0,0,0,0,0,0,1,0,,0,0,0,0,0,0,0,0,4,0,0,0,4,0,4,0,0,0,0,0,0,1,0,0,0,2,0,0,0,0,0,0
5069,2022,Delhi,7,North West,82,Metro,0,0,0,0,0,0,1,3,0,,0,0,0,0,1,0,0,0,1,0,0,0,16,0,4,0,0,0,0,0,0,0,0,0,0,0,1,0,0,0,0,0
5070,2022,Delhi,7,New Delhi,79,New Delhi,0,0,0,0,0,0,20,18,0,,0,0,0,0,4,1,0,0,11,0,0,0,33,0,9,0,0,0,0,0,0,0,0,1,0,5,1,0,0,0,0,0
5071,2022,Delhi,7,North,80,North,0,6,1,0,1,0,282,171,0,,0,0,0,0,40,1,0,0,49,0,0,0,92,0,20,0,1,0,0,0,0,0,0,0,0,40,27,2,1,0,0,0
5072,2022,Delhi,7,North East,81,North-East,0,17,5,0,0,0,438,352,0,,0,0,0,0,18,1,0,0,76,0,1,0,129,1,6,0,0,0,0,0,0,0,0,1,0,68,42,1,0,0,0,0
5073,2022,Delhi,7,North West,82,North-West,0,9,0,0,0,0,243,210,0,,0,0,0,0,6,4,0,0,67,1,0,0,115,0,11,0,0,0,0,0,0,0,0,8,0,80,32,0,0,0,0,0
5074,2022,Delhi,7,North West,82,Outer,0,18,5,0,1,0,360,327,0,,1,0,0,0,6,2,0,0,65,1,0,0,115,0,26,0,2,0,0,0,0,0,0,13,0,75,35,2,0,0,0,0
5075,2022,Delhi,7,New Delhi,79,Railway,0,1,1,0,0,0,0,11,0,,0,0,0,0,0,1,0,0,1,0,0,0,5,0,2,0,0,0,0,0,0,0,0,0,0,4,0,0,0,0,0,0
5076,2022,Delhi,7,South,83,South,0,4,0,0,0,1,539,277,0,,0,0,0,0,11,2,0,0,94,0,0,0,156,0,12,0,5,0,0,2,3,1,0,12,0,74,54,2,0,0,4,0
5077,2022,Delhi,7,South East,670,South-East,0,10,3,0,0,1,354,341,0,,0,0,0,0,6,0,0,0,121,4,0,0,205,0,56,0,7,3,0,0,0,0,0,36,0,90,46,1,0,0,0,0
5078,2022,Delhi,7,South West,84,South-West,0,7,5,0,0,1,226,229,0,,0,0,0,0,2,0,0,0,84,0,0,0,116,0,36,0,0,0,0,0,0,0,0,0,0,52,29,2,0,0,1,0
5079,2022,Delhi,7,North West,82,Spl Cell,0,0,0,0,0,0,0,0,0,,0,0,0,0,0,0,0,0,0,0,0,0,7,0,4,0,0,0,0,0,0,0,0,0,0,0,0,0,0,0,0,0
5080,2022,Delhi,7,New Delhi,79,Spuwac,0,0,0,0,0,0,48,0,0,,0,0,0,0,0,0,0,0,0,0,0,0,0,0,0,0,0,0,0,0,0,0,0,0,0,0,0,0,0,0,0,0
5081,2022,Delhi,7,New Delhi,79,Vigilance,0,0,0,0,0,0,0,0,0,,0,0,0,0,0,0,0,0,0,0,0,0,0,0,0,0,0,0,0,0,0,0,0,0,0,0,0,0,0,0,0,0
5082,2022,Delhi,7,West,85,West,0,6,3,1,0,0,392,244,0,,0,0,0,0,3,4,0,0,76,0,0,0,116,0,18,0,0,4,0,0,0,0,0,9,2,50,28,1,0,0,0,0
5083,2022,Delhi,7,North West,82,Rohini,0,15,5,0,0,0,440,270,0,,0,0,0,0,7,1,0,0,82,0,0,0,135,0,26,0,0,0,0,0,0,0,0,5,0,79,44,0,0,0,0,0
5084,2022,Delhi,7,Shahdara,671,Shahdara,0,3,1,0,0,0,356,172,0,,0,0,0,0,6,1,0,0,67,0,0,0,137,0,29,0,1,0,0,0,0,0,1,6,3,33,33,1,0,0,0,0
5085,2022,Delhi,7,South West,84,Dwarka,0,12,5,0,1,0,418,312,0,,0,0,0,0,12,1,0,0,145,0,2,0,270,0,45,0,1,0,0,2,0,0,1,22,2,93,58,9,0,0,0,0
5086,2022,Delhi,7,New Delhi,79,Outer North,0,11,4,0,0,0,277,506,0,,0,0,0,0,7,0,0,0,76,0,0,0,124,0,23,0,0,0,0,0,0,0,0,4,0,92,41,1,0,0,1,0
5087,2022,Jammu And Kashmir,1,Anantnag,1,Anantnag,0,0,1,0,0,0,7,27,0,,26,0,0,0,0,0,0,0,19,0,0,0,123,0,0,0,15,0,0,0,0,0,0,0,2,10,2,0,0,0,0,0
5088,2022,Jammu And Kashmir,1,Pulwama,11,Awantipora,0,0,0,0,0,0,7,0,0,,20,0,0,0,0,0,0,0,2,6,0,0,60,0,0,0,0,0,0,0,0,0,0,0,0,3,0,0,0,0,0,0
5089,2022,Jammu And Kashmir,1,Bandipora,623,Bandipora,0,0,0,0,0,0,11,0,1,,25,0,0,0,0,0,0,0,5,0,0,0,31,0,0,0,0,0,0,0,0,0,0,1,0,6,3,0,0,0,0,0
5090,2022,Jammu And Kashmir,1,Baramulla,3,Baramulla,0,0,1,0,0,0,24,26,0,,27,0,0,0,0,0,0,0,10,0,0,0,87,0,0,0,0,0,0,0,0,0,0,0,0,8,0,0,0,0,0,0
5091,2022,Jammu And Kashmir,1,Budgam,2,Budgam,0,0,2,0,0,0,17,0,0,,63,0,0,0,0,0,0,0,14,0,0,0,161,0,0,0,0,0,0,0,0,0,0,0,0,22,0,0,0,0,0,0
5092,2022,Jammu And Kashmir,1,Doda,4,Doda,0,0,0,0,0,0,49,21,0,,0,0,0,0,0,0,0,0,12,0,0,0,20,0,0,0,0,0,0,0,0,0,0,0,0,6,0,0,0,0,0,0
5093,2022,Jammu And Kashmir,1,Ganderbal,626,Ganderbal,0,1,1,0,0,1,23,0,0,,15,0,0,0,1,0,0,0,9,10,0,0,83,0,9,0,1,0,0,0,0,0,0,0,0,8,2,1,0,1,0,0
5094,2022,Jammu And Kashmir,1,Kupwara,8,Handwara,0,0,2,0,0,0,11,17,0,,12,0,0,0,0,0,0,0,0,0,2,0,36,0,0,0,0,0,0,0,0,0,0,0,0,3,0,0,0,0,0,0
5095,2022,Jammu And Kashmir,1,Jammu,5,Jammu,0,4,17,0,0,0,60,0,0,,0,0,0,0,118,2,0,0,57,0,0,0,116,0,10,0,0,0,0,0,0,0,0,0,0,28,6,1,12,0,0,0
5096,2022,Jammu And Kashmir,1,Kathua,7,Kathua,0,1,3,2,0,0,13,30,0,,6,0,0,0,0,0,0,0,15,0,1,0,12,0,0,0,0,0,0,0,0,0,0,0,0,8,1,0,0,0,0,0
5097,2022,Jammu And Kashmir,1,Kishtwar,620,Kishtwar,0,0,0,0,0,0,6,8,0,,11,0,0,0,0,0,0,0,4,0,0,0,7,0,0,0,0,0,0,0,0,0,0,0,0,3,2,1,0,0,0,0
5098,2022,Jammu And Kashmir,1,Kulgam,622,Kulgam,0,0,0,0,0,0,4,0,0,,41,0,0,0,0,0,0,0,10,0,0,0,135,0,0,0,0,0,0,0,0,0,0,0,0,6,4,0,0,0,0,0
5099,2022,Jammu And Kashmir,1,Kupwara,8,Kupwara,0,0,0,0,0,0,38,0,0,,28,0,0,0,0,0,0,0,9,13,0,0,47,0,0,0,0,0,0,0,0,0,0,0,0,10,0,0,0,0,0,0
5100,2022,Jammu And Kashmir,1,Poonch,10,Poonch,0,0,0,0,0,0,25,13,0,,29,0,0,0,0,0,0,0,22,0,0,0,30,0,0,0,0,0,0,0,0,0,0,1,0,11,1,1,0,0,0,0
5101,2022,Jammu And Kashmir,1,Pulwama,11,Pulwama,0,0,4,0,0,0,4,0,0,,24,0,0,0,0,0,0,0,4,0,0,0,67,0,0,0,0,0,0,0,0,0,0,0,0,10,3,0,0,0,0,0
5102,2022,Jammu And Kashmir,1,Jammu,5,Railways Jammu,0,0,0,0,0,0,0,0,0,,0,0,0,0,0,0,0,0,0,0,0,0,0,0,0,0,0,0,0,0,0,0,0,0,0,0,0,0,0,0,0,0
5103,2022,Jammu And Kashmir,1,Jammu,5,Railways Kashmir,0,0,0,0,0,0,0,0,0,,0,0,0,0,0,0,0,0,0,0,0,0,0,0,0,0,0,0,0,0,0,0,0,0,0,1,0,0,0,0,0,0
5104,2022,Jammu And Kashmir,1,Reasi,627,Railways Katra,0,0,0,0,0,0,0,0,0,,0,0,0,0,0,0,0,0,1,0,0,0,0,0,0,0,0,0,0,0,0,0,0,0,0,0,0,0,0,0,0,0
5105,2022,Jammu And Kashmir,1,Rajouri,12,Rajouri,0,0,4,0,0,0,58,27,0,,25,0,1,0,0,0,0,0,34,0,3,0,138,0,0,0,0,0,0,0,0,0,0,1,0,12,3,0,0,0,0,0
5106,2022,Jammu And Kashmir,1,Ramban,621,Ramban,0,0,1,0,0,0,11,13,0,,2,0,0,0,0,0,0,0,4,0,0,0,24,0,0,0,0,0,0,0,0,0,0,0,0,5,4,0,0,0,0,0
5107,2022,Jammu And Kashmir,1,Reasi,627,Reasi,0,0,2,2,0,0,5,0,0,,10,0,0,0,0,0,0,0,17,0,0,0,29,0,0,0,0,0,0,0,0,0,0,0,0,17,3,0,0,0,0,0
5108,2022,Jammu And Kashmir,1,Samba,624,Samba,0,2,1,0,0,0,8,0,0,,2,0,0,0,0,0,0,0,13,0,0,0,6,0,0,0,0,0,0,0,0,0,0,0,0,12,2,0,0,0,0,0
5109,2022,Jammu And Kashmir,1,Shopian,625,Shopian,0,0,0,0,0,0,7,26,0,,0,0,0,0,0,0,0,0,1,0,0,0,39,0,0,0,0,0,0,0,0,0,0,0,0,9,0,0,0,0,0,0
5110,2022,Jammu And Kashmir,1,Baramulla,3,Sopore,0,0,0,0,0,0,8,8,0,,11,0,0,0,0,0,0,0,2,0,1,0,85,0,0,0,0,0,0,0,0,0,0,0,0,11,0,0,0,0,0,0
5111,2022,Jammu And Kashmir,1,Srinagar,13,Srinagar,0,1,1,0,2,0,70,63,0,,46,0,0,0,0,0,0,0,12,0,2,0,227,0,0,0,1,0,0,0,0,0,0,0,0,17,1,0,3,0,0,0
5112,2022,Jammu And Kashmir,1,Udhampur,14,Udhampur,0,0,2,0,0,0,34,24,0,,10,0,0,0,0,0,0,0,11,0,2,0,43,0,0,0,0,0,0,0,0,0,0,0,0,10,2,0,0,7,0,0
5113,2022,Jammu And Kashmir,1,Jammu,5,Cyber Crime Jammu,0,0,0,0,0,0,0,0,0,,0,0,0,0,0,0,0,0,0,0,0,0,0,0,0,0,0,0,0,0,0,0,0,8,0,0,0,0,0,0,0,0
5114,2022,Jammu And Kashmir,1,Jammu,5,Cyber Crime Kashmir,0,0,0,0,0,0,0,0,0,,0,0,0,0,0,0,0,0,0,0,0,0,0,0,0,0,0,0,0,0,0,0,0,14,0,0,0,0,0,0,0,0
5115,2022,Jammu And Kashmir,1,Jammu,5,Anti Narcotic Task Force Jammu,0,0,0,0,0,0,0,0,0,,0,0,0,0,0,0,0,0,0,0,0,0,0,0,0,0,0,0,0,0,0,0,0,0,0,0,0,0,0,0,0,0
5116,2022,Jammu And Kashmir,1,Jammu,5,Cice Jammu,0,0,0,0,0,0,0,0,0,,0,0,0,0,0,0,0,0,0,0,0,0,0,0,0,0,0,0,0,0,0,0,0,0,0,0,0,0,0,0,0,0
5117,2022,Ladakh,37,Kargil,6,Kargil,0,0,0,0,0,0,1,2,0,,0,0,0,0,0,0,0,0,2,0,0,0,0,0,0,0,0,0,0,0,0,0,0,0,0,0,2,0,0,0,0,0
5118,2022,Ladakh,37,Leh Ladakh,9,Leh,0,0,0,0,0,0,1,0,0,,0,0,0,0,0,0,0,0,2,2,0,1,1,0,1,0,0,0,0,0,0,0,0,0,0,0,0,0,0,0,0,0
5119,2022,Lakshadweep,31,Lakshadweep District,553,Lakshadweep,0,0,0,0,0,0,3,0,0,,0,0,0,0,0,0,0,0,4,0,0,0,1,0,0,0,0,0,0,0,0,0,0,0,0,5,2,1,0,0,0,0
5120,2022,Puducherry,34,Karaikal,598,Karaikal,0,0,0,0,0,0,0,0,0,,0,0,0,0,0,0,0,0,0,0,0,0,0,0,0,0,0,0,0,0,0,0,0,0,0,0,0,0,0,0,0,0
5121,2022,Puducherry,34,Pondicherry,600,Puducherry,0,1,6,0,0,0,9,14,0,,0,0,0,0,0,0,0,0,9,0,0,0,35,0,5,0,7,0,0,0,0,7,0,5,0,61,32,8,0,1,0,0
5122,2017,Arunachal Pradesh,12,East Siang,232,Siang East,0,0,1,0,0,0,11,1,0,0,3,0,6,0,2,0,0,0,2,5,6,0,9,0,0,0,0,0,0,0,0,0,0,0,0,0,0,0,0,0,0,0
5123,2017,Arunachal Pradesh,12,Upper Siang,240,Siang Upper,0,0,0,0,0,0,0,0,0,0,3,0,0,0,0,0,0,0,0,1,0,0,1,0,0,0,0,0,0,0,0,0,0,0,0,0,0,0,0,0,0,0
5124,2017,Arunachal Pradesh,12,West Siang,243,Siang West,0,0,0,0,0,0,1,2,0,0,0,1,0,0,1,0,0,0,2,4,0,0,1,4,0,0,0,0,0,0,0,0,0,0,0,0,0,0,0,0,0,0
5125,2017,Bihar,10,Kaimur (Bhabua),200,Bhabhua,0,23,0,0,0,0,72,12,5,0,17,0,0,0,34,0,0,0,10,0,2,0,0,0,0,0,0,0,0,0,0,0,0,0,0,18,19,0,0,0,0,0
5126,2017,Bihar,10,Purnia,214,Purnea,0,19,0,0,0,0,41,0,0,0,86,97,0,0,0,0,0,0,16,0,0,0,0,0,0,0,47,0,0,0,0,0,39,0,0,14,10,0,0,0,0,0
5127,2017,Chhattisgarh,22,Baloda Bazar,644,Balodbazar,0,3,11,1,0,0,20,0,0,0,0,83,0,0,0,0,0,0,31,59,0,0,70,30,9,5,0,0,0,0,0,0,0,0,0,59,19,10,0,10,0,0
5128,2017,Gujarat,24,Ahmadabad,438,W.Rly Ahmedabad,0,0,2,0,0,0,0,0,0,0,0,0,0,0,0,0,0,0,2,0,0,0,1,0,0,0,0,0,0,0,0,0,0,0,0,0,0,1,0,0,0,0
5129,2017,Gujarat,24,Vadodara,461,W.Rly Vadodara,0,0,0,0,0,0,1,0,0,0,0,0,0,0,0,0,0,0,1,0,0,0,6,1,1,0,0,0,0,0,0,0,0,0,0,0,0,0,0,0,0,0
5130,2017,Haryana,6,Nuh,604,Mewat,0,15,4,0,0,0,126,0,0,0,29,6,0,0,5,0,0,0,52,2,2,0,60,3,1,0,1,0,0,0,0,0,0,0,0,62,17,2,0,0,0,0
5131,2017,Haryana,6,Gurugram,62,Irrigation Andpower,0,0,0,0,0,0,0,0,0,0,0,0,0,0,0,0,0,0,0,0,0,0,0,0,0,0,0,0,0,0,0,0,0,0,0,0,0,0,0,0,0,0
5132,2017,Himachal Pradesh,2,Lahul And Spiti,21,Lahaul Andspiti,0,0,1,0,0,0,0,1,0,0,0,0,0,0,0,0,0,0,0,1,0,0,1,0,0,0,0,0,0,0,0,0,0,0,0,0,1,0,0,0,0,0
5133,2017,Jammu And Kashmir,1,Kargil,6,Kargil,0,0,0,0,0,0,0,0,0,0,1,0,0,0,0,0,0,0,0,0,0,0,0,0,0,0,0,0,0,0,0,0,0,0,0,0,0,0,0,0,0,0
5134,2017,Jammu And Kashmir,1,Leh Ladakh,9,Leh,0,0,0,0,0,0,0,0,0,0,0,0,0,0,5,0,0,0,2,0,1,0,2,0,0,0,0,0,0,0,0,0,0,0,0,0,0,0,0,0,0,0
5135,2017,Meghalaya,17,North Garo Hills,656,Garo Hills North,0,0,0,0,0,0,0,0,0,0,0,0,0,0,0,0,0,0,3,0,0,0,2,0,0,0,0,0,0,0,0,0,0,0,0,4,8,0,0,1,0,0
5136,2017,Odisha,21,Cuttack,350,Cid Cyber Crime,0,0,0,0,0,0,0,0,0,0,0,0,0,0,0,0,0,0,0,0,0,0,0,0,0,0,0,0,0,0,0,0,0,0,0,0,0,0,0,0,0,0
5137,2017,Punjab,3,Ferozepur,31,Ferozepur,0,2,1,1,0,0,20,0,0,0,8,27,0,0,0,0,0,0,46,0,0,3,38,8,0,0,0,0,0,0,0,0,0,0,0,18,5,0,0,0,0,0
5138,2017,Punjab,3,S.A.S Nagar,608,Sas Nagar,0,2,6,0,0,0,88,1,0,0,6,71,0,0,0,1,0,0,27,1,3,2,35,2,0,0,0,0,0,0,0,0,0,0,2,18,2,0,0,0,0,0
5139,2017,Punjab,3,Shahid Bhagat Singh Nagar,40,Sbs Nagar,0,0,8,0,0,0,54,0,0,0,6,8,0,0,0,0,0,0,6,0,0,1,11,0,0,0,0,0,0,0,0,2,0,0,0,12,0,0,0,0,0,0
5140,2017,Telangana,36,Jagitial,681,Jagityal,0,9,9,0,0,0,142,9,0,0,1,0,0,0,0,0,0,0,8,0,1,0,93,0,0,0,0,0,0,0,0,0,0,0,0,19,35,0,0,0,0,0
5141,2017,Uttar Pradesh,9,Farrukhabad,141,Fatehgarh,3,42,8,0,1,0,205,21,0,0,147,0,0,0,0,1,0,0,10,16,1,0,9,41,0,0,0,0,0,0,0,0,0,0,0,0,0,0,0,0,0,0
5142,2017,Uttar Pradesh,9,Gautam Buddha Nagar,144,Gautambudh Nagar,2,29,4,0,1,0,233,34,4,0,181,22,0,0,0,0,0,0,50,6,11,2,156,25,10,0,0,0,0,0,0,0,0,0,0,0,4,3,0,0,0,0
5143,2017,Uttar Pradesh,9,Almora,45,Almora,0,2,0,0,0,0,0,0,0,0,1,0,0,0,16,0,0,0,6,4,0,0,3,0,0,0,0,0,0,0,0,0,0,0,0,0,0,0,0,0,0,0
5144,2017,Uttar Pradesh,9,Bageshwar,46,Bageshwar,0,2,0,0,0,0,0,0,0,0,1,0,0,0,16,0,0,0,6,4,0,0,0,3,0,0,0,0,0,0,0,0,0,0,0,0,0,0,0,0,0,0
5145,2017,Uttar Pradesh,9,Chamoli,47,Chamoli,0,2,2,0,0,0,0,3,0,0,0,0,0,0,0,0,0,0,4,0,0,0,2,0,0,0,2,0,0,0,0,0,0,0,0,2,0,0,0,0,0,0
5146,2017,Uttar Pradesh,9,Champawat,48,Champawat,0,2,1,0,0,0,3,2,0,0,1,0,0,0,11,0,0,0,2,10,0,1,5,2,0,0,0,0,0,0,1,0,0,0,0,0,0,0,0,0,0,0
5147,2017,Uttar Pradesh,9,Dehradun,49,Dehradun,0,13,2,0,0,0,137,0,0,1,29,6,30,0,6,2,0,0,57,30,1,1,45,15,1,0,0,0,0,4,0,0,0,0,18,0,0,0,0,0,0,0
5148,2017,Uttar Pradesh,9,Haridwar,50,Haridwar,1,16,3,0,2,0,105,108,0,0,0,0,0,0,0,0,0,0,53,65,6,1,165,0,0,0,0,0,0,0,0,0,0,0,0,70,0,0,0,0,0,0
5149,2017,Uttar Pradesh,9,Nainital,51,Nainital,0,7,6,0,0,0,40,9,0,0,2,0,1,0,60,0,0,0,16,31,0,0,58,22,3,0,1,0,0,0,0,0,0,0,0,0,0,0,0,0,0,0
5150,2017,Uttar Pradesh,9,Pauri Garhwal,52,Pauri Garhwal,0,1,2,0,0,0,13,0,0,0,0,0,0,0,18,0,0,0,4,6,0,0,4,0,0,0,2,0,0,0,0,0,0,0,0,7,4,0,0,0,0,0
5151,2017,Uttar Pradesh,9,Pithoragarh,53,Pithoragarh,0,1,0,0,1,0,4,0,0,0,0,0,1,0,0,1,0,0,4,0,0,0,1,0,0,0,0,0,0,1,0,0,0,0,0,3,0,0,0,0,0,0
5152,2017,Uttar Pradesh,9,Rudra Prayag,54,Rudra Prayag,0,1,0,0,0,0,0,0,0,0,0,0,0,0,0,0,0,0,1,0,0,0,1,0,0,0,0,0,0,0,0,0,0,0,0,2,0,0,0,0,0,0
5153,2017,Uttar Pradesh,9,Tehri Garhwal,55,Tehri Garhwal,0,2,1,0,0,0,2,0,0,0,0,0,0,0,12,0,0,0,9,0,9,0,2,0,0,0,0,0,0,0,0,0,0,0,0,7,0,0,0,0,0,0
5154,2017,Uttar Pradesh,9,Udam Singh Nagar,56,Udhamsingh Nagar,0,11,3,0,0,0,84,20,0,0,0,0,0,0,0,0,0,0,55,0,0,0,101,0,0,0,45,0,0,0,0,0,0,0,0,82,0,0,0,0,0,0
5155,2017,Uttar Pradesh,9,Uttar Kashi,57,Uttarkashi,0,0,0,0,0,0,6,4,0,0,1,0,2,0,7,0,0,0,7,0,0,0,3,0,0,0,0,0,0,0,0,0,0,2,0,7,0,0,0,0,0,0
5156,2017,Andaman And Nicobar Islands,35,North And Middle Andaman,632,North Andmiddle Andaman,0,0,0,0,0,0,3,0,0,0,0,0,0,0,0,0,0,0,5,0,0,0,14,0,5,0,0,0,0,0,0,0,0,0,0,23,3,0,0,0,0,0
5157,2017,Lakshadweep,31,Pondicherry,600,Karaikal,0,1,2,0,0,0,3,2,0,0,0,0,0,0,0,0,0,0,2,0,0,0,11,0,1,0,0,0,0,0,0,0,0,0,0,7,2,1,0,0,0,0
5158,2017,Lakshadweep,31,Pondicherry,600,Puducherry,4,1,3,0,0,0,2,7,0,0,0,0,0,0,0,0,0,0,5,0,3,0,22,0,3,0,10,0,0,0,0,0,0,0,0,34,6,15,0,0,0,0
5159,2018,Andhra Pradesh,28,Anantapur,502,Anantapur,0,11,34,0,0,0,241,4,0,0,5,1,16,0,0,1,0,0,21,15,10,27,212,1,24,29,1,6,0,0,0,0,0,0,3,0,4,1,0,0,0,0
5160,2018,Andhra Pradesh,28,Chittoor,503,Chittoor,0,8,28,0,0,0,205,1,0,0,1,0,0,0,0,1,0,0,15,3,0,16,162,3,6,8,0,0,0,0,0,0,0,1,0,6,3,3,0,0,0,0
5161,2018,Andhra Pradesh,28,Y.S.R.,504,Cuddapah,2,4,30,0,0,1,274,0,0,2,8,0,9,0,1,2,0,0,12,4,3,19,140,1,69,2,21,0,0,0,0,0,0,0,1,10,0,0,0,0,0,0
5162,2018,Andhra Pradesh,28,East Godavari,505,East Godavari,0,7,20,2,0,0,471,25,0,0,0,3,1,0,0,0,0,0,50,1,17,46,411,3,37,11,0,1,0,0,0,8,0,0,0,17,0,3,0,0,0,0
5163,2018,Andhra Pradesh,28,Anantapur,502,Guntakal Railway,0,1,0,0,0,0,1,0,0,0,0,0,0,0,0,0,0,0,0,0,0,1,3,0,2,0,0,0,0,0,0,0,0,0,0,1,0,0,0,0,0,0
5164,2018,Andhra Pradesh,28,Guntur,506,Guntur,1,10,29,0,0,0,748,71,0,0,2,4,12,0,0,0,0,0,31,6,11,71,313,8,214,55,0,0,0,0,0,11,0,0,9,0,0,0,0,0,0,0
5165,2018,Andhra Pradesh,28,Guntur,506,Guntur Urban,0,10,17,1,0,0,567,47,0,0,0,1,1,0,3,2,0,0,20,2,3,35,189,2,25,29,0,0,0,0,0,28,0,1,0,0,1,2,0,0,0,0
5166,2018,Andhra Pradesh,28,Krishna,510,Krishna,0,7,14,0,1,1,702,80,0,0,4,2,0,0,15,0,0,0,39,6,14,43,287,8,145,51,0,0,0,0,0,7,0,0,0,0,0,0,0,0,0,0
5167,2018,Andhra Pradesh,28,Kurnool,511,Kurnool,0,15,66,2,1,0,178,9,0,10,4,0,15,0,1,0,0,0,7,0,6,0,339,1,412,0,298,0,0,0,0,34,0,0,0,17,20,0,0,0,0,0
5168,2018,Andhra Pradesh,28,Spsr Nellore,515,Nellore,0,4,25,0,0,0,418,0,0,0,5,11,0,0,3,0,0,0,18,1,19,50,298,2,30,18,0,0,0,0,0,8,0,0,0,0,0,0,0,0,0,0
5169,2018,Andhra Pradesh,28,Ntr,749,Vijayawada Railway,0,0,6,0,0,0,1,2,0,0,0,0,0,0,0,0,0,0,0,0,0,0,9,0,5,1,0,0,0,0,0,0,0,0,0,0,0,0,0,0,0,0
5170,2018,Andhra Pradesh,28,Visakhapatanam,520,Visakha Rural,0,5,8,0,0,0,106,18,0,0,0,0,0,0,0,0,0,0,22,0,0,17,148,0,2,9,0,0,0,0,0,0,0,0,0,0,0,0,0,0,0,0
5171,2018,Arunachal Pradesh,12,East Siang,232,Siang East,0,0,1,0,0,0,1,10,0,0,0,0,2,0,3,0,0,0,2,5,0,8,19,0,0,1,0,0,0,0,0,0,0,0,0,0,0,0,0,0,0,0
5172,2018,Arunachal Pradesh,12,Upper Siang,240,Siang Upper,0,0,0,0,0,0,0,0,0,0,0,0,0,0,0,0,0,0,3,0,0,2,3,0,0,0,0,0,0,0,0,0,0,0,0,3,0,0,0,0,0,0
5173,2018,Arunachal Pradesh,12,West Siang,243,Siang West,0,0,0,0,0,0,1,0,0,0,3,0,4,0,0,0,0,0,5,1,2,5,5,1,3,0,0,0,0,0,0,0,0,0,0,0,0,0,0,0,0,0
5174,2018,Bihar,10,Kaimur (Bhabua),200,Bhabhua,0,17,0,0,0,0,29,4,0,0,49,0,0,0,0,0,0,0,4,24,3,0,0,0,0,0,58,0,0,0,0,0,0,0,0,10,34,10,0,0,0,0
5175,2018,Bihar,10,Purnia,214,Purnea,0,26,0,0,0,0,23,0,0,1,56,0,0,0,4,0,0,0,15,7,0,0,3,0,0,0,27,3,0,0,0,0,0,0,0,55,14,0,76,0,0,0
5176,2018,Chhattisgarh,22,Baloda Bazar,644,Balodbazar,0,6,15,0,0,0,38,71,0,0,0,0,0,0,0,0,0,0,37,6,1,64,66,1,5,35,0,0,0,0,0,0,0,0,0,62,26,4,0,9,0,0
5177,2018,Gujarat,24,Ahmadabad,438,W.Rly Ahmedabad,0,0,0,0,0,0,2,1,0,0,0,0,0,0,0,0,0,0,1,1,0,0,6,0,1,0,0,0,0,0,0,0,0,0,0,2,0,0,0,0,0,0
5178,2018,Gujarat,24,Vadodara,461,W.Rly Vadodara,0,0,1,0,0,0,0,3,0,0,0,0,0,0,0,0,0,0,0,0,0,0,8,0,0,1,0,0,0,0,0,0,0,0,0,1,0,1,0,0,0,0
5179,2018,Haryana,6,Nuh,604,Mewat,0,18,1,0,0,0,148,0,0,0,14,0,36,0,16,1,0,0,66,0,8,0,83,0,1,6,0,1,0,0,0,0,0,0,2,45,27,7,0,1,0,0
5180,2018,Haryana,6,Gurugram,62,Irrigation Andpower,0,0,0,0,0,0,0,0,0,0,0,0,0,0,0,0,0,0,0,0,0,0,0,0,0,0,0,0,0,0,0,0,0,0,0,0,0,0,0,0,0,0
5181,2018,Himachal Pradesh,2,Lahul And Spiti,21,Lahaul Andspiti,0,0,1,0,0,0,0,1,0,0,1,0,0,0,0,0,0,0,0,0,0,0,0,0,0,0,0,0,0,0,0,0,0,0,0,0,0,0,0,0,0,0
5182,2018,Jammu And Kashmir,1,Kargil,6,Kargil,0,0,0,0,0,0,0,0,0,0,1,0,0,0,0,0,0,0,0,0,0,0,0,1,0,0,0,0,0,0,0,0,0,0,0,0,0,0,0,0,0,0
5183,2018,Jammu And Kashmir,1,Leh Ladakh,9,Leh,0,0,0,0,0,0,0,0,0,0,0,0,0,0,0,0,0,0,4,0,1,0,2,0,0,0,0,0,0,0,0,0,0,0,0,0,0,0,0,0,0,0
5184,2018,Meghalaya,17,North Garo Hills,656,Garo Hills North,0,0,0,0,0,0,1,3,0,1,3,0,3,0,0,0,0,0,0,0,0,0,7,0,2,0,0,0,0,0,0,0,0,0,0,9,7,0,0,0,0,0
5185,2018,Odisha,21,Cuttack,350,Cid Cyber Crime,0,0,0,0,0,0,0,0,0,0,0,0,0,0,0,1,0,0,1,0,0,0,2,0,0,0,0,0,0,0,0,0,0,0,0,0,0,0,0,0,0,0
5186,2018,Punjab,3,Ferozepur,31,Ferozepur,0,1,0,0,0,0,29,0,0,0,24,0,0,0,0,0,0,0,35,18,0,0,26,1,0,0,0,0,0,0,0,0,0,0,0,19,7,0,0,0,0,0
5187,2018,Punjab,3,S.A.S Nagar,608,Sas Nagar,0,2,14,0,0,0,89,0,0,0,30,0,0,0,0,0,0,0,43,51,0,0,35,0,0,0,0,0,0,0,0,0,0,1,0,23,9,0,0,0,0,0
5188,2018,Punjab,3,Shahid Bhagat Singh Nagar,40,Sbs Nagar,0,0,4,0,0,0,32,0,0,0,2,0,0,0,0,0,0,0,8,18,0,19,5,3,0,5,0,0,0,0,0,0,0,3,0,0,0,0,0,0,0,1
5189,2018,Telangana,36,Jagitial,681,Jagityal,0,7,13,0,0,0,108,11,0,0,0,0,0,0,0,2,0,0,24,0,2,0,102,0,4,18,0,5,0,0,0,0,0,0,0,10,0,0,0,0,0,0
5190,2018,Uttar Pradesh,9,Farrukhabad,141,Fatehgarh,1,41,4,0,2,0,379,0,0,0,101,0,0,0,0,0,0,0,11,89,33,7,17,17,0,17,0,0,0,0,0,0,0,0,0,15,57,0,0,0,0,0
5191,2018,Uttar Pradesh,9,Gautam Buddha Nagar,144,Gautambudh Nagar,0,38,4,0,0,0,297,15,0,0,158,0,0,0,0,0,0,0,56,67,9,7,181,3,4,16,0,0,0,0,0,0,0,0,0,2,4,0,0,0,0,0
5192,2018,Uttarakhand,5,Udam Singh Nagar,56,Udhamsingh Nagar,0,11,0,0,0,0,102,0,0,0,0,0,0,0,79,0,0,0,109,0,0,51,113,0,1,27,102,0,0,0,0,0,0,0,0,132,0,0,0,0,4,0
5193,2018,Andaman And Nicobar Islands,35,North And Middle Andaman,632,North Andmiddle Andaman,0,0,1,1,0,0,3,0,0,0,0,0,0,0,0,0,0,0,8,2,0,2,9,0,1,0,0,0,0,0,0,0,0,0,0,19,2,1,0,0,0,0
5194,2019,Arunachal Pradesh,12,East Siang,232,Siang East,0,0,0,0,0,0,5,10,0,,3,0,0,0,0,0,0,0,1,1,0,5,14,0,0,1,0,0,0,0,0,0,0,0,0,0,0,0,0,0,0,0
5195,2019,Arunachal Pradesh,12,Upper Siang,240,Siang Upper,0,0,0,0,0,0,0,0,0,,0,0,0,0,0,0,0,0,0,0,0,0,0,0,0,0,0,0,0,0,0,0,0,0,0,2,0,0,0,0,0,0
5196,2019,Arunachal Pradesh,12,West Siang,243,Siang West,0,0,0,0,0,0,5,3,0,,0,0,1,0,0,0,0,0,3,0,0,6,5,0,0,2,0,0,0,0,0,0,0,0,0,0,1,0,1,0,0,0
5197,2019,Arunachal Pradesh,12,Pakke Kessang,723,Pakkessang,0,0,0,0,0,0,0,0,0,,0,0,1,0,0,0,0,0,0,0,0,0,0,0,0,0,0,0,0,0,0,0,0,0,0,0,0,0,0,0,0,0
5198,2019,Bihar,10,Kaimur (Bhabua),200,Bhabhua,0,23,0,0,1,0,25,9,0,,39,0,0,0,16,0,0,0,10,70,0,0,0,0,0,0,59,0,0,0,0,0,0,0,0,18,8,0,0,0,0,0
5199,2019,Bihar,10,Purnia,214,Purnea,0,26,0,0,0,0,44,0,1,,66,0,0,0,0,0,0,0,38,159,0,0,11,0,0,0,41,0,0,0,0,0,0,0,0,48,6,0,0,0,0,0
5200,2019,Chhattisgarh,22,Baloda Bazar,644,Balodbazar,0,9,14,0,0,0,46,98,0,,0,0,0,0,4,0,0,0,41,3,1,0,85,0,3,0,0,0,0,0,0,0,0,2,0,82,42,6,0,13,0,0
5201,2019,Gujarat,24,Ahmadabad,438,W.Rly Ahmedabad,0,0,1,0,0,0,1,5,0,,0,0,0,0,1,0,0,0,0,0,0,0,1,0,0,0,0,0,0,0,0,0,0,0,0,1,1,0,0,0,0,0
5202,2019,Gujarat,24,Vadodara,461,W.Rly Vadodara,0,0,1,0,0,0,0,2,0,,0,0,0,0,1,0,0,0,0,1,0,0,8,0,0,0,0,0,0,0,0,0,0,0,0,4,1,1,0,0,0,0
5203,2019,Haryana,6,Gurugram,62,Irrigation Andpower,0,0,0,0,0,0,0,0,0,,0,0,0,0,0,0,0,0,0,0,0,0,0,0,0,0,0,0,0,0,0,0,0,0,0,0,0,0,0,0,0,0
5204,2019,Himachal Pradesh,2,Lahul And Spiti,21,Lahaul Andspiti,0,0,0,0,0,0,1,0,0,,0,0,0,0,0,0,0,0,0,0,0,0,1,0,0,0,0,0,0,0,0,0,0,0,0,0,0,0,0,0,0,0
5205,2019,Jammu And Kashmir,1,Kargil,6,Kargil,0,0,0,0,0,0,0,0,0,,1,0,0,0,0,0,0,0,0,0,1,0,0,0,0,0,0,0,0,0,0,0,0,0,0,0,0,0,0,0,0,0
5206,2019,Jammu And Kashmir,1,Leh Ladakh,9,Leh,0,0,0,0,0,0,1,0,0,,0,0,0,0,0,0,0,0,2,0,0,0,7,0,0,0,0,0,0,0,0,0,0,0,0,0,0,0,0,0,0,0
5207,2019,Meghalaya,17,North Garo Hills,656,Garo Hills North,1,0,0,0,0,0,1,3,0,,2,0,0,0,1,0,0,0,3,0,0,0,6,0,0,0,0,0,0,0,0,0,0,0,0,7,3,0,0,0,0,0
5208,2019,Odisha,21,Cuttack,350,Cid Cyber Crime,0,0,0,0,0,0,0,0,0,,0,0,0,0,0,0,0,0,0,0,0,0,7,0,0,0,0,0,0,0,0,0,0,16,0,0,0,0,0,0,0,0
5209,2019,Punjab,3,Ferozepur,31,Ferozepur,0,2,0,0,1,0,24,0,0,,42,0,0,0,0,0,0,0,33,8,0,0,28,3,0,0,0,0,0,0,0,0,0,0,0,12,6,0,0,0,0,0
5210,2019,Punjab,3,S.A.S Nagar,608,Sas Nagar,0,4,13,0,0,0,86,0,0,,15,0,0,0,0,0,0,0,46,102,7,0,33,0,0,0,0,0,0,0,0,0,0,1,3,31,9,1,0,0,2,1
5211,2019,Punjab,3,Shahid Bhagat Singh Nagar,40,Sbs Nagar,0,0,6,0,0,0,35,0,0,,3,0,0,0,0,0,0,0,13,15,0,16,10,1,0,1,0,0,0,0,0,0,0,0,0,0,0,0,0,0,0,0
5212,2019,Telangana,36,Jagitial,681,Jagityal,0,4,10,0,0,0,159,15,0,,0,0,0,0,0,0,0,0,7,4,0,0,74,0,0,0,0,0,0,0,0,0,0,0,0,22,13,0,0,0,0,0
5213,2019,Uttar Pradesh,9,Farrukhabad,141,Fatehgarh,2,21,0,0,1,0,153,0,0,,61,0,0,0,0,0,0,0,35,66,0,0,24,3,0,29,0,0,0,0,0,0,0,0,0,23,54,0,0,0,0,0
5214,2019,Uttar Pradesh,9,Gautam Buddha Nagar,144,Gautambudh Nagar,0,28,0,0,1,0,285,16,10,,132,0,0,0,0,0,0,0,88,60,4,11,159,2,5,32,0,0,0,0,0,0,0,0,0,86,38,2,0,1,0,0
5215,2019,Uttarakhand,5,Udam Singh Nagar,56,Udhamsingh Nagar,0,16,2,0,0,0,178,0,0,,0,0,0,0,70,0,0,0,123,0,0,0,104,0,0,0,25,0,0,0,0,2,0,0,0,76,26,0,0,0,0,0
5216,2019,Andaman And Nicobar Islands,35,North And Middle Andaman,632,North Andmiddle Andaman,0,0,0,0,0,0,0,0,0,,0,0,0,0,0,0,0,0,1,0,0,1,6,0,0,0,0,0,0,0,0,0,0,0,0,29,0,3,0,0,0,0
5217,2020,Arunachal Pradesh,12,East Siang,232,Siang East,0,0,1,0,0,0,9,1,0,,1,0,0,0,0,0,0,0,2,0,0,7,12,0,0,0,0,0,0,0,0,0,0,0,0,0,0,0,0,0,0,0
5218,2020,Arunachal Pradesh,12,Upper Siang,240,Siang Upper,0,0,0,0,0,0,0,0,0,,0,0,0,0,0,0,0,0,0,0,1,0,0,0,0,0,0,0,0,0,0,0,0,0,0,1,0,0,0,0,0,0
5219,2020,Arunachal Pradesh,12,West Siang,243,Siang West,0,0,0,0,0,0,3,2,0,,1,0,0,0,0,0,0,0,2,0,1,1,4,0,0,2,0,0,0,0,0,0,0,0,0,0,0,0,1,0,0,0
5220,2020,Arunachal Pradesh,12,Pakke Kessang,723,Pakkessang,0,0,0,0,0,0,0,0,0,,0,0,0,0,0,0,0,0,1,0,0,0,0,0,0,0,0,0,0,0,0,0,0,0,0,0,0,0,0,0,0,0
5221,2020,Bihar,10,Kaimur (Bhabua),200,Bhabhua,0,13,0,0,0,0,19,3,0,,38,0,0,0,5,0,0,0,13,36,0,0,11,0,0,18,34,0,0,0,0,0,0,0,0,16,13,0,0,0,0,0
5222,2020,Bihar,10,Purnia,214,Purnea,0,19,0,0,0,0,53,0,0,,76,0,0,0,13,0,0,0,40,82,0,0,7,0,0,0,41,0,0,0,0,0,0,0,0,44,13,0,0,0,0,0
5223,2020,Chhattisgarh,22,Baloda Bazar,644,Balodbazar,0,1,7,0,0,0,33,90,0,,1,0,0,0,0,0,0,0,32,6,1,0,85,0,6,0,0,0,0,0,0,0,0,2,0,63,24,1,0,6,0,0
5224,2020,Gujarat,24,Ahmadabad,438,W.Rly Ahmedabad,0,0,1,0,0,0,0,0,0,,0,0,0,0,0,0,0,0,0,0,0,0,3,0,0,0,0,0,0,0,0,0,0,0,0,1,0,0,0,0,0,0
5225,2020,Gujarat,24,Vadodara,461,W.Rly Vadodara,0,0,0,0,0,0,0,0,0,,0,0,0,0,0,0,0,0,2,0,0,0,1,0,0,0,0,0,0,0,0,0,0,0,0,2,0,0,0,0,0,0
5226,2020,Haryana,6,Gurugram,62,Irrigation Andpower,0,0,0,0,0,0,0,0,0,,0,0,0,0,0,0,0,0,0,0,0,0,0,0,0,0,0,0,0,0,0,0,0,0,0,0,0,0,0,0,0,0
5227,2020,Himachal Pradesh,2,Lahul And Spiti,21,Lahaul Andspiti,0,0,0,0,0,0,0,0,0,,0,0,0,0,0,0,0,0,2,0,0,0,0,0,0,0,0,0,0,0,0,0,0,0,0,0,0,0,0,0,0,0
5228,2020,Meghalaya,17,North Garo Hills,656,Garo Hills North,0,0,0,0,0,0,1,0,0,,0,0,0,0,0,0,0,0,3,0,0,0,2,0,0,0,0,0,0,0,0,0,0,0,0,5,1,1,0,0,0,0
5229,2020,Odisha,21,Cuttack,350,Cid Cyber Crime,0,0,0,0,0,0,0,0,0,,0,0,0,0,0,0,0,0,0,0,0,0,14,0,0,0,0,0,0,0,0,0,0,13,5,0,3,0,0,0,0,0
5230,2020,Punjab,3,Ferozepur,31,Ferozepur,0,3,0,0,0,0,21,0,0,,27,0,0,0,0,0,0,0,16,6,0,0,21,2,0,0,0,0,0,0,0,0,0,0,0,19,6,0,0,0,0,0
5231,2020,Punjab,3,S.A.S Nagar,608,Sas Nagar,0,8,0,0,0,0,77,0,0,,0,0,0,0,0,0,0,0,25,81,4,0,27,0,0,0,0,0,0,0,0,0,0,0,0,43,10,0,0,1,1,0
5232,2020,Punjab,3,Shahid Bhagat Singh Nagar,40,Sbs Nagar,0,1,4,0,0,0,44,0,0,,1,0,0,0,0,0,0,0,8,19,0,0,23,1,0,0,0,1,0,0,0,0,0,0,0,18,1,0,0,0,0,0
5233,2020,Telangana,36,Jagitial,681,Jagityal,1,4,8,0,1,0,122,0,0,,11,0,0,0,0,0,0,0,24,2,10,0,97,0,5,0,0,0,0,0,0,0,0,1,0,17,36,0,0,0,0,0
5234,2020,Uttar Pradesh,9,Farrukhabad,141,Fatehgarh,0,39,5,0,0,0,130,0,0,,34,0,0,0,0,0,0,0,29,35,0,0,21,2,0,0,0,0,0,0,0,0,0,0,0,27,44,0,0,0,0,0
5235,2020,Uttar Pradesh,9,Gautam Buddha Nagar,144,Gautambudh Nagar,1,37,0,0,0,0,246,16,2,,176,0,0,0,0,0,0,0,44,13,0,0,144,2,0,0,0,0,0,0,0,0,0,0,0,56,37,1,0,0,0,0
5236,2020,Uttarakhand,5,Udam Singh Nagar,56,Udhamsingh Nagar,0,20,0,0,0,0,272,0,0,,0,0,0,0,67,0,0,0,160,0,0,0,128,0,4,0,0,0,0,0,0,2,0,0,0,100,49,0,0,0,0,0
5237,2020,Andaman And Nicobar Islands,35,North And Middle Andaman,632,North Andmiddle Andaman,0,0,0,0,0,0,0,0,0,,0,0,0,0,0,0,0,0,1,0,0,0,3,0,1,0,0,0,0,0,0,0,0,1,0,42,4,0,1,0,0,0
5238,2021,Arunachal Pradesh,12,East Siang,232,Siang East,0,0,0,0,0,0,3,6,0,,0,0,0,0,0,0,0,0,0,0,0,7,4,0,0,1,0,0,0,0,0,0,0,0,0,0,2,0,0,0,0,0
5239,2021,Arunachal Pradesh,12,Upper Siang,240,Siang Upper,0,0,0,0,0,0,0,0,0,,0,0,0,0,0,0,0,0,1,0,0,0,2,0,0,0,0,0,0,0,0,0,0,0,0,3,0,0,0,0,0,0
5240,2021,Arunachal Pradesh,12,West Siang,243,Siang West,0,0,0,0,0,0,0,0,0,,0,0,1,0,0,0,0,0,3,1,1,0,8,0,0,0,0,0,0,0,0,0,0,0,0,0,0,0,0,0,0,0
5241,2021,Arunachal Pradesh,12,Pakke Kessang,723,Pakkessang,0,0,0,0,0,0,2,0,0,,0,0,0,0,0,0,0,0,0,0,0,0,4,1,0,0,0,0,0,0,0,0,0,0,0,1,0,0,0,0,0,0
5242,2021,Bihar,10,Purnia,214,Purnea,0,22,0,0,0,0,86,42,0,,122,0,0,0,38,0,0,0,53,106,0,0,4,0,0,0,54,0,0,0,0,0,0,0,0,40,25,0,0,0,0,0
5243,2021,Chhattisgarh,22,Baloda Bazar,644,Balodbazar,1,3,5,0,0,0,24,113,0,,1,2,0,0,0,0,0,0,33,1,2,0,72,0,6,0,0,0,0,0,0,0,0,0,0,67,27,7,0,22,1,0
5244,2021,Gujarat,24,Ahmadabad,438,W.Rly Ahmedabad,0,0,0,0,0,0,1,0,0,,0,0,0,0,0,0,0,0,0,1,0,0,2,0,0,0,0,0,0,0,0,0,0,0,0,0,2,0,0,0,0,0
5245,2021,Gujarat,24,Vadodara,461,W.Rly Vadodara,0,0,1,0,0,0,1,0,0,,0,0,0,0,0,0,0,0,1,1,0,0,2,0,0,0,0,0,0,0,0,0,0,0,0,0,1,0,0,0,0,0
5246,2021,Haryana,6,Gurugram,62,Irrigation Andpower,0,0,0,0,0,0,0,0,0,,0,0,0,0,0,0,0,0,0,0,0,0,0,0,0,0,0,0,0,0,0,0,0,0,0,0,0,0,0,0,0,0
5247,2021,Himachal Pradesh,2,Lahul And Spiti,21,Lahaul Andspiti,0,0,0,0,0,0,1,0,0,,0,0,0,0,0,0,0,0,0,0,0,1,0,0,1,0,0,0,0,0,0,0,0,0,0,0,1,0,0,0,0,0
5248,2021,Meghalaya,17,North Garo Hills,656,Garo Hills North,0,0,0,1,0,0,3,0,0,,0,0,0,0,0,0,0,0,1,0,0,0,1,0,0,0,0,0,0,0,0,0,0,2,0,7,1,0,0,0,0,0
5249,2021,Odisha,21,Cuttack,350,Cid Cyber Crime,0,0,0,0,0,0,0,0,0,,0,0,0,0,0,0,0,0,0,0,0,0,6,0,0,0,0,0,0,0,0,0,0,8,6,0,1,0,0,0,0,0
5250,2021,Punjab,3,Ferozepur,31,Ferozepur,0,2,0,0,0,0,39,0,0,,13,0,0,0,0,0,0,0,22,31,0,0,19,2,1,0,0,0,0,0,0,0,0,0,0,13,3,0,0,0,0,0
5251,2021,Punjab,3,S.A.S Nagar,608,Sas Nagar,0,4,0,0,0,0,118,0,0,,10,0,0,0,0,0,0,0,33,201,2,0,23,0,0,0,1,0,0,0,0,0,0,0,0,44,4,2,0,0,0,0
5252,2021,Punjab,3,Shahid Bhagat Singh Nagar,40,Sbs Nagar,0,2,6,0,0,0,78,0,0,,0,0,7,0,0,0,0,0,8,15,0,0,14,0,1,0,0,0,0,0,0,0,0,0,4,9,0,0,0,0,0,0
5253,2021,Telangana,36,Jagitial,681,Jagityal,0,6,4,0,0,0,317,27,0,,3,0,4,0,0,2,0,0,24,10,0,0,173,0,2,0,0,0,0,0,0,0,0,3,0,27,22,0,0,0,0,0
5254,2021,Uttar Pradesh,9,Farrukhabad,141,Fatehgarh,1,26,0,0,0,0,157,51,0,,30,0,0,0,0,0,0,0,21,27,0,9,32,0,0,0,0,0,0,0,0,0,0,0,0,18,44,1,0,0,0,0
5255,2021,Uttar Pradesh,9,Gautam Buddha Nagar,144,Gautambudh Nagar,1,45,0,0,0,0,257,91,3,,252,0,0,0,0,0,0,0,46,15,3,0,112,0,0,0,0,0,0,0,0,0,0,0,0,50,4,2,0,1,0,0
5256,2021,Uttarakhand,5,Udam Singh Nagar,56,Udhamsingh Nagar,0,23,8,0,1,0,212,0,0,,0,0,0,0,88,0,1,0,222,0,0,0,179,0,0,0,18,0,0,0,0,11,0,6,0,217,0,0,0,0,0,0
5257,2021,Andaman And Nicobar Islands,35,North And Middle Andaman,632,North Andmiddle Andaman,0,0,1,0,0,0,0,0,0,,0,0,0,0,0,0,0,0,3,0,0,0,11,0,2,0,0,0,0,0,0,0,0,0,0,28,1,0,0,0,0,0
5258,2022,Andhra Pradesh,28,Alluri Sitharama Raju,745,Alluri Sitharama Raju,1,2,2,0,0,0,58,0,0,,0,0,0,0,0,0,0,0,34,0,0,0,20,0,7,0,0,0,0,0,0,0,0,1,0,13,0,0,0,0,0,0
5259,2022,Andhra Pradesh,28,Anakapalli,744,Anakapalli,0,5,4,0,0,0,276,24,0,,0,0,0,0,0,1,0,0,37,0,6,0,244,1,51,0,0,1,0,0,0,0,0,0,0,32,26,0,0,0,0,0
5260,2022,Andhra Pradesh,28,Anantapur,502,Anantapuramu,0,2,19,0,0,0,343,0,0,,3,0,14,0,0,2,0,0,12,4,12,0,174,0,50,0,0,1,0,0,0,0,0,7,1,34,4,27,0,0,0,0
5261,2022,Andhra Pradesh,28,Annamayya,753,Annamayya,0,2,6,0,0,0,362,0,0,,1,0,1,0,0,0,0,0,11,0,1,0,126,3,47,0,13,0,0,0,0,0,0,1,0,27,5,5,0,0,0,0
5262,2022,Andhra Pradesh,28,Bapatla,750,Bapatla,0,3,9,0,0,0,447,3,0,,0,0,1,0,0,0,0,0,22,2,1,0,187,1,129,0,1,2,0,0,0,0,0,0,0,32,14,8,2,0,0,0
5263,2022,Andhra Pradesh,28,Konaseema,747,Dr Br Ambedkar Konaseema,0,3,4,1,0,1,386,20,0,,1,0,0,0,0,0,0,0,23,1,4,0,318,3,58,0,0,0,0,0,0,0,0,1,0,38,35,12,0,0,0,0
5264,2022,Andhra Pradesh,28,Eluru,748,Eluru,0,8,16,0,0,0,653,36,0,,2,0,1,0,6,3,0,0,28,0,14,0,409,0,152,0,0,0,0,0,0,0,0,11,1,53,15,92,0,1,0,0
5265,2022,Andhra Pradesh,28,Kakinada,746,Kakinada,0,3,8,0,0,0,416,13,0,,0,0,0,0,0,0,0,0,16,16,3,0,213,2,100,0,0,0,0,0,0,0,0,10,0,28,19,1,0,0,0,0
5266,2022,Andhra Pradesh,28,Nandyal,755,Nandyal,0,2,27,0,1,0,151,11,0,,6,0,0,0,0,0,0,0,8,7,5,0,137,0,226,0,282,0,0,0,0,1,0,0,0,27,11,25,0,0,0,0
5267,2022,Andhra Pradesh,28,Ntr,749,Ntr,0,3,17,0,0,0,1204,41,0,,0,0,18,0,1,0,0,0,51,0,5,0,408,3,167,0,0,27,0,2,0,3,0,4,0,152,62,198,0,0,0,0
5268,2022,Andhra Pradesh,28,Palnadu,751,Palnadu,2,3,17,2,1,0,398,27,0,,0,0,4,0,1,0,0,0,9,3,6,0,177,3,157,0,1,0,0,0,0,2,0,1,1,22,27,4,0,0,0,0
5269,2022,Andhra Pradesh,28,Parvathipuram Manyam,743,Parvathipuram Manyam,0,2,4,0,0,0,98,0,0,,0,0,0,0,0,0,0,0,21,23,0,0,70,0,37,0,0,0,0,0,0,0,0,0,0,16,6,0,0,0,0,0
5270,2022,Andhra Pradesh,28,Spsr Nellore,515,Sri Potti Sriramulu Nellore,1,2,22,0,0,0,582,0,0,,2,0,2,0,0,0,0,0,17,1,14,0,283,3,175,0,0,0,0,0,0,0,0,0,0,44,30,7,0,0,1,0
5271,2022,Andhra Pradesh,28,Sri Sathya Sai,754,Sri Sathya Sai,2,7,18,0,0,0,260,0,0,,2,0,2,0,0,1,0,0,7,0,13,0,225,0,36,0,0,0,0,0,0,0,0,4,0,27,14,0,0,0,0,0
5272,2022,Andhra Pradesh,28,Tirupati,752,Tirupati,0,3,11,0,1,1,394,3,0,,2,0,3,0,0,0,0,0,17,3,9,0,231,0,7,0,1,0,0,0,0,0,0,1,1,22,28,0,0,0,0,0
5273,2022,Andhra Pradesh,28,Y.S.R.,504,Ysr,1,7,15,0,0,0,346,1,0,,1,0,2,0,2,0,0,0,14,4,5,0,176,4,137,0,0,0,0,0,0,0,0,3,0,34,20,20,0,0,0,1
5274,2022,Arunachal Pradesh,12,East Siang,232,Siang East,0,0,0,0,0,0,0,0,0,,2,0,0,0,3,0,0,0,1,0,0,5,8,0,1,0,0,0,0,0,0,0,0,0,0,0,4,0,0,0,0,0
5275,2022,Arunachal Pradesh,12,Upper Siang,240,Siang Upper,0,0,0,0,0,0,1,0,0,,0,0,0,0,0,0,0,0,0,0,0,0,0,0,2,0,0,0,0,0,0,0,0,0,0,2,1,1,0,0,0,0
5276,2022,Arunachal Pradesh,12,West Siang,243,Siang West,0,0,0,0,0,0,3,2,0,,0,0,0,0,0,1,0,0,5,0,0,3,9,1,0,0,0,0,0,0,0,0,1,0,0,0,0,0,0,0,0,0
5277,2022,Arunachal Pradesh,12,Pakke Kessang,723,Pakkessang,0,0,0,0,0,0,0,0,0,,0,0,0,0,0,0,0,0,0,0,0,0,3,0,0,0,0,0,0,0,0,0,0,0,0,1,0,0,0,0,0,0
5278,2022,Assam,18,Bajali,739,Bajali,0,1,2,0,0,0,29,0,0,,4,0,0,0,21,1,0,0,4,0,1,0,19,0,0,0,0,0,0,0,0,0,0,0,8,2,1,0,0,0,0,0
5279,2022,Assam,18,Tamulpur,756,Tamulpur,0,0,0,0,0,0,19,0,0,,0,0,21,0,4,1,0,0,8,0,0,0,13,0,0,0,0,0,0,0,0,0,0,0,0,10,4,0,0,0,0,0
5280,2022,Bihar,10,Purnia,214,Purnea,0,18,0,0,0,0,45,50,0,,162,0,0,0,0,0,0,0,79,153,0,0,12,0,0,0,101,5,0,0,0,0,0,0,0,12,45,0,0,0,0,0
5281,2022,Chhattisgarh,22,Baloda Bazar,644,Balodbazar,0,4,2,0,0,0,27,104,0,,0,0,0,0,0,0,0,0,21,1,2,0,63,0,12,0,0,0,0,0,0,0,0,0,0,98,28,2,0,7,0,0
5282,2022,Chhattisgarh,22,Khairgarh Chhuikhadan Gandai,759,Khairagarh - Chhuikhadan-Gandai,0,3,1,0,0,0,7,44,0,,0,0,0,0,0,0,0,0,9,0,0,0,14,0,5,0,0,0,0,0,0,0,0,4,0,21,1,0,0,0,0,0
5283,2022,Chhattisgarh,22,Manendragarh Chirimiri Bharatpur,760,Manendragarh-Chirmiri-Bharatpur,0,1,4,0,0,0,14,34,0,,0,0,0,0,0,0,0,0,35,0,0,0,39,0,3,0,0,0,0,0,0,0,0,0,0,88,19,0,0,0,0,0
5284,2022,Chhattisgarh,22,Mohla Manpur Ambagarh Chouki,761,Mohla-Manpur-Ambagarh Chouki,1,0,2,0,0,0,3,33,0,,0,0,0,0,0,0,0,0,9,0,0,0,6,0,0,0,1,0,0,0,0,0,0,2,0,12,1,0,0,0,0,0
5285,2022,Chhattisgarh,22,Sakti,762,Sakti,0,2,13,0,0,0,38,68,0,,0,0,0,0,0,0,0,0,30,4,0,0,37,0,7,0,0,0,0,0,0,0,0,7,0,37,29,2,0,0,0,0
5286,2022,Chhattisgarh,22,Sarangarh Bilaigarh,763,Sarangarh-Bilaigarh,0,0,6,0,0,0,29,55,0,,0,1,0,0,0,0,0,0,26,0,0,0,38,0,8,0,0,0,0,0,0,0,0,0,0,36,13,0,0,0,0,0
5287,2022,Gujarat,24,Ahmadabad,438,W.Rly Ahmedabad,0,0,0,0,0,0,0,0,0,,0,0,0,0,0,0,0,0,0,0,0,0,2,0,0,0,0,0,0,0,0,0,0,0,0,2,0,0,0,0,0,0
5288,2022,Gujarat,24,Vadodara,461,W.Rly Vadodara,0,0,0,0,0,0,0,0,0,,0,0,0,0,0,0,0,0,0,1,0,0,4,0,0,0,0,0,0,0,0,0,0,1,0,4,0,0,0,0,0,0
5289,2022,Haryana,6,Gurugram,62,Irrigation Andpower,0,0,0,0,0,0,0,0,0,,0,0,0,0,0,0,0,0,0,0,0,0,0,0,0,0,0,0,0,0,0,0,0,0,0,0,0,0,0,0,0,0
5290,2022,Himachal Pradesh,2,Lahul And Spiti,21,Lahaul Andspiti,0,0,0,0,0,0,0,0,0,,0,0,0,0,0,0,0,0,1,0,0,0,1,0,1,0,0,0,0,0,0,0,0,0,0,0,0,0,0,0,0,0
5291,2022,Karnataka,29,Vijayanagar,738,Vijayanagara,1,1,1,0,0,0,57,14,0,,0,0,0,0,0,0,0,0,7,2,0,0,81,0,1,0,30,0,0,0,0,0,0,0,0,48,12,2,0,0,0,0
5292,2022,Madhya Pradesh,23,Bhopal,396,Bhopal Commissionarate,0,16,19,0,1,0,684,386,0,,4,0,2,0,3,0,0,0,248,5,3,0,361,0,20,0,7,0,0,0,0,0,0,0,0,151,57,11,8,1,0,0
5293,2022,Madhya Pradesh,23,Narmadapuram,409,Narmadapuram,1,9,8,0,0,0,190,124,0,,1,0,0,0,0,0,0,0,43,9,1,0,81,0,7,0,2,0,0,0,0,0,0,0,0,64,49,1,0,0,0,0
5294,2022,Madhya Pradesh,23,Indore,410,Indore Commissionarate,1,11,34,1,1,0,532,478,0,,3,0,0,0,3,5,0,0,174,20,2,0,219,0,20,0,1,0,0,0,0,9,0,5,1,197,90,1,0,0,0,0
5295,2022,Madhya Pradesh,23,Bhopal,396,Bhopal Rural,0,7,3,0,0,0,56,51,0,,0,0,0,0,0,0,0,0,17,0,0,0,34,0,2,0,0,0,0,0,0,0,0,0,0,42,17,1,0,0,0,0
5296,2022,Madhya Pradesh,23,Indore,410,Indore Rural,0,10,19,0,0,0,96,100,0,,1,0,1,0,0,0,0,0,26,11,0,0,86,0,1,0,0,0,0,0,0,0,0,0,0,49,36,0,0,0,0,0
5297,2022,Meghalaya,17,North Garo Hills,656,Garo Hills North,0,0,0,0,0,0,0,0,0,,1,0,0,0,6,0,0,0,3,0,0,0,0,0,0,0,0,0,0,0,0,0,0,2,1,6,3,1,1,0,0,0
5298,2022,Meghalaya,17,Eastern West Khasi Hills,740,Eastern West Khasi Hills,0,0,0,0,0,0,0,0,0,,0,0,0,0,0,0,0,0,3,0,0,0,1,0,0,0,0,0,0,0,0,0,0,1,0,9,2,0,0,0,0,0
5299,2022,Odisha,21,Cuttack,350,Cid Cyber Crime,0,0,0,0,0,0,0,0,0,,0,0,0,0,0,0,0,0,0,0,0,0,0,0,0,0,0,0,0,0,0,0,0,0,0,0,0,0,0,0,0,0
5300,2022,Punjab,3,Ferozepur,31,Ferozepur,0,1,4,0,0,0,25,0,0,,15,0,0,0,0,0,0,0,16,37,1,0,21,1,0,0,0,0,0,0,0,0,0,0,0,13,4,0,0,0,0,0
5301,2022,Punjab,3,S.A.S Nagar,608,Sas Nagar,0,0,22,0,0,0,130,0,0,,4,0,0,0,0,0,0,0,52,127,7,0,26,0,0,0,0,0,0,0,0,0,0,0,0,33,10,0,0,0,0,0
5302,2022,Punjab,3,Shahid Bhagat Singh Nagar,40,Sbs Nagar,0,0,4,0,0,0,45,0,0,,1,0,0,0,0,0,0,0,4,25,1,0,10,1,0,0,0,0,0,0,0,0,0,0,0,12,2,0,0,0,0,0
5303,2022,Sikkim,11,Gangtok,225,Gangtok (East),0,0,0,0,0,0,1,22,0,,0,0,0,0,0,0,0,0,4,0,1,0,8,0,2,0,0,0,0,0,0,0,0,1,0,26,5,0,0,0,0,0
5304,2022,Sikkim,11,Mangan,226,Mangan (North),0,0,0,0,0,0,0,2,0,,0,0,0,0,0,0,0,0,1,0,0,0,0,0,0,0,0,0,0,0,0,0,0,0,0,4,4,1,0,0,0,0
5305,2022,Sikkim,11,Namchi,227,Namchi (South),0,0,0,0,0,0,1,5,0,,0,0,1,0,0,0,0,0,5,0,0,0,6,0,0,0,0,0,0,0,0,0,0,0,0,15,9,0,0,0,0,0
5306,2022,Sikkim,11,Soreng,742,Soreng (West),0,0,0,0,0,0,0,0,0,,0,0,0,0,1,0,0,0,0,0,0,0,1,0,0,0,0,0,0,0,0,0,0,0,0,6,6,0,0,0,0,0
5307,2022,Sikkim,11,Pakyong,741,Pakyong (East),0,0,0,0,0,0,0,0,0,,0,0,0,0,1,0,0,0,2,0,0,0,6,0,0,0,0,0,0,0,0,0,0,0,0,11,1,1,0,0,0,0
5308,2022,Sikkim,11,Gyalshing,228,Gyalshing (West),0,0,0,0,0,0,0,2,0,,0,0,0,0,0,0,0,0,1,0,0,0,2,0,0,0,0,0,0,0,0,0,0,0,0,11,3,0,0,0,0,0
5309,2022,Tamil Nadu,33,Thiruvallur,589,Avadi,0,3,13,0,0,0,18,1,0,,1,2,2,0,0,0,0,0,10,0,0,0,7,0,1,1,15,6,0,0,0,0,0,11,0,85,35,15,1,0,0,0
5310,2022,Tamil Nadu,33,Chengalpattu,730,Tambaram,0,0,7,1,0,0,22,0,0,,0,0,0,0,0,0,0,0,17,0,0,0,6,0,2,0,1,0,0,0,0,0,0,0,0,46,21,4,0,0,0,0
5311,2022,Telangana,36,Jagitial,681,Jagityal,0,4,10,0,0,0,262,25,0,,1,0,0,0,0,2,0,0,9,6,0,0,177,2,0,0,0,1,0,0,0,0,0,0,0,26,22,0,0,0,0,0
5312,2022,Uttar Pradesh,9,Farrukhabad,141,Fatehgarh,0,17,0,0,1,0,153,85,0,,50,0,0,0,0,0,0,0,15,34,8,23,38,0,0,0,0,0,0,0,0,0,0,0,0,23,56,0,0,0,0,0
5313,2022,Uttar Pradesh,9,Gautam Buddha Nagar,144,Gautambudh Nagar,0,32,0,0,1,0,293,181,9,,209,0,0,0,0,0,0,0,29,29,2,0,79,0,2,0,0,0,0,0,0,0,0,0,0,53,20,1,0,0,0,0
5314,2022,Uttarakhand,5,Udam Singh Nagar,56,Udhamsingh Nagar,0,24,0,0,0,0,246,15,0,,0,0,0,0,64,0,0,0,247,0,0,0,154,0,0,0,0,1,0,0,0,0,0,11,0,230,0,0,0,0,0,0
5315,2022,Andaman And Nicobar Islands,35,North And Middle Andaman,632,North Andmiddle Andaman,0,0,3,0,0,0,0,1,0,,0,0,0,0,0,0,0,0,0,0,1,0,3,0,1,0,0,0,0,0,0,0,0,0,0,12,7,0,0,0,0,0
5316,2022,Jammu And Kashmir,1,Jammu,5,Special Crime Wing Jammu,0,0,0,0,0,0,0,0,0,,0,0,0,0,0,0,0,0,0,0,0,0,0,0,0,0,0,0,0,0,0,0,0,0,0,0,0,0,0,0,0,0
5317,2022,Jammu And Kashmir,1,Jammu,5,Special Crime Wing Kashmir,0,0,0,0,0,0,0,0,0,,0,0,0,0,0,0,0,0,0,0,0,0,0,0,0,0,0,0,0,0,0,0,0,0,0,0,0,0,0,0,0,0
5318,2022,Jammu And Kashmir,1,Srinagar,13,Anti Narcotic Task Force Kashmir,0,0,0,0,0,0,0,0,0,,0,0,0,0,0,0,0,0,0,0,0,0,0,0,0,0,0,0,0,0,0,0,0,0,0,0,0,0,0,0,0,0
5319,2022,Jammu And Kashmir,1,Jammu,5,Eow Jammu,0,0,0,0,0,0,0,0,0,,0,0,0,0,0,0,0,0,0,0,0,0,0,0,0,0,0,0,0,0,0,0,0,0,0,1,0,0,0,0,0,0
5320,2022,Jammu And Kashmir,1,Srinagar,13,Eow Kashmir,0,0,0,0,0,0,0,0,0,,0,0,0,0,0,0,0,0,0,0,0,0,0,0,0,0,0,0,0,0,0,0,0,0,0,0,0,0,0,0,0,0
5321,2022,Jammu And Kashmir,1,Jammu,5,Cice Kashmir,0,0,0,0,0,0,0,0,0,,0,0,0,0,0,0,0,0,0,0,0,0,0,0,0,0,0,0,0,0,0,0,0,0,0,0,0,0,0,0,0,0
